time slot,edge_cpu,iot_cpu
1,0.08,0.09
2,0.1,0.1
3,0.08,0.1
4,0.1,0.1
5,0.09,0.09
6,0.09,0.1
7,0.17,0.09
8,0.09,0.1
9,0.08,0.09
10,0.08,0.1
11,0.08,0.09
12,0.08,0.1
13,0.08,0.1
14,0.09,0.1
15,0.08,0.1
16,0.09,0.1
17,0.08,0.1
18,0.1,0.1
19,0.08,0.1
20,0.08,0.09
21,0.08,0.1
22,0.08,0.1
23,0.08,0.1
24,0.09,0.1
25,0.07,0.09
26,0.08,0.1
27,0.08,0.1
28,0.09,0.1
29,0.08,0.1
30,0.09,0.1
31,0.08,0.1
32,0.08,0.1
33,0.09,0.1
34,0.09,0.1
35,0.09,0.1
36,0.09,0.1
37,0.08,0.1
38,0.09,0.1
39,0.08,0.1
40,0.08,0.1
41,0.08,0.1
42,0.09,0.1
43,0.08,0.11
44,0.09,0.11
45,0.08,0.1
46,0.08,0.1
47,0.08,0.09
48,0.1,0.09
49,0.09,0.1
50,0.09,0.1
51,0.08,0.1
52,0.08,0.1
53,0.08,0.1
54,0.1,0.1
55,0.09,0.1
56,0.09,0.1
57,0.09,0.1
58,0.08,0.1
59,0.08,0.1
60,0.08,0.1
61,0.1,0.1
62,0.26,0.1
63,0.16,0.1
64,0.1,0.1
65,0.08,0.11
66,0.1,0.18
67,0.16,0.13
68,0.17,0.1
69,0.09,0.1
70,0.08,0.1
71,0.05,0.11
72,0.03,0.1
73,0.03,0.1
74,0.04,0.1
75,0.04,0.1
76,0.03,0.11
77,0.04,0.1
78,0.05,0.1
79,0.02,0.1
80,0.03,0.1
81,0.04,0.1
82,0.13,0.1
83,0.11,0.1
84,0.08,0.1
85,0.11,0.1
86,0.07,0.26
87,0.05,0.15
88,0.04,0.19
89,0.03,0.13
90,0.04,0.43
91,0.03,0.58
92,0.03,0.62
93,0.03,0.63
94,0.05,0.62
95,0.04,0.63
96,0.04,0.62
97,0.03,0.62
98,0.03,0.62
99,0.02,0.63
100,0.03,0.62
101,0.11,0.37
102,0.07,0.36
103,0.04,0.34
104,0.08,0.36
105,0.04,0.37
106,0.03,0.36
107,0.11,0.36
108,0.05,0.37
109,0.04,0.36
110,0.03,0.36
111,0.03,0.36
112,0.03,0.36
113,0.04,0.36
114,0.05,0.36
115,0.03,0.37
116,0.02,0.36
117,0.03,0.36
118,0.06,0.37
119,0.12,0.39
120,0.04,0.21
121,0.03,0.65
122,0.48,0.64
123,0.57,0.67
124,0.56,0.63
125,0.65,0.62
126,0.73,0.64
127,0.7,0.65
128,0.61,0.66
129,0.63,0.59
130,0.58,0.85
131,0.58,0.79
132,0.4,0.77
133,0.13,0.79
134,0.12,0.79
135,0.07,0.78
136,0.12,0.78
137,0.06,0.55
138,0.1,0.33
139,0.06,0.32
140,0.09,0.3
141,0.17,0.33
142,0.29,0.31
143,0.27,0.32
144,0.28,0.31
145,0.27,0.22
146,0.26,0.15
147,0.25,0.18
148,0.24,0.24
149,0.27,0.21
150,0.22,0.2
151,0.82,0.2
152,0.79,0.2
153,0.82,0.16
154,0.79,0.2
155,0.82,0.3
156,0.68,0.27
157,0.86,0.31
158,0.84,0.3
159,0.85,0.29
160,0.85,0.29
161,0.87,0.28
162,0.55,0.2
163,0.16,0.18
164,0.1,0.17
165,0.09,0.18
166,0.09,0.19
167,0.1,0.26
168,0.13,0.42
169,0.14,0.28
170,0.12,0.27
171,0.14,0.27
172,0.11,0.28
173,0.22,0.28
174,0.18,0.27
175,0.23,0.25
176,0.17,0.35
177,0.22,0.45
178,0.17,0.41
179,0.21,0.45
180,0.17,0.53
181,0.2,0.49
182,0.16,0.52
183,0.17,0.49
184,0.16,0.46
185,0.16,0.45
186,0.16,0.46
187,0.14,0.57
188,0.32,0.58
189,0.31,0.58
190,0.31,0.57
191,0.31,0.17
192,0.31,0.22
193,0.32,0.14
194,0.5,0.14
195,0.6,0.17
196,0.55,0.13
197,0.6,0.15
198,0.57,0.14
199,0.6,0.24
200,0.42,0.37
201,0.46,0.39
202,0.41,0.46
203,0.45,0.39
204,0.43,0.4
205,0.44,0.35
206,0.42,0.14
207,0.44,0.14
208,0.36,0.14
209,0.42,0.14
210,0.44,0.48
211,0.43,0.57
212,0.43,0.55
213,0.42,0.55
214,0.42,0.54
215,0.16,0.54
216,0.07,0.33
217,0.1,0.14
218,0.06,0.13
219,0.11,0.13
220,0.07,0.15
221,0.53,0.14
222,0.65,0.37
223,0.69,0.15
224,0.65,0.14
225,0.68,0.13
226,0.65,0.14
227,0.66,0.14
228,0.67,0.24
229,0.66,0.3
230,0.66,0.5
231,0.36,0.4
232,0.42,0.34
233,0.41,0.34
234,0.42,0.32
235,0.41,0.33
236,0.41,0.22
237,0.37,0.22
238,0.5,0.18
239,0.49,0.16
240,0.49,0.17
241,0.52,0.16
242,0.48,0.15
243,0.44,0.36
244,0.26,0.17
245,0.31,0.17
246,0.26,0.29
247,0.32,0.44
248,0.25,0.45
249,0.29,0.46
250,0.1,0.44
251,0.07,0.45
252,0.05,0.46
253,0.07,0.46
254,0.08,0.45
255,0.06,0.37
256,0.06,0.2
257,0.11,0.2
258,0.12,0.19
259,0.36,0.2
260,0.15,0.18
261,0.13,0.25
262,0.1,0.18
263,0.11,0.2
264,0.08,0.34
265,0.1,0.56
266,0.04,0.8
267,0.09,0.88
268,0.05,0.5
269,0.09,0.25
270,0.08,0.26
271,0.07,0.25
272,0.09,0.26
273,0.06,0.27
274,0.25,0.24
275,0.27,0.26
276,0.24,0.29
277,0.26,0.28
278,0.06,0.3
279,0.07,0.27
280,0.06,0.25
281,0.08,0.29
282,0.07,0.33
283,0.34,0.27
284,0.33,0.77
285,0.34,0.68
286,0.46,0.39
287,0.45,0.4
288,0.33,0.42
289,0.32,0.37
290,0.28,0.66
291,0.57,0.73
292,0.57,0.75
293,0.56,0.8
294,0.58,0.89
295,0.57,0.71
296,0.56,0.23
297,0.57,0.19
298,0.57,0.13
299,0.57,0.14
300,0.11,0.16
301,0.04,0.14
302,0.04,0.72
303,0.05,0.2
304,0.05,0.15
305,0.44,0.08
306,0.83,0.23
307,0.83,0.28
308,0.83,0.28
309,0.83,0.31
310,0.83,0.28
311,0.7,0.41
312,0.95,0.53
313,0.95,0.54
314,0.95,0.54
315,0.95,0.52
316,0.95,0.55
317,0.95,0.24
318,0.92,0.26
319,0.05,0.26
320,0.05,0.21
321,0.05,0.25
322,0.06,0.24
323,0.06,0.25
324,0.06,0.27
325,0.05,0.25
326,0.05,0.21
327,0.04,0.19
328,0.06,0.16
329,0.05,0.15
330,0.05,0.16
331,0.04,0.18
332,0.04,0.17
333,0.04,0.18
334,0.05,0.18
335,0.03,0.23
336,0.07,0.24
337,0.2,0.28
338,0.19,0.34
339,0.2,0.44
340,0.19,0.28
341,0.19,0.32
342,0.19,0.4
343,0.1,0.42
344,0.12,0.46
345,0.14,0.41
346,0.19,0.39
347,0.16,0.41
348,0.12,0.71
349,0.11,0.71
350,0.83,0.71
351,0.96,0.68
352,0.95,0.68
353,0.96,0.75
354,0.96,0.62
355,0.95,0.65
356,0.95,0.54
357,0.95,0.63
358,0.95,0.6
359,0.52,0.61
360,0.62,0.61
361,0.62,0.58
362,0.69,0.62
363,0.62,0.59
364,0.62,0.82
365,0.62,0.65
366,0.63,0.5
367,0.39,0.55
368,0.06,0.65
369,0.05,0.7
370,0.05,0.77
371,0.08,0.7
372,0.07,0.53
373,0.05,0.56
374,0.11,0.51
375,0.16,0.52
376,0.16,0.53
377,0.13,0.52
378,0.04,0.57
379,0.03,0.51
380,0.03,0.52
381,0.03,0.58
382,0.04,0.6
383,0.13,0.59
384,0.19,0.85
385,0.13,0.82
386,0.18,0.84
387,0.1,0.83
388,0.13,0.76
389,0.06,0.58
390,0.06,0.59
391,0.06,0.59
392,0.07,0.76
393,0.05,0.52
394,0.07,0.5
395,0.05,0.49
396,0.06,0.51
397,0.05,0.56
398,0.06,0.54
399,0.06,0.49
400,0.06,0.57
401,0.06,0.54
402,0.05,0.57
403,0.04,0.56
404,0.06,0.52
405,0.05,0.71
406,0.05,0.57
407,0.05,0.5
408,0.06,0.5
409,0.06,0.48
410,0.06,0.54
411,0.04,0.5
412,0.04,0.61
413,0.05,0.56
414,0.06,0.88
415,0.05,0.5
416,0.06,0.49
417,0.05,0.56
418,0.06,0.48
419,0.05,0.57
420,0.06,0.69
421,0.07,0.51
422,0.06,0.66
423,0.05,0.54
424,0.06,0.52
425,0.05,0.46
426,0.05,0.47
427,0.04,0.52
428,0.07,0.5
429,0.05,0.54
430,0.05,0.52
431,0.05,0.59
432,0.06,0.52
433,0.06,0.57
434,0.36,0.53
435,0.31,0.55
436,0.22,0.55
437,0.1,0.46
438,0.06,0.48
439,0.04,0.55
440,0.04,0.44
441,0.03,0.49
442,0.04,0.55
443,0.04,0.49
444,0.05,0.56
445,0.04,0.47
446,0.03,0.5
447,0.03,0.55
448,0.05,0.5
449,0.04,0.6
450,0.08,0.52
451,0.08,0.73
452,0.05,0.55
453,0.05,0.53
454,0.06,0.55
455,0.04,0.57
456,0.08,0.53
457,0.06,0.5
458,0.03,0.49
459,0.02,0.72
460,0.05,0.49
461,0.13,0.49
462,0.12,0.49
463,0.03,0.51
464,0.07,0.56
465,0.29,0.57
466,0.46,0.63
467,0.49,0.59
468,0.51,0.65
469,0.61,0.67
470,0.73,0.72
471,0.61,0.35
472,0.65,0.16
473,0.63,0.17
474,0.67,0.39
475,0.49,0.47
476,0.66,0.55
477,0.63,0.47
478,0.71,0.59
479,0.71,0.55
480,0.83,0.3
481,0.91,0.54
482,0.86,0.78
483,0.83,0.37
484,0.82,0.16
485,0.75,0.15
486,0.72,0.06
487,0.72,0.11
488,0.75,0.57
489,0.74,0.54
490,0.77,0.49
491,0.78,0.54
492,0.85,0.75
493,0.86,0.4
494,0.68,0.53
495,0.9,0.77
496,0.94,0.63
497,0.91,0.36
498,0.94,0.72
499,0.35,0.58
500,0.17,0.47
501,0.34,0.52
502,0.46,0.65
503,0.29,0.64
504,0.43,0.94
505,0.44,0.63
506,0.38,0.93
507,0.72,0.76
508,0.58,0.68
509,0.42,0.61
510,0.38,0.5
511,0.59,0.69
512,0.54,0.63
513,0.52,0.54
514,0.7,0.66
515,0.6,0.57
516,0.59,0.78
517,0.6,0.59
518,0.65,0.48
519,0.61,0.35
520,0.59,0.76
521,0.6,0.88
522,0.44,0.85
523,0.89,0.83
524,0.91,0.79
525,0.89,0.54
526,0.89,0.69
527,0.95,0.74
528,0.89,0.64
529,0.89,0.71
530,0.67,0.73
531,0.81,0.8
532,0.95,0.78
533,0.91,0.8
534,0.95,0.59
535,0.9,0.68
536,0.73,0.76
537,0.73,0.73
538,0.54,0.66
539,0.54,0.65
540,0.53,0.6
541,0.48,0.48
542,0.53,0.57
543,0.5,0.43
544,0.55,0.74
545,0.59,0.56
546,0.44,0.92
547,0.56,0.55
548,0.76,0.66
549,0.81,0.48
550,0.72,0.85
551,0.64,0.72
552,0.73,0.54
553,0.53,0.59
554,0.6,0.87
555,0.39,0.78
556,0.37,0.4
557,0.29,0.52
558,0.38,0.61
559,0.5,0.77
560,0.44,0.94
561,0.35,0.85
562,0.34,1
563,0.88,0.42
564,0.89,0.55
565,0.94,0.78
566,0.79,0.69
567,0.62,0.55
568,0.29,0.55
569,0.32,0.96
570,0.35,0.61
571,0.44,0.73
572,0.37,0.56
573,0.47,0.54
574,0.32,0.68
575,0.34,0.95
576,0.88,0.95
577,0.77,0.84
578,0.87,0.64
579,0.87,0.71
580,0.35,0.99
581,0.47,0.99
582,0.42,0.99
583,0.54,0.99
584,0.46,1
585,0.51,0.99
586,0.55,0.77
587,0.59,0.43
588,0.5,0.22
589,0.31,0.31
590,0.36,0.5
591,0.37,0.54
592,0.34,0.47
593,0.33,0.64
594,0.34,0.75
595,0.26,0.76
596,0.38,0.97
597,0.32,0.74
598,0.33,0.78
599,0.35,0.74
600,0.36,0.88
601,0.37,0.66
602,0.39,0.66
603,0.38,0.86
604,0.4,0.9
605,0.38,0.53
606,0.43,0.48
607,0.44,0.64
608,0.62,0.81
609,0.73,0.75
610,0.56,0.74
611,0.43,0.73
612,0.28,0.61
613,0.4,0.67
614,0.64,0.53
615,0.79,0.67
616,0.78,0.55
617,0.79,0.4
618,0.83,0.79
619,0.79,0.55
620,0.75,0.66
621,0.75,0.57
622,0.78,0.73
623,0.55,0.73
624,0.83,0.28
625,0.81,0.49
626,0.81,0.62
627,0.81,0.91
628,0.83,0.91
629,0.88,0.86
630,0.84,0.91
631,0.89,0.87
632,0.81,0.89
633,0.2,0.43
634,0.37,0.65
635,0.47,0.51
636,0.24,0.46
637,0.4,0.54
638,0.43,0.69
639,0.37,0.44
640,0.38,0.17
641,0.39,0.22
642,0.37,0.44
643,0.32,0.52
644,0.62,0.71
645,0.5,0.89
646,0.4,0.98
647,0.5,0.83
648,0.59,0.97
649,0.45,0.72
650,0.45,0.83
651,0.44,0.86
652,0.29,0.44
653,0.98,0.49
654,0.97,0.78
655,1,0.54
656,0.99,0.91
657,0.99,0.45
658,0.82,0.5
659,0.87,0.3
660,0.88,0.3
661,0.81,0.47
662,0.7,0.69
663,0.87,0.74
664,0.67,0.66
665,0.87,0.55
666,0.79,0.62
667,0.19,0.67
668,0.35,0.73
669,0.35,0.96
670,0.21,0.96
671,0.3,0.65
672,0.58,0.71
673,0.58,0.84
674,0.45,0.86
675,0.6,0.79
676,0.63,0.77
677,0.76,0.89
678,0.67,0.88
679,0.84,0.8
680,0.98,0.53
681,0.99,0.55
682,0.97,0.55
683,0.91,0.5
684,0.92,0.53
685,0.8,0.45
686,0.76,0.59
687,0.86,0.41
688,0.81,0.6
689,0.59,0.55
690,0.79,0.62
691,0.79,0.85
692,0.32,0.95
693,0.36,0.96
694,0.33,0.8
695,0.32,0.81
696,0.32,0.85
697,0.25,0.78
698,0.26,0.61
699,0.31,0.43
700,0.37,0.43
701,0.78,0.3
702,0.76,0.57
703,0.87,0.66
704,0.9,0.56
705,0.61,0.42
706,0.56,0.61
707,0.63,0.51
708,0.64,0.3
709,0.67,0.48
710,0.74,0.64
711,0.59,0.49
712,0.53,0.56
713,0.33,0.7
714,0.47,0.53
715,0.59,0.53
716,0.44,0.47
717,0.28,0.41
718,0.31,0.5
719,0.48,0.39
720,0.95,0.33
721,0.96,0.29
722,0.98,0.43
723,0.96,0.28
724,0.94,0.64
725,0.96,0.75
726,0.95,0.71
727,0.88,0.66
728,0.97,0.47
729,0.79,0.66
730,0.62,0.78
731,0.62,0.64
732,0.64,0.69
733,0.52,0.69
734,0.59,0.83
735,0.81,0.82
736,0.59,0.7
737,0.73,0.7
738,0.8,0.86
739,0.76,0.68
740,0.69,0.78
741,0.56,0.69
742,0.54,0.48
743,0.45,0.47
744,0.59,0.49
745,0.56,0.37
746,0.51,0.88
747,0.38,0.91
748,0.57,0.9
749,0.46,0.82
750,0.49,0.89
751,0.46,0.93
752,0.36,0.87
753,0.61,0.88
754,0.64,0.52
755,0.77,0.66
756,0.64,0.64
757,0.35,0.6
758,0.39,0.62
759,0.6,0.95
760,0.46,0.62
761,0.5,0.62
762,0.45,0.62
763,0.5,0.53
764,0.59,0.69
765,0.49,0.9
766,0.97,0.92
767,0.97,0.87
768,0.99,0.91
769,0.94,0.94
770,0.98,0.89
771,0.98,0.98
772,0.97,0.96
773,0.98,0.94
774,0.79,0.95
775,0.73,0.92
776,0.75,0.94
777,0.76,0.92
778,0.75,0.5
779,0.69,0.56
780,0.78,0.58
781,0.77,0.55
782,0.49,0.5
783,0.57,0.49
784,0.47,0.5
785,0.35,0.51
786,0.46,0.49
787,0.38,0.79
788,0.57,0.54
789,0.54,0.52
790,0.56,0.66
791,0.54,0.48
792,0.46,0.74
793,0.53,0.62
794,0.55,0.41
795,0.44,0.72
796,0.41,0.5
797,0.21,0.62
798,0.32,0.66
799,0.35,0.72
800,0.43,0.74
801,0.46,0.7
802,0.43,0.77
803,0.43,0.47
804,0.46,0.6
805,0.45,0.75
806,0.44,0.63
807,0.38,0.46
808,0.43,0.3
809,0.44,0.37
810,0.46,0.64
811,0.36,0.65
812,0.43,0.47
813,0.47,0.63
814,0.46,0.58
815,0.53,0.62
816,0.64,0.73
817,0.59,0.6
818,0.33,0.71
819,0.32,0.53
820,0.52,0.4
821,0.48,0.3
822,0.4,0.46
823,0.4,0.32
824,0.45,0.11
825,0.45,0.28
826,0.59,0.28
827,0.45,0.86
828,0.45,0.61
829,0.44,0.53
830,0.45,0.53
831,0.37,0.46
832,0.4,0.46
833,0.59,0.78
834,0.61,0.49
835,0.69,0.38
836,0.54,0.16
837,0.52,0.2
838,0.57,0.68
839,0.3,0.74
840,0.33,0.7
841,0.4,0.71
842,0.61,0.85
843,0.53,0.85
844,0.27,0.63
845,0.61,0.37
846,0.53,0.37
847,0.49,0.91
848,0.49,0.92
849,0.29,0.72
850,0.29,0.75
851,0.3,0.76
852,0.31,0.72
853,0.3,0.74
854,0.29,0.76
855,0.31,0.7
856,0.29,0.86
857,0.35,0.86
858,0.46,0.86
859,0.37,0.86
860,0.34,0.86
861,0.37,0.89
862,0.4,0.91
863,0.45,0.63
864,0.78,0.79
865,0.83,0.63
866,0.74,0.67
867,0.7,0.72
868,0.68,0.72
869,0.7,0.62
870,0.68,0.6
871,0.16,0.25
872,0.1,0.13
873,0.34,0.14
874,0.15,0.14
875,0.25,0.1
876,0.37,0.11
877,0.28,0.09
878,0.15,0.11
879,0.25,0.1
880,0.36,0.1
881,0.38,0.1
882,0.37,0.11
883,0.25,0.1
884,0.16,0.15
885,0.15,0.11
886,0.16,0.1
887,0.15,0.15
888,0.16,0.46
889,0.16,0.45
890,0.27,0.43
891,0.48,0.72
892,0.67,0.66
893,0.79,0.46
894,0.61,0.72
895,0.19,0.69
896,0.37,0.67
897,0.47,0.25
898,0.64,0.16
899,0.43,0.25
900,0.45,0.23
901,0.47,0.45
902,0.11,0.47
903,0.41,0.53
904,0.61,0.52
905,0.7,0.53
906,0.5,0.62
907,0.49,0.57
908,0.69,0.51
909,0.7,0.44
910,0.68,0.77
911,0.38,0.7
912,0.32,0.96
913,0.32,0.96
914,0.33,0.96
915,0.32,0.96
916,0.23,0.42
917,0.32,0.15
918,0.31,0.13
919,0.44,0.13
920,0.66,0.14
921,0.67,0.13
922,0.63,0.13
923,0.65,0.61
924,0.54,0.14
925,0.54,0.14
926,0.54,0.21
927,0.49,0.53
928,0.62,0.56
929,0.79,0.33
930,0.94,0.29
931,0.96,0.9
932,0.76,0.93
933,0.84,0.88
934,0.97,0.8
935,0.86,0.77
936,0.72,0.82
937,0.6,0.79
938,0.6,0.76
939,0.57,0.57
940,0.36,0.6
941,0.32,0.59
942,0.28,0.57
943,0.26,0.55
944,0.29,0.61
945,0.53,0.65
946,0.5,0.46
947,0.7,0.45
948,0.75,0.18
949,0.77,0.76
950,0.28,0.45
951,0.06,0.42
952,0.09,0.46
953,0.24,0.9
954,0.35,0.53
955,0.36,0.54
956,0.34,0.56
957,0.33,0.58
958,0.34,0.93
959,0.37,0.93
960,0.34,0.8
961,0.36,0.52
962,0.43,0.24
963,0.47,0.23
964,0.44,0.11
965,0.39,0.13
966,0.08,0.11
967,0.01,0.1
968,0,0.1
969,0.01,0.1
970,0.02,0.1
971,0.01,0.1
972,0.01,0.1
973,0,0.1
974,0.01,0.1
975,0.02,0.1
976,0.02,0.1
977,0.01,0.1
978,0.01,0.11
979,0.03,0.22
980,0.1,0.84
981,0.03,0.78
982,0.26,0.79
983,0.33,0.56
984,0.43,0.44
985,0.45,0.52
986,0.18,0.48
987,0.21,0.55
988,0.4,0.49
989,0.18,0.81
990,0.07,0.82
991,0.13,0.46
992,0.28,0.71
993,0.31,0.44
994,0.4,0.58
995,0.52,0.58
996,0.5,0.85
997,0.49,0.11
998,0.45,0.1
999,0.54,0.11
1000,0.43,0.11
1001,0.38,0.22
1002,0.47,0.3
1003,0.52,0.11
1004,0.61,0.11
1005,0.55,0.1
1006,0.58,0.11
1007,0.18,0.1
1008,0.3,0.11
1009,0.29,0.1
1010,0.27,0.11
1011,0.32,0.1
1012,0.25,0.1
1013,0.08,0.1
1014,0.23,0.1
1015,0.21,0.1
1016,0.32,0.1
1017,0.44,0.1
1018,0.3,0.1
1019,0.13,0.1
1020,0.12,0.1
1021,0.11,0.36
1022,0.13,0.44
1023,0.14,0.45
1024,0.28,0.51
1025,0.66,0.88
1026,0.85,0.72
1027,0.86,0.94
1028,0.87,0.84
1029,0.6,0.81
1030,0.61,0.76
1031,0.83,0.83
1032,0.65,0.98
1033,0.86,0.66
1034,0.71,0.58
1035,0.99,0.64
1036,0.99,0.74
1037,0.99,0.41
1038,0.99,0.4
1039,0.99,0.47
1040,0.99,0.47
1041,0.53,0.51
1042,0.57,0.37
1043,0.57,0.28
1044,0.6,0.2
1045,0.58,0.73
1046,0.58,0.31
1047,0.6,0.31
1048,0.58,0.31
1049,0.59,0.28
1050,0.45,0.53
1051,0.47,0.8
1052,0.47,0.61
1053,0.47,0.45
1054,0.49,0.44
1055,0.48,0.88
1056,0.48,0.81
1057,0.57,0.52
1058,0.82,0.47
1059,0.82,0.28
1060,0.83,0.26
1061,0.82,0.15
1062,0.82,0.16
1063,0.44,0.22
1064,0.45,0.41
1065,0.43,0.78
1066,0.43,0.78
1067,0.35,0.78
1068,0.44,0.77
1069,0.43,0.63
1070,0.43,0.72
1071,0.42,0.71
1072,0.48,0.73
1073,0.56,0.5
1074,0.58,0.35
1075,0.56,0.46
1076,0.58,0.49
1077,0.47,0.44
1078,0.37,0.61
1079,0.38,0.41
1080,0.39,0.49
1081,0.38,0.15
1082,0.48,0.15
1083,0.37,0.15
1084,0.39,0.56
1085,0.37,0.34
1086,0.72,0.67
1087,0.99,0.67
1088,0.99,0.65
1089,0.98,0.67
1090,0.99,0.74
1091,0.57,0.68
1092,0.56,0.47
1093,0.61,0.14
1094,0.62,0.6
1095,0.6,0.52
1096,0.6,0.14
1097,0.59,0.13
1098,0.6,0.35
1099,0.36,0.27
1100,0.38,0.98
1101,0.59,0.93
1102,0.66,0.97
1103,0.56,0.87
1104,0.45,0.88
1105,0.43,0.89
1106,0.45,0.88
1107,0.42,0.89
1108,0.46,0.89
1109,0.67,0.66
1110,0.66,0.33
1111,0.66,0.26
1112,0.66,0.28
1113,0.66,0.27
1114,0.68,0.35
1115,0.67,0.29
1116,0.68,0.2
1117,0.67,0.22
1118,0.51,0.26
1119,0.35,0.43
1120,0.35,0.73
1121,0.34,0.74
1122,0.34,0.74
1123,0.36,0.78
1124,0.36,0.76
1125,0.37,0.73
1126,0.62,0.78
1127,0.63,0.75
1128,0.63,0.75
1129,0.63,0.5
1130,0.61,0.44
1131,0.62,0.56
1132,0.63,0.56
1133,0.59,0.44
1134,1,0.67
1135,0.98,0.53
1136,1,0.71
1137,1,0.46
1138,0.98,0.58
1139,0.64,0.48
1140,0.65,0.44
1141,0.66,0.44
1142,0.66,0.49
1143,0.67,0.34
1144,0.67,0.32
1145,0.65,0.3
1146,0.6,0.32
1147,0.59,0.26
1148,0.76,0.3
1149,0.93,0.29
1150,0.93,0.94
1151,0.87,0.62
1152,0.76,0.93
1153,0.32,0.62
1154,0.34,0.4
1155,0.31,0.27
1156,0.32,0.3
1157,0.32,0.29
1158,0.3,0.72
1159,0.37,0.52
1160,0.51,0.3
1161,0.51,0.28
1162,0.51,0.38
1163,0.53,0.3
1164,0.76,0.53
1165,0.84,0.76
1166,0.83,0.87
1167,0.83,0.35
1168,0.82,0.3
1169,0.83,0.2
1170,0.38,0.22
1171,0.39,0.13
1172,0.38,0.16
1173,0.41,0.3
1174,0.37,0.54
1175,0.33,0.23
1176,0.34,0.84
1177,0.33,0.24
1178,0.32,0.98
1179,0.33,0.64
1180,0.43,0.62
1181,0.84,0.78
1182,0.83,0.79
1183,0.83,0.64
1184,0.83,0.67
1185,0.85,0.61
1186,0.84,0.38
1187,0.84,0.36
1188,0.51,0.36
1189,0.58,0.41
1190,0.56,0.34
1191,0.57,0.34
1192,0.54,0.32
1193,0.57,0.37
1194,0.57,0.37
1195,0.52,0.24
1196,0.61,0.11
1197,0.64,0.17
1198,0.62,0.13
1199,0.63,0.27
1200,0.63,0.11
1201,0.63,0.12
1202,0.62,0.23
1203,0.25,0.24
1204,0.35,0.39
1205,0.34,0.83
1206,0.33,0.49
1207,0.32,0.45
1208,0.3,0.3
1209,0.34,0.75
1210,0.98,0.37
1211,0.99,0.31
1212,0.98,0.35
1213,0.98,0.38
1214,0.99,0.39
1215,0.98,0.38
1216,0.98,0.39
1217,0.98,0.29
1218,0.78,0.06
1219,0.47,0.05
1220,0.63,0.26
1221,0.63,0.14
1222,0.63,0.69
1223,0.64,0.38
1224,0.65,0.25
1225,0.64,0.19
1226,0.63,0.47
1227,0.64,0.74
1228,0.62,0.74
1229,0.62,0.75
1230,0.61,0.73
1231,0.6,0.73
1232,0.6,0.73
1233,0.6,0.19
1234,0.57,0.59
1235,0.53,0.18
1236,0.54,0.18
1237,0.52,0.18
1238,0.52,0.16
1239,0.52,0.13
1240,0.54,0.16
1241,0.54,0.16
1242,0.54,0.13
1243,0.53,0.26
1244,0.35,0.1
1245,0.38,0.14
1246,0.36,0.57
1247,0.37,0.54
1248,0.37,0.14
1249,0.36,0.14
1250,0.37,0.14
1251,0.37,0.17
1252,0.36,0.17
1253,0.62,0.19
1254,0.67,0.15
1255,0.66,0.3
1256,0.66,0.28
1257,0.65,0.38
1258,0.61,0.78
1259,0.36,0.33
1260,0.38,0.24
1261,0.38,0.26
1262,0.38,0.46
1263,0.38,0.39
1264,0.53,0.4
1265,0.59,0.21
1266,0.61,0.28
1267,0.59,0.17
1268,0.59,0.26
1269,0.58,0.25
1270,0.41,0.23
1271,0.6,0.17
1272,0.52,0.19
1273,0.34,0.56
1274,0.33,0.18
1275,0.33,0.55
1276,0.35,0.37
1277,0.34,0.56
1278,0.36,0.41
1279,0.77,0.86
1280,0.85,0.85
1281,0.85,0.48
1282,0.85,0.55
1283,0.85,0.56
1284,0.75,0.44
1285,0.84,0.49
1286,0.85,0.46
1287,0.84,0.42
1288,0.84,0.9
1289,0.78,0.47
1290,0.91,0.9
1291,0.9,0.27
1292,0.9,0.12
1293,0.79,0.14
1294,0.91,0.12
1295,0.9,0.15
1296,0.91,0.24
1297,0.63,0.25
1298,0.44,0.2
1299,0.29,0.41
1300,0.43,0.41
1301,0.43,0.42
1302,0.44,0.39
1303,0.42,0.42
1304,0.41,0.5
1305,0.4,0.65
1306,0.67,0.6
1307,0.73,0.84
1308,0.73,0.83
1309,0.73,0.93
1310,0.75,0.84
1311,0.74,0.54
1312,0.74,0.59
1313,0.73,0.56
1314,0.55,0.6
1315,0.53,0.46
1316,0.54,0.68
1317,0.43,0.29
1318,0.31,0.41
1319,0.53,0.17
1320,0.53,0.51
1321,0.52,0.3
1322,0.61,0.4
1323,0.52,0.89
1324,0.34,0.92
1325,0.31,0.79
1326,0.34,0.79
1327,0.32,0.46
1328,0.33,0.71
1329,0.33,0.18
1330,0.44,0
1331,0.75,0.14
1332,0.77,0.74
1333,0.76,0.04
1334,0.77,0.36
1335,0.75,0.16
1336,0.76,0.16
1337,0.75,0.13
1338,0.57,0.08
1339,0.53,0.2
1340,0.53,0.22
1341,0.53,0.22
1342,0.56,0.5
1343,0.96,0.18
1344,1,0.23
1345,1,0.22
1346,1,0.16
1347,1,0.24
1348,1,0.35
1349,1,0.15
1350,1,0.16
1351,0.8,0.17
1352,0.34,0.19
1353,0.31,0.19
1354,0.35,0.3
1355,0.34,0.33
1356,0.33,0.55
1357,0.34,0.35
1358,0.33,0.35
1359,0.33,0.31
1360,0.83,0.28
1361,0.94,0.3
1362,0.94,0.31
1363,0.94,0.32
1364,0.94,0.31
1365,0.94,0.38
1366,0.51,0.37
1367,0.43,0.32
1368,0.45,0.41
1369,0.43,0.29
1370,0.43,0.4
1371,0.42,0.38
1372,0.43,0.72
1373,0.43,0.3
1374,0.47,0.38
1375,0.48,0.17
1376,0.5,0.2
1377,0.49,0.28
1378,0.5,0.1
1379,0.5,0.19
1380,0.49,0.28
1381,0.49,0.83
1382,0.5,0.84
1383,0.5,0.81
1384,0.65,0.81
1385,0.65,0.8
1386,0.66,0.79
1387,0.65,0.8
1388,0.5,0.37
1389,0.46,0.62
1390,0.46,0.32
1391,0.46,0.16
1392,0.46,0.18
1393,0.45,0.41
1394,0.47,0.14
1395,0.46,0.28
1396,0.46,0.17
1397,0.42,0.11
1398,0.46,0.23
1399,0.45,0.2
1400,0.44,0.11
1401,0.45,0.93
1402,0.45,0.19
1403,0.45,0
1404,0.45,0.11
1405,0.83,0.36
1406,0.82,0.16
1407,0.82,0.15
1408,0.82,0.17
1409,0.82,0.19
1410,0.83,0.17
1411,0.84,0.43
1412,0.83,0.27
1413,0.83,0.31
1414,0.55,0.31
1415,0.46,0.38
1416,0.46,0.32
1417,0.44,0.85
1418,0.45,0.71
1419,0.46,0.33
1420,0.44,0.39
1421,0.34,0.25
1422,0.32,0.22
1423,0.34,0.27
1424,0.32,0.52
1425,0.33,0.84
1426,0.34,0.36
1427,0.33,0.29
1428,0.33,0.27
1429,0.32,0.38
1430,0.29,0.88
1431,0.33,0.34
1432,0.31,0.3
1433,0.33,0.27
1434,0.34,0.71
1435,0.32,0.74
1436,0.3,0.55
1437,0.29,0.67
1438,0.46,0.88
1439,0.61,0.86
1440,0.6,0.78
1441,0.59,0.78
1442,0.61,0.8
1443,0.59,0.86
1444,0.6,0.79
1445,0.59,0.6
1446,0.56,0.53
1447,0.91,0.48
1448,0.9,0.49
1449,0.91,0.4
1450,0.91,0.37
1451,0.52,0.18
1452,0.54,0.26
1453,0.56,0.23
1454,0.56,0.15
1455,0.55,0.23
1456,0.55,0.19
1457,0.57,0.23
1458,0.56,0.52
1459,0.85,0.27
1460,0.85,0.19
1461,0.86,0.44
1462,0.86,0.47
1463,0.86,0.55
1464,0.78,0.4
1465,0.38,0.6
1466,0.28,0.87
1467,0.38,0.68
1468,0.37,0.77
1469,0.37,0.67
1470,0.37,0.67
1471,0.37,0.61
1472,0.33,0.61
1473,0.36,0.55
1474,0.46,0.95
1475,0.74,0.43
1476,0.74,0.52
1477,0.73,0.36
1478,0.73,0.13
1479,0.74,0.14
1480,0.85,0.14
1481,0.85,0.15
1482,0.85,0.18
1483,0.85,0.16
1484,0.76,0.39
1485,1,0.17
1486,1,0.27
1487,1,0.42
1488,1,0.49
1489,1,0.44
1490,0.26,0.46
1491,0.21,0.66
1492,0.47,0.46
1493,0.5,0.47
1494,0.52,0.51
1495,0.51,0.49
1496,0.51,0.45
1497,0.74,0.42
1498,0.99,0.63
1499,0.99,0.18
1500,0.94,0.25
1501,0.9,0.18
1502,0.76,0.5
1503,0.08,0.78
1504,0.36,0.44
1505,0.28,0.62
1506,0.34,0.98
1507,0.33,0.98
1508,0.36,0.67
1509,0.35,0.59
1510,0.34,0.59
1511,0.61,0.6
1512,0.77,0.77
1513,0.76,0.67
1514,0.76,0.67
1515,0.76,0.26
1516,0.77,0.26
1517,0.76,0.8
1518,0.76,0.51
1519,0.57,0.24
1520,0.43,0.23
1521,0.44,0.24
1522,0.44,0.23
1523,0.45,0.26
1524,0.45,0.46
1525,0.44,0.39
1526,0.42,0.45
1527,0.4,0.39
1528,0.32,0.38
1529,0.33,0.41
1530,0.32,0.42
1531,0.33,0.75
1532,0.32,0.82
1533,0.32,0.3
1534,0.32,0.32
1535,0.32,0.34
1536,0.38,0.64
1537,0.4,0.24
1538,0.41,0.98
1539,0.41,0.89
1540,0.39,0.26
1541,0.46,0.27
1542,0.91,0.62
1543,0.9,0.28
1544,0.9,0.75
1545,0.9,0.27
1546,0.51,0.27
1547,0.42,0.27
1548,0.42,0.27
1549,0.41,0.27
1550,0.4,0.23
1551,0.65,0.27
1552,0.86,0.32
1553,0.87,0.5
1554,0.87,0.36
1555,0.87,0.29
1556,0.66,0.37
1557,0.66,0.2
1558,0.7,0.19
1559,0.88,0.27
1560,0.87,0.14
1561,0.59,0.28
1562,0.76,0.18
1563,0.6,0.13
1564,0.61,0.51
1565,0.6,0.15
1566,0.59,0.93
1567,0.31,0.13
1568,0.43,0.16
1569,0.57,0.24
1570,0.57,0.56
1571,0.57,0.27
1572,0.58,0.39
1573,0.58,0.42
1574,0.58,0.27
1575,0.56,0.21
1576,0.85,0.32
1577,0.84,0.4
1578,0.84,0.3
1579,0.84,0.25
1580,0.78,0.6
1581,0.7,0.37
1582,0.7,0.32
1583,0.7,0.33
1584,0.87,0.37
1585,0.91,0.7
1586,0.91,0.52
1587,0.23,0.52
1588,0.13,0.31
1589,0.14,0.34
1590,0.14,0.39
1591,0.14,0.5
1592,0.15,0.62
1593,0.42,0.62
1594,0.38,0.75
1595,0.42,0.64
1596,0.36,0.62
1597,0.34,0.62
1598,0.34,0.6
1599,0.34,0.32
1600,0.48,0.51
1601,0.69,0.44
1602,0.69,0.65
1603,0.67,0.18
1604,0.69,0.68
1605,0.67,0.13
1606,0.64,0.14
1607,0.54,0.18
1608,0.57,0.06
1609,0.57,0.22
1610,0.55,0.06
1611,0.54,0.22
1612,0.41,0.18
1613,0.33,0.29
1614,0.34,0.44
1615,0.33,0.33
1616,0.32,0.62
1617,0.33,0.37
1618,0.33,0.8
1619,0.31,0.18
1620,0.54,0.15
1621,0.63,0.4
1622,0.62,0.57
1623,0.61,0.44
1624,0.63,0.24
1625,0.62,0.08
1626,0.62,0.48
1627,0.61,0.17
1628,0.66,0.26
1629,0.7,0.21
1630,0.69,0.35
1631,0.69,0.85
1632,0.7,0.11
1633,0.7,0.13
1634,0.71,0.47
1635,0.69,0.49
1636,0.7,0.39
1637,0.68,0.16
1638,0.93,0.13
1639,0.93,0.12
1640,0.9,0.18
1641,0.93,0.13
1642,0.93,0.25
1643,0.93,0.37
1644,0.93,0.43
1645,0.82,0.28
1646,0.53,0.31
1647,0.66,0.15
1648,0.65,0.3
1649,0.66,0.14
1650,0.65,0.11
1651,0.44,0.3
1652,0.15,0.17
1653,0.32,0.17
1654,0.31,0.28
1655,0.32,0.14
1656,0.29,0.46
1657,0.33,0.6
1658,0.97,0.2
1659,0.99,0.18
1660,0.99,0.18
1661,0.99,0.11
1662,0.82,0.15
1663,0.6,0.13
1664,0.62,0.17
1665,0.61,0.3
1666,0.61,0.29
1667,0.61,0.18
1668,0.62,0.31
1669,0.6,0.21
1670,0.65,0.16
1671,1,0.41
1672,1,0.23
1673,1,0.15
1674,1,0.33
1675,1,0.39
1676,0.84,0.82
1677,0.77,0.2
1678,0.84,0.2
1679,0.83,0.17
1680,0.83,0.16
1681,0.74,0.44
1682,0.76,0.53
1683,0.76,0.52
1684,0.77,0.63
1685,0.78,0.51
1686,0.78,0.6
1687,0.62,0.54
1688,0.54,0.98
1689,0.64,0.2
1690,0.65,0.15
1691,0.64,0.16
1692,0.65,0.33
1693,0.65,0.25
1694,0.65,0.12
1695,0.64,0.23
1696,0.57,0.22
1697,0.58,0.17
1698,0.61,0.3
1699,0.6,0.25
1700,0.6,0.34
1701,0.58,0.48
1702,0.57,0.22
1703,0.51,0.25
1704,0.56,0.28
1705,0.55,0.23
1706,0.55,0.4
1707,0.54,0.39
1708,0.56,0.65
1709,0.56,0.63
1710,0.57,0.26
1711,0.54,0.18
1712,0.54,0.16
1713,0.57,0.15
1714,0.91,0.13
1715,0.9,0.2
1716,0.9,0.5
1717,0.9,0.42
1718,0.86,1
1719,0.9,0.89
1720,0.9,0.89
1721,0.62,0.95
1722,0.59,0.49
1723,0.58,0.65
1724,0.58,0.31
1725,0.56,0.34
1726,0.58,0.19
1727,0.57,0.17
1728,0.59,0.15
1729,0.41,0.15
1730,0.67,0.18
1731,0.66,0.27
1732,0.66,0.31
1733,0.66,0.29
1734,0.68,0.34
1735,0.66,0.31
1736,0.67,0.44
1737,0.62,0.29
1738,0.82,0.5
1739,0.6,0.26
1740,0.77,0.7
1741,0.82,0.86
1742,0.82,0.87
1743,0.81,0.89
1744,0.83,0.84
1745,0.83,0.86
1746,1,0.93
1747,0.98,0.86
1748,0.99,0.87
1749,1,0.66
1750,1,0.15
1751,1,0.01
1752,0.77,0.1
1753,0.7,0.12
1754,0.71,0.17
1755,0.71,0.37
1756,0.91,0.29
1757,0.91,0.3
1758,0.91,0.16
1759,0.91,0.27
1760,0.91,0.18
1761,0.91,0.21
1762,0.66,0.36
1763,0.73,0.21
1764,0.75,0.12
1765,0.73,0.18
1766,0.74,0.18
1767,0.72,0.25
1768,0.72,0.27
1769,0.73,0.27
1770,0.7,0.36
1771,0.69,0.3
1772,0.7,0.29
1773,0.7,0.3
1774,0.72,0.31
1775,0.57,0.28
1776,0.68,0.69
1777,0.7,0.29
1778,0.71,0.7
1779,0.7,0.8
1780,0.61,0.81
1781,0.36,0.81
1782,0.36,0.8
1783,0.36,0.82
1784,0.37,0.85
1785,0.36,0.34
1786,0.33,0.19
1787,0.72,0.2
1788,0.96,0.25
1789,0.96,0.22
1790,0.93,0.27
1791,0.92,0.24
1792,0.96,0.28
1793,0.8,0.34
1794,0.9,0.41
1795,0.82,0.24
1796,0.68,0.44
1797,0.89,0.26
1798,0.85,0.3
1799,0.97,0.24
1800,0.97,0.22
1801,0.94,0.92
1802,0.89,0.84
1803,0.9,0.86
1804,0.99,0.93
1805,0.99,0.91
1806,0.9,0.93
1807,0.85,0.86
1808,0.83,0.85
1809,0.95,0.69
1810,0.99,0.69
1811,0.99,0.69
1812,0.3,0.72
1813,0.06,0.72
1814,0.07,0.84
1815,0.08,0.71
1816,0.05,0.75
1817,0.07,0.75
1818,0.28,0.46
1819,0.34,0.26
1820,0.4,0.26
1821,0.35,0.27
1822,0.34,0.1
1823,0.34,0.21
1824,0.34,0.21
1825,0.32,0.24
1826,0.31,0.14
1827,0.33,0.3
1828,0.33,0.09
1829,0.33,0.14
1830,0.32,0.58
1831,0.32,0.86
1832,0.28,0.87
1833,0.32,0.48
1834,0.33,0.53
1835,0.45,0.11
1836,0.45,0.27
1837,0.45,0.08
1838,0.44,0.15
1839,0.44,0.52
1840,0.44,0.03
1841,0.45,0.29
1842,0.55,0.26
1843,0.73,0.23
1844,0.74,0.14
1845,0.72,0.2
1846,0.72,0.13
1847,0.74,0.28
1848,0.73,0.62
1849,0.74,0.27
1850,0.77,0.15
1851,1,0.14
1852,1,0.17
1853,1,0.14
1854,0.84,0.36
1855,0.47,0.15
1856,0.32,0.13
1857,0.47,0.19
1858,0.46,0.25
1859,0.4,0.76
1860,0.37,0.39
1861,0.37,0.33
1862,0.36,0.33
1863,0.37,0.36
1864,0.36,0.31
1865,0.35,0.34
1866,0.37,0.72
1867,0.37,0.31
1868,0.3,0.4
1869,0.27,0.35
1870,0.29,0.57
1871,0.32,0.52
1872,0.31,0.75
1873,0.32,0.58
1874,0.3,0.52
1875,0.32,0.53
1876,0.3,0.42
1877,0.27,0.17
1878,0.32,0.48
1879,0.61,0.25
1880,0.99,0.24
1881,0.99,0.22
1882,0.99,0.37
1883,0.99,0.24
1884,0.69,0.3
1885,0.58,0.32
1886,0.57,0.4
1887,0.59,0.31
1888,0.52,0.28
1889,0.51,0.35
1890,0.51,0.61
1891,0.51,0.3
1892,0.5,0.44
1893,0.51,0.61
1894,0.51,0.66
1895,0.51,0.38
1896,0.52,0.38
1897,0.68,0.57
1898,0.76,0.76
1899,0.75,0.68
1900,0.75,0.76
1901,0.75,0.64
1902,0.68,0.89
1903,0.76,0.93
1904,0.77,0.98
1905,0.76,0.98
1906,0.58,0.12
1907,0.59,0.14
1908,0.6,0.41
1909,0.6,0.81
1910,0.46,0.17
1911,0.34,0.16
1912,0.33,0.11
1913,0.34,0.14
1914,0.34,0.21
1915,0.34,0.16
1916,0.32,0.32
1917,0.32,0.32
1918,0.33,0.2
1919,0.65,0.2
1920,0.84,0.4
1921,0.83,0.08
1922,0.83,0.07
1923,0.82,0.37
1924,0.83,0.38
1925,0.82,0.37
1926,0.72,0.66
1927,0.74,0.45
1928,0.75,0.41
1929,0.75,0.37
1930,0.66,0.32
1931,0.67,0.22
1932,0.33,0.24
1933,0.32,0.18
1934,0.33,0.18
1935,0.32,0.29
1936,0.32,0.6
1937,0.31,0.65
1938,0.3,0.65
1939,0.34,0.88
1940,0.32,0.9
1941,0.33,0.72
1942,0.33,0.74
1943,0.33,0.85
1944,0.36,0.65
1945,0.31,0.29
1946,0.33,0.23
1947,0.32,0.24
1948,0.33,0.52
1949,0.31,0.26
1950,0.31,0.22
1951,0.3,0.14
1952,0.31,0.13
1953,0.32,0.21
1954,0.33,0.22
1955,0.3,0.3
1956,0.31,0.38
1957,0.32,0.21
1958,0.32,0.48
1959,0.31,0.63
1960,0.56,0.52
1961,0.55,0.51
1962,0.56,0.83
1963,0.55,0.45
1964,0.55,0.41
1965,0.5,0.5
1966,0.44,0.32
1967,0.43,0.6
1968,0.45,0.52
1969,0.44,0.51
1970,0.44,0.5
1971,0.43,0.46
1972,0.34,0.69
1973,0.31,0.74
1974,0.34,0.79
1975,0.33,0.66
1976,0.33,0.7
1977,0.32,0.83
1978,0.4,0.75
1979,0.52,0.86
1980,0.55,0.38
1981,0.52,0.14
1982,0.53,0.14
1983,0.53,0.14
1984,0.5,0.74
1985,0.46,0.22
1986,0.48,0.15
1987,0.47,0.21
1988,0.48,0.66
1989,0.49,0.61
1990,0.49,0.6
1991,0.83,0.55
1992,0.87,0.52
1993,0.86,0.55
1994,0.87,0.56
1995,0.86,0.55
1996,0.86,0.55
1997,0.86,0.56
1998,0.86,0.44
1999,0.85,0.24
2000,0.47,0.15
2001,0.47,0.22
2002,0.5,0.42
2003,0.48,0.37
2004,0.49,0.19
2005,0.48,0.18
2006,0.49,0.18
2007,0.45,0.34
2008,0.52,0.39
2009,0.52,0.39
2010,0.51,0.34
2011,0.51,0.36
2012,0.48,0.37
2013,0.47,0.3
2014,0.48,0.44
2015,0.48,0.31
2016,0.51,0.4
2017,0.5,0.1
2018,0.49,0.27
2019,0.48,0.41
2020,0.49,0.1
2021,0.78,0.16
2022,0.8,0.16
2023,0.77,0.14
2024,0.79,0.14
2025,0.78,0.35
2026,0.8,0.45
2027,0.78,0.44
2028,0.79,0.46
2029,0.75,0.45
2030,0.33,0.59
2031,0.32,0.51
2032,0.3,0.61
2033,0.32,0.44
2034,0.34,0.45
2035,0.31,0.52
2036,0.33,0.61
2037,0.39,0.69
2038,0.41,0.62
2039,0.41,0.62
2040,0.4,0.18
2041,0.4,0.16
2042,0.49,0.22
2043,0.4,0.47
2044,0.43,0.38
2045,0.38,0.17
2046,0.39,0.15
2047,0.38,0.53
2048,0.39,0.36
2049,0.35,0.12
2050,0.4,0.26
2051,0.38,0.7
2052,0.36,0.43
2053,0.33,0.43
2054,0.31,0.11
2055,0.34,0.07
2056,0.34,0.38
2057,0.32,0.14
2058,0.33,0.12
2059,0.33,0.23
2060,0.32,0.74
2061,0.35,0.72
2062,0.33,0.15
2063,0.37,0.16
2064,0.39,0.13
2065,0.39,0.36
2066,0.38,0.28
2067,0.37,0.24
2068,0.38,0.33
2069,0.4,0.29
2070,0.4,0.42
2071,0.48,0.23
2072,0.5,0.2
2073,0.52,0.09
2074,0.54,0.79
2075,0.52,0.49
2076,0.53,0.31
2077,0.74,0.15
2078,0.94,0.43
2079,0.95,0.13
2080,0.95,0.24
2081,0.95,0.23
2082,0.95,0.29
2083,0.7,0.28
2084,0.45,0.28
2085,0.44,0.27
2086,0.45,0.29
2087,0.43,0.82
2088,0.43,0.96
2089,0.44,0.84
2090,0.37,0.89
2091,0.32,0.83
2092,0.32,0.82
2093,0.32,0.85
2094,0.35,0.85
2095,0.32,0.36
2096,0.32,0.28
2097,0.32,0.28
2098,0.33,0.37
2099,0.34,0.82
2100,0.35,0.53
2101,0.33,0.74
2102,0.33,0.74
2103,0.34,0.71
2104,0.35,0.72
2105,0.34,0.69
2106,0.35,0.61
2107,0.33,0.51
2108,0.35,0.52
2109,0.35,0.61
2110,0.62,0.55
2111,0.61,0.52
2112,0.63,0.5
2113,0.61,0.55
2114,0.62,0.44
2115,0.55,0.4
2116,0.64,0.76
2117,0.64,0.53
2118,0.65,0.41
2119,0.63,0.35
2120,0.62,0.2
2121,0.48,0.22
2122,0.49,0.2
2123,0.49,0.2
2124,0.5,0.37
2125,0.49,0.48
2126,0.49,0.54
2127,0.44,0.6
2128,0.46,0.65
2129,0.46,0.54
2130,0.46,0.65
2131,0.45,0.36
2132,0.46,0.35
2133,0.46,0.37
2134,0.47,0.33
2135,0.51,0.34
2136,0.52,0.41
2137,0.5,0.36
2138,0.51,0.35
2139,0.51,0.35
2140,0.51,0.35
2141,0.49,0.5
2142,0.43,0.52
2143,0.41,0.49
2144,0.44,0.49
2145,0.43,0.87
2146,0.45,0.71
2147,0.43,0.64
2148,0.44,0.64
2149,0.44,0.68
2150,0.43,0.5
2151,0.45,0.51
2152,0.45,0.46
2153,0.45,0.51
2154,0.47,0.49
2155,0.46,0.51
2156,0.43,0.88
2157,0.85,0.85
2158,0.86,0.52
2159,0.85,0.39
2160,0.85,0.34
2161,0.85,0.3
2162,0.86,0.36
2163,0.85,0.34
2164,0.66,0.41
2165,0.5,0.37
2166,0.36,0.62
2167,0.48,0.69
2168,0.49,0.59
2169,0.49,0.35
2170,0.49,0.24
2171,0.5,0.26
2172,0.5,0.91
2173,0.48,0.27
2174,0.47,0.3
2175,0.36,0.49
2176,0.35,0.42
2177,0.35,0.52
2178,0.37,0.53
2179,0.35,0.56
2180,0.35,0.52
2181,0.35,0.51
2182,0.35,0.84
2183,0.35,0.7
2184,0.35,0.64
2185,0.33,0.71
2186,0.34,0.67
2187,0.32,0.64
2188,0.29,0.62
2189,0.3,0.62
2190,0.38,0.78
2191,0.33,0.76
2192,0.33,0.74
2193,0.32,0.78
2194,0.36,0.75
2195,0.34,0.78
2196,0.35,0.76
2197,0.32,0.43
2198,0.33,0.09
2199,0.33,0.3
2200,0.52,0.48
2201,0.72,0.22
2202,0.74,0.01
2203,0.72,0.23
2204,0.73,0.36
2205,0.72,0.35
2206,0.73,0.52
2207,0.73,0.41
2208,0.73,0.44
2209,0.53,0.44
2210,0.32,0.51
2211,0.32,0.69
2212,0.32,0.44
2213,0.32,0.44
2214,0.35,0.45
2215,0.32,0.5
2216,0.32,0.59
2217,0.32,0.46
2218,0.66,0.64
2219,0.65,0.49
2220,0.65,0.33
2221,0.66,0.36
2222,0.66,0.5
2223,0.64,0.36
2224,0.85,0.34
2225,0.82,0.33
2226,0.86,0.32
2227,0.85,0.42
2228,0.85,0.34
2229,0.86,0.34
2230,0.85,0.35
2231,0.7,0.53
2232,0.56,0.5
2233,0.55,0.64
2234,0.53,0.53
2235,0.54,0.35
2236,0.54,0.44
2237,0.51,0.48
2238,0.56,0.53
2239,0.55,0.49
2240,0.56,0.5
2241,0.56,0.27
2242,0.56,0.16
2243,0.56,0.19
2244,0.56,0.08
2245,0.56,0.15
2246,0.76,0.14
2247,0.52,0.4
2248,0.78,0.47
2249,0.79,0.5
2250,0.79,0.48
2251,0.79,0.45
2252,0.69,0.59
2253,0.41,0.49
2254,0.4,0.48
2255,0.12,0.51
2256,0.25,0.71
2257,0.38,0.4
2258,0.34,0.72
2259,0.33,0.47
2260,0.32,0.49
2261,0.33,0.23
2262,0.32,0.15
2263,0.32,0.16
2264,0.3,0.13
2265,0.31,0.14
2266,0.3,0.74
2267,0.3,0.52
2268,0.31,0.22
2269,0.31,0.8
2270,0.33,0.46
2271,0.33,0.59
2272,0.3,0.69
2273,0.31,0.48
2274,0.31,0.49
2275,0.38,0.49
2276,0.46,0.52
2277,0.46,0.52
2278,0.46,0.5
2279,0.48,0.48
2280,0.45,0.63
2281,0.95,0.32
2282,0.98,0.3
2283,0.97,0.41
2284,0.94,0.41
2285,0.95,0.33
2286,0.34,0.41
2287,0.34,0.32
2288,0.32,0.3
2289,0.34,0.32
2290,0.32,0.73
2291,0.34,0.59
2292,0.34,0.55
2293,0.39,0.68
2294,0.39,0.56
2295,0.41,0.55
2296,0.39,0.6
2297,0.38,0.62
2298,0.39,0.69
2299,0.41,0.33
2300,0.63,0.34
2301,0.93,0.36
2302,0.92,0.32
2303,0.93,0.56
2304,0.93,0.37
2305,0.93,0.35
2306,0.91,0.48
2307,0.93,0.28
2308,0.92,0.64
2309,0.88,0.27
2310,0.54,0.27
2311,0.53,0.27
2312,0.28,0.33
2313,0.52,0.28
2314,0.51,0.84
2315,0.52,0.31
2316,0.52,0.34
2317,0.51,0.33
2318,0.35,0.36
2319,0.32,0.34
2320,0.32,0.35
2321,0.34,0.89
2322,0.35,0.38
2323,0.52,0.82
2324,0.68,0.54
2325,0.67,0.1
2326,0.65,0.3
2327,0.67,0.5
2328,0.67,0.66
2329,0.66,0.58
2330,0.66,0.52
2331,0.69,0.52
2332,0.89,0.61
2333,0.89,0.56
2334,0.91,0.48
2335,0.76,0.51
2336,0.33,0.49
2337,0.33,0.87
2338,0.34,0.51
2339,0.33,0.5
2340,0.32,0.52
2341,0.32,0.71
2342,0.31,0.47
2343,0.32,0.07
2344,0.35,0.67
2345,0.43,0.11
2346,0.43,0.27
2347,0.43,0.48
2348,0.43,0.21
2349,0.44,0.27
2350,0.52,0.57
2351,0.57,0.48
2352,0.57,0.15
2353,0.56,0.15
2354,0.58,0.22
2355,0.58,0.23
2356,0.58,0.14
2357,0.6,0.14
2358,0.87,0.21
2359,0.87,0.24
2360,0.87,0.29
2361,0.86,0.27
2362,0.86,0.24
2363,0.79,0.76
2364,0.35,0.85
2365,0.32,0.81
2366,0.32,0.76
2367,0.31,0.77
2368,0.33,0.78
2369,0.31,0.74
2370,0.32,0.87
2371,0.32,0.87
2372,0.33,0.67
2373,0.33,0.87
2374,0.32,0.88
2375,0.31,0.84
2376,0.34,0.87
2377,0.32,0.68
2378,0.65,0.49
2379,0.72,0.48
2380,0.74,0.49
2381,0.72,0.53
2382,0.73,0.38
2383,0.73,0.38
2384,0.69,0.27
2385,0.89,0.29
2386,0.89,0.26
2387,0.89,0.38
2388,0.83,0.41
2389,0.8,0.42
2390,0.95,0.22
2391,0.94,0.33
2392,0.95,0.31
2393,0.94,0.36
2394,0.95,0.33
2395,0.94,0.37
2396,0.83,0.65
2397,0.94,0.34
2398,0.95,0.31
2399,0.54,0.46
2400,0.57,0.79
2401,0.54,0.91
2402,0.54,0.51
2403,0.52,0.11
2404,0.52,0.31
2405,0.32,0.7
2406,0.34,0.17
2407,0.32,0.19
2408,0.34,0.22
2409,0.33,0.09
2410,0.33,0.39
2411,0.32,0.27
2412,0.33,0.58
2413,0.38,0.34
2414,0.52,0.43
2415,0.51,0.42
2416,0.53,0.53
2417,0.51,0.43
2418,0.52,0.7
2419,0.51,0.56
2420,0.51,0.59
2421,0.49,0.81
2422,0.43,0.81
2423,0.43,0.81
2424,0.45,0.91
2425,0.41,0.9
2426,0.43,0.82
2427,0.42,0.42
2428,0.43,0.16
2429,0.45,0.22
2430,0.54,0.53
2431,0.54,0.39
2432,0.55,0.26
2433,0.54,0.17
2434,0.55,0.14
2435,0.55,0.15
2436,0.55,0.13
2437,0.64,0.2
2438,0.65,0.15
2439,0.65,0.37
2440,0.66,0.65
2441,0.65,0.69
2442,0.67,0.7
2443,0.29,0.91
2444,0.45,0.69
2445,0.43,0.69
2446,0.44,0.7
2447,0.43,0.58
2448,0.54,0.88
2449,0.91,0.83
2450,0.92,0.77
2451,0.91,0.81
2452,0.92,0.81
2453,0.32,0.65
2454,0.35,0.17
2455,0.43,0.82
2456,0.44,0.87
2457,0.43,0.13
2458,0.44,0.02
2459,0.43,0.02
2460,0.44,0.02
2461,0.42,0.32
2462,0.46,0.54
2463,0.56,0.38
2464,0.58,0.34
2465,0.56,0.34
2466,0.57,0.48
2467,0.56,0.41
2468,0.49,0.37
2469,0.44,0.24
2470,0.44,0.27
2471,0.44,0.14
2472,0.44,0.14
2473,0.44,0.19
2474,0.45,0.14
2475,0.8,0.12
2476,0.98,0.31
2477,0.98,0.25
2478,0.98,0.27
2479,0.98,0.26
2480,0.98,0.26
2481,0.98,0.23
2482,0.96,0.33
2483,0.91,0.91
2484,0.55,0.16
2485,0.41,0.18
2486,0.41,0.13
2487,0.41,0.15
2488,0.41,0.19
2489,0.42,0.14
2490,0.41,0.11
2491,0.36,0.38
2492,0.38,0.42
2493,0.38,0.74
2494,0.39,0.66
2495,0.38,0.4
2496,0.39,0.4
2497,0.39,0.39
2498,0.37,0.42
2499,0.77,0.55
2500,0.85,0.39
2501,0.86,0.56
2502,0.86,0.52
2503,0.85,0.5
2504,0.86,0.5
2505,0.86,0.5
2506,0.86,0.66
2507,0.53,0.48
2508,0.39,0.92
2509,0.48,0.71
2510,0.47,0.56
2511,0.49,0.66
2512,0.47,0.68
2513,0.48,0.6
2514,0.49,0.59
2515,0.48,0.74
2516,0.44,0.62
2517,0.43,0.5
2518,0.41,0.51
2519,0.42,0.5
2520,0.41,0.55
2521,0.78,0.53
2522,0.84,0.94
2523,0.78,0.59
2524,0.66,0.59
2525,0.56,0.53
2526,0.78,0.15
2527,0.78,0.15
2528,0.77,0.22
2529,0.79,0.5
2530,0.46,0.17
2531,0.47,0.2
2532,0.46,0.14
2533,0.46,0.28
2534,0.46,0.84
2535,0.47,0.54
2536,0.45,0.55
2537,0.46,0.36
2538,0.46,0.77
2539,0.45,0.73
2540,0.57,0.86
2541,0.6,0.29
2542,0.6,0.28
2543,0.59,0.27
2544,0.62,0.28
2545,0.6,0.24
2546,0.6,0.24
2547,0.7,0.3
2548,0.86,0.14
2549,0.86,0.24
2550,0.84,0.34
2551,0.8,0.34
2552,0.85,0.18
2553,0.86,0.2
2554,0.86,0.15
2555,0.86,0.24
2556,0.76,0.2
2557,0.75,0.22
2558,0.75,0.63
2559,0.76,0.77
2560,0.54,0.49
2561,0.7,0.6
2562,0.77,0.17
2563,0.67,0.15
2564,0.7,0.18
2565,0.69,0.14
2566,0.68,0.11
2567,0.55,0.53
2568,0.4,0.21
2569,0.54,0.14
2570,0.41,0.27
2571,0.41,0.86
2572,0.41,0.84
2573,0.4,0.89
2574,0.42,0.88
2575,0.41,0.89
2576,0.41,0.87
2577,0.41,0.57
2578,0.4,0.16
2579,0.4,0.68
2580,0.56,0.32
2581,0.7,0.14
2582,0.75,0.33
2583,0.88,0.67
2584,0.92,0.73
2585,0.91,0.3
2586,0.91,0.16
2587,0.92,0.66
2588,0.5,0.53
2589,0.52,0.43
2590,0.53,0.44
2591,0.53,0.44
2592,0.54,0.83
2593,0.55,0.46
2594,0.65,0.44
2595,0.63,0.47
2596,0.62,0.82
2597,0.39,0.69
2598,0.33,0.64
2599,0.29,0.59
2600,0.34,0.57
2601,0.61,0.58
2602,0.63,0.58
2603,0.63,0.4
2604,0.64,0.41
2605,0.64,0.78
2606,0.64,0.58
2607,0.64,0.29
2608,0.69,0.22
2609,0.85,0.29
2610,0.85,0.18
2611,0.85,0.29
2612,0.73,0.17
2613,0.05,0.2
2614,0.06,0.14
2615,0.04,0.09
2616,0.06,0.33
2617,0.04,0.09
2618,0.17,0.14
2619,0.31,0.39
2620,0.09,0.58
2621,0.09,0.2
2622,0.21,0.15
2623,0.19,0.15
2624,0.2,0.44
2625,0.18,0.16
2626,0.19,0.55
2627,0.12,0.3
2628,0.09,0.63
2629,0.08,0.2
2630,0.1,0.21
2631,0.33,0.2
2632,0.38,0.05
2633,0.36,0.15
2634,0.4,0.11
2635,0.49,0.13
2636,0.66,0.91
2637,0.64,0.81
2638,0.65,0.87
2639,0.64,0.2
2640,0.64,0.17
2641,0.42,0.21
2642,0.36,0.16
2643,0.22,0.11
2644,0.07,0.27
2645,0.06,0.18
2646,0.07,0.23
2647,0.06,0.13
2648,0.16,0.31
2649,0.16,0.17
2650,0.17,0.15
2651,0.41,0.16
2652,0.28,0.77
2653,0.38,0.96
2654,0.48,0.93
2655,0.46,1
2656,0.46,1
2657,0.47,1
2658,0.62,1
2659,0.61,1
2660,0.61,0.32
2661,0.6,0.18
2662,0.62,0.4
2663,0.6,0.57
2664,0.62,0.2
2665,0.53,0.39
2666,0.59,0.39
2667,0.58,0.32
2668,0.58,0.35
2669,0.59,0.33
2670,0.84,0.33
2671,0.97,0.25
2672,0.95,0.06
2673,0.97,0.15
2674,0.97,0.41
2675,0.97,0.46
2676,0.97,0.24
2677,0.97,0.23
2678,0.97,0.23
2679,0.71,0.31
2680,0.67,0.37
2681,0.85,0.33
2682,0.86,0.47
2683,0.86,0.84
2684,0.75,0.86
2685,0.33,0.5
2686,0.33,0.48
2687,0.33,0.37
2688,0.36,0.59
2689,0.37,0.25
2690,0.37,0.26
2691,0.36,0.25
2692,0.38,0.27
2693,0.37,0.25
2694,0.5,0.25
2695,0.76,0.25
2696,0.77,0.33
2697,0.76,0.3
2698,0.76,0.15
2699,0.76,0.15
2700,0.77,0.53
2701,0.73,0.48
2702,0.99,0.34
2703,1,0.24
2704,1,0.17
2705,1,0.13
2706,1,0.16
2707,1,0.52
2708,1,0.56
2709,1,0.6
2710,1,0.58
2711,0.78,0.5
2712,0.86,0.54
2713,0.85,0.52
2714,0.87,0.72
2715,0.76,0.21
2716,0.63,0.94
2717,0.25,0.15
2718,0.39,0.14
2719,0.38,0.14
2720,0.4,0.14
2721,0.38,0.12
2722,0.39,0.74
2723,0.38,0.56
2724,0.47,0.41
2725,0.99,0.22
2726,0.99,0.55
2727,0.99,0.43
2728,0.99,0.24
2729,0.93,0.26
2730,0.89,0.19
2731,0.95,0.27
2732,0.71,0.28
2733,0.07,0.29
2734,0.32,0.28
2735,0.32,0.28
2736,0.33,0.53
2737,0.33,0.53
2738,0.33,0.82
2739,0.33,0.48
2740,0.33,0.89
2741,0.31,0.92
2742,0.8,0.87
2743,0.95,0.73
2744,0.95,0.41
2745,0.95,0.42
2746,0.95,0.4
2747,0.9,0.47
2748,0.77,0.71
2749,0.61,0.23
2750,0.77,0.17
2751,0.88,0.18
2752,0.8,0.48
2753,0.75,0.16
2754,0.77,0.18
2755,0.76,0.16
2756,0.75,0.16
2757,0.74,0.24
2758,0.28,0.1
2759,0.25,0.1
2760,0.34,0.39
2761,0.33,0.69
2762,0.55,0.61
2763,0.34,0.14
2764,0.36,0.71
2765,0.4,0.71
2766,0.62,0.63
2767,0.6,0.17
2768,0.6,0.21
2769,0.61,0.15
2770,0.61,0.17
2771,0.6,0.42
2772,0.61,0.13
2773,0.52,0.13
2774,0.51,0.12
2775,0.5,0.84
2776,0.51,0.08
2777,0.49,0.54
2778,0.5,0.14
2779,0.49,0.2
2780,0.48,0.17
2781,0.99,0.6
2782,1,0.25
2783,0.99,0.22
2784,1,0.2
2785,0.67,0.14
2786,0.34,0.14
2787,0.3,0.13
2788,0.19,0.22
2789,0.32,0.15
2790,0.33,0.15
2791,0.31,0.13
2792,0.21,0.17
2793,0.27,0.83
2794,0.34,0.75
2795,0.33,0.88
2796,0.36,0.82
2797,0.33,0.89
2798,0.33,0.39
2799,0.34,0.83
2800,0.34,0.83
2801,0.32,0.83
2802,0.79,0.63
2803,0.88,0.33
2804,0.89,0.33
2805,0.88,0.32
2806,0.88,0.34
2807,0.89,0.34
2808,0.89,0.3
2809,0.88,0.43
2810,0.88,0.43
2811,0.74,0.49
2812,0.7,0.33
2813,0.69,0.3
2814,0.7,0.34
2815,0.7,0.35
2816,0.39,0.35
2817,0.33,0.33
2818,0.33,0.85
2819,0.34,0.68
2820,0.35,0.24
2821,0.34,0.25
2822,0.33,0.13
2823,0.33,0.28
2824,0.34,0.3
2825,0.33,0.3
2826,0.34,0.18
2827,0.33,0.31
2828,0.33,0.31
2829,0.53,0.24
2830,0.52,0.24
2831,0.52,0.19
2832,0.53,0.2
2833,0.52,0.14
2834,0.53,0.14
2835,0.52,0.2
2836,0.54,0.29
2837,0.53,0.06
2838,0.8,0.14
2839,0.81,0.17
2840,0.8,0.33
2841,0.8,0.57
2842,0.78,0.93
2843,0.85,0.79
2844,0.79,0.78
2845,0.93,0.77
2846,0.93,0.9
2847,0.93,0.78
2848,0.93,0.77
2849,0.93,0.77
2850,0.93,0.79
2851,0.34,0.43
2852,0.34,0.5
2853,0.33,0.49
2854,0.33,0.39
2855,0.33,0.6
2856,0.33,0.39
2857,0.32,0.42
2858,0.84,0.4
2859,0.95,0.31
2860,0.95,0.36
2861,0.95,0.46
2862,0.89,0.37
2863,0.79,0.42
2864,0.95,0.38
2865,0.95,0.3
2866,0.95,0.35
2867,0.95,0.34
2868,0.27,0.34
2869,0.13,0.79
2870,0.3,0.29
2871,0.41,0.28
2872,0.41,0.34
2873,0.4,0.36
2874,0.51,0.32
2875,0.5,0.56
2876,0.49,0.55
2877,0.49,0.56
2878,0.49,0.54
2879,0.5,0.56
2880,0.5,0.55
2881,0.5,0.51
2882,0.5,0.13
2883,0.74,0.22
2884,0.78,0.12
2885,0.79,0.12
2886,0.49,0.22
2887,0.48,0.34
2888,0.5,0.44
2889,0.27,0.27
2890,0.33,0.27
2891,0.34,0.53
2892,0.28,0.66
2893,0.27,0.95
2894,0.35,0.96
2895,0.32,0.77
2896,0.33,0.83
2897,0.3,0.7
2898,0.47,0.68
2899,0.46,0.85
2900,0.46,0.75
2901,0.47,0.76
2902,0.47,0.53
2903,0.46,0.88
2904,0.62,0.54
2905,0.95,0.21
2906,0.94,0.16
2907,0.94,0.17
2908,0.94,0.19
2909,0.94,0.2
2910,0.94,0.19
2911,0.87,0.09
2912,0.93,0.27
2913,0.94,0.2
2914,0.38,0.09
2915,0.35,0.26
2916,0.36,0.21
2917,0.36,0.15
2918,0.35,0.12
2919,0.35,0.2
2920,0.73,0.12
2921,1,0.18
2922,1,0.06
2923,1,0.2
2924,0.98,0.2
2925,0.98,0.89
2926,1,0.57
2927,1,0.39
2928,0.69,0.46
2929,0.56,0.43
2930,0.55,0.29
2931,0.56,0.45
2932,0.54,0.16
2933,0.55,0.25
2934,0.56,0.15
2935,0.54,0.15
2936,0.4,0.15
2937,0.4,0.34
2938,0.39,0.54
2939,0.39,0.8
2940,0.39,0.43
2941,0.4,0.45
2942,0.39,0.46
2943,0.39,0.44
2944,0.41,0.43
2945,0.48,0.5
2946,0.51,0.27
2947,0.5,0.3
2948,0.5,0.26
2949,0.51,0.28
2950,0.52,0.37
2951,0.51,0.31
2952,0.48,0.84
2953,0.43,0.24
2954,0.43,0.31
2955,0.42,0.24
2956,0.43,0.77
2957,0.43,0.58
2958,0.49,0.15
2959,0.51,0.16
2960,0.51,0.28
2961,0.51,0.3
2962,0.51,0.13
2963,0.5,0.26
2964,0.52,0.34
2965,0.46,0.33
2966,0.48,0.34
2967,0.49,0.4
2968,0.49,0.5
2969,0.48,0.57
2970,0.49,0.56
2971,0.49,0.45
2972,0.46,0.48
2973,0.9,0.47
2974,0.9,0.27
2975,0.89,0.37
2976,0.91,0.66
2977,0.9,0.38
2978,0.75,0.29
2979,0.88,0.32
2980,0.78,0.88
2981,0.8,0.35
2982,0.82,0.49
2983,0.81,0.41
2984,0.82,0.32
2985,0.61,0.45
2986,0.16,0.44
2987,0.29,0.6
2988,0.3,0.59
2989,0.33,0.51
2990,0.33,0.46
2991,0.34,0.45
2992,0.71,0.45
2993,0.7,0.14
2994,0.72,0.03
2995,0.7,0.15
2996,0.71,0.21
2997,0.63,0.19
2998,0.5,0.12
2999,0.48,0.29
3000,0.51,0.5
3001,0.48,0.4
3002,0.59,0.53
3003,0.29,0.53
3004,0.22,0.42
3005,0.37,0.6
3006,0.35,0.48
3007,0.31,0.94
3008,0.35,0.94
3009,0.34,0.84
3010,0.36,0.96
3011,0.35,0.96
3012,0.35,0.87
3013,0.29,0.83
3014,0.35,0.65
3015,0.33,0.54
3016,0.34,0.54
3017,0.33,0.48
3018,0.34,0.54
3019,0.32,0.93
3020,0.41,0.93
3021,0.39,0.54
3022,0.39,0.66
3023,0.41,0.96
3024,0.44,0.65
3025,0.41,0.61
3026,0.41,0.83
3027,0.4,0.74
3028,0.4,0.67
3029,0.39,0.68
3030,0.68,0.78
3031,0.67,0.64
3032,0.68,0.58
3033,0.67,0.35
3034,0.69,0.44
3035,0.66,0.27
3036,0.44,0.3
3037,0.43,0.33
3038,0.43,0.34
3039,0.42,0.39
3040,0.41,0.32
3041,0.41,0.34
3042,0.43,0.33
3043,0.41,0.21
3044,0.59,0.2
3045,0.99,0.16
3046,0.99,0.2
3047,0.95,0.1
3048,0.96,0.76
3049,0.99,0.78
3050,0.99,0.8
3051,0.99,0.79
3052,0.38,0.82
3053,0.22,0.84
3054,0.14,0.77
3055,0.34,0.79
3056,0.34,0.78
3057,0.33,0.47
3058,0.27,0.61
3059,0.31,0.24
3060,0.33,0.14
3061,0.33,0.3
3062,0.33,0.3
3063,0.32,0.84
3064,0.34,0.5
3065,0.33,0.29
3066,0.29,0.46
3067,0.33,0.37
3068,0.32,0.6
3069,0.32,0.66
3070,0.3,0.66
3071,0.32,0.48
3072,0.33,0.42
3073,0.55,0.32
3074,0.85,0.25
3075,0.84,0.21
3076,0.85,0.61
3077,0.85,0.29
3078,0.34,0.3
3079,0.34,0.31
3080,0.34,0.19
3081,0.33,0.21
3082,0.35,0.51
3083,0.33,0.5
3084,0.37,0.57
3085,0.34,0.46
3086,0.33,0.5
3087,0.32,0.49
3088,0.33,0.5
3089,0.33,0.51
3090,0.34,0.5
3091,0.33,0.52
3092,0.33,0.64
3093,0.33,0.83
3094,0.35,0.83
3095,0.34,0.83
3096,0.35,0.89
3097,0.43,0.8
3098,0.45,0.85
3099,0.44,0.8
3100,0.45,0.82
3101,0.44,0.64
3102,0.47,0.64
3103,0.45,0.46
3104,0.45,0.65
3105,0.39,0.45
3106,0.41,0.41
3107,0.41,0.49
3108,0.41,0.63
3109,0.41,0.49
3110,0.41,0.51
3111,0.82,0.51
3112,0.95,0.48
3113,0.95,0.47
3114,0.88,0.62
3115,0.88,0.44
3116,0.95,0.26
3117,0.95,0.17
3118,0.95,0.24
3119,0.95,0.51
3120,0.81,0.16
3121,0.31,0.27
3122,0.26,0.34
3123,0.33,0.24
3124,0.33,0.21
3125,0.33,0.27
3126,0.33,0.45
3127,0.33,0.45
3128,0.61,0.9
3129,1,0.44
3130,1,0.27
3131,1,0.23
3132,1,0.39
3133,0.73,0.28
3134,0.56,0.29
3135,0.8,0.29
3136,0.76,0.22
3137,0.81,0.27
3138,0.79,0.2
3139,0.81,0.27
3140,0.77,0.2
3141,0.57,0.31
3142,0.61,0.32
3143,0.8,0.41
3144,0.84,0.82
3145,0.75,0.56
3146,0.65,0.7
3147,0.66,0.34
3148,0.68,0.3
3149,0.68,0.31
3150,0.67,0.85
3151,0.6,0.64
3152,0.73,0.38
3153,0.72,0.19
3154,0.73,0.23
3155,0.73,0.33
3156,0.71,0.21
3157,0.63,0.3
3158,0.63,0.64
3159,0.64,0.2
3160,0.62,0.27
3161,0.62,0.28
3162,0.65,0.29
3163,0.87,0.32
3164,0.88,0.8
3165,0.41,0.41
3166,0.38,0.63
3167,0.38,0.94
3168,0.39,0.91
3169,0.38,0.92
3170,0.74,0.93
3171,0.76,0.9
3172,0.76,0.93
3173,0.75,0.93
3174,0.61,0.79
3175,0.55,0.42
3176,0.54,0.39
3177,0.53,0.41
3178,0.53,0.58
3179,1,0.51
3180,1,0.44
3181,1,0.42
3182,0.95,0.3
3183,0.97,0.67
3184,1,0.64
3185,1,0.39
3186,0.84,0.33
3187,0.35,0.34
3188,0.33,0.86
3189,0.34,0.37
3190,0.33,0.37
3191,0.32,0.28
3192,0.34,0.41
3193,0.34,0.29
3194,0.33,0.29
3195,0.54,0.29
3196,0.57,0.25
3197,0.57,0.36
3198,0.58,0.3
3199,0.57,0.27
3200,0.57,0.31
3201,0.57,0.31
3202,0.57,0.57
3203,0.58,0.32
3204,0.47,0.44
3205,0.36,0.3
3206,0.36,0.31
3207,0.36,0.31
3208,0.36,0.5
3209,0.39,0.19
3210,0.41,0.14
3211,0.42,0.1
3212,0.43,0.28
3213,0.42,0.13
3214,0.42,0.12
3215,0.43,0.13
3216,0.44,0.35
3217,0.42,0.27
3218,0.37,0.38
3219,0.38,0.38
3220,0.38,0.17
3221,0.38,0.26
3222,0.39,0.37
3223,0.36,0.16
3224,0.34,0.15
3225,0.33,0.21
3226,0.33,0.26
3227,0.35,0.27
3228,0.36,0.26
3229,0.34,0.26
3230,0.34,0.32
3231,0.35,0.4
3232,0.35,0.36
3233,0.35,0.39
3234,0.36,0.77
3235,0.44,0.36
3236,1,0.39
3237,1,0.37
3238,1,0.43
3239,1,0.76
3240,0.29,0.76
3241,0.38,0.41
3242,0.24,0.11
3243,0.04,0.1
3244,0.06,0.1
3245,0.04,0.1
3246,0.06,0.1
3247,0.05,0.1
3248,0.04,0.1
3249,0.04,0.1
3250,0.03,0.1
3251,0.02,0.1
3252,0.04,0.13
3253,0.02,0.1
3254,0.03,0.1
3255,0.02,0.1
3256,0.03,0.1
3257,0.02,0.1
3258,0.04,0.1
3259,0.05,0.1
3260,0.03,0.11
3261,0.03,0.1
3262,0.02,0.1
3263,0.03,0.1
3264,0.06,0.11
3265,0.04,0.1
3266,0.03,0.1
3267,0.03,0.1
3268,0.03,0.1
3269,0.03,0.1
3270,0.02,0.11
3271,0.07,0.1
3272,0.06,0.11
3273,0.05,0.1
3274,0.07,0.1
3275,0.06,0.1
3276,0.04,0.1
3277,0.04,0.11
3278,0.03,0.1
3279,0.02,0.1
3280,0.07,0.11
3281,0.04,0.1
3282,0.03,0.1
3283,0.02,0.09
3284,0.04,0.1
3285,0.02,0.1
3286,0.06,0.1
3287,0.07,0.1
3288,0.08,0.1
3289,0.05,0.1
3290,0.08,0.1
3291,0.07,0.1
3292,0.11,0.1
3293,0.05,0.1
3294,0.06,0.1
3295,0.06,0.1
3296,0.07,0.1
3297,0.05,0.1
3298,0.06,0.1
3299,0.09,0.1
3300,0.04,0.11
3301,0.03,0.1
3302,0.03,0.11
3303,0.04,0.1
3304,0.04,0.1
3305,0.02,0.1
3306,0.03,0.1
3307,0.02,0.1
3308,0.18,0.11
3309,0.16,0.1
3310,0.38,0.11
3311,0.32,0.1
3312,0.2,0.11
3313,0.42,0.1
3314,0.34,0.1
3315,0.16,0.1
3316,0.38,0.1
3317,0.26,0.1
3318,0.28,0.1
3319,0.28,0.1
3320,0.13,0.11
3321,0.17,0.1
3322,0.16,0.1
3323,0.12,0.14
3324,0.05,0.11
3325,0.03,0.1
3326,0.03,0.11
3327,0.15,0.11
3328,0.07,0.22
3329,0.06,0.16
3330,0.16,0.1
3331,0.11,0.1
3332,0.05,0.1
3333,0.06,0.1
3334,0.06,0.1
3335,0.04,0.1
3336,0.05,0.1
3337,0.04,0.1
3338,0.05,0.1
3339,0.04,0.1
3340,0.05,0.1
3341,0.04,0.1
3342,0.05,0.1
3343,0.03,0.1
3344,0.06,0.1
3345,0.05,0.1
3346,0.05,0.1
3347,0.04,0.1
3348,0.05,0.1
3349,0.04,0.1
3350,0.05,0.1
3351,0.04,0.1
3352,0.03,0.1
3353,0.05,0.1
3354,0.05,0.11
3355,0.06,0.1
3356,0.05,0.1
3357,0.04,0.1
3358,0.04,0.1
3359,0.04,0.1
3360,0.07,0.1
3361,0.06,0.1
3362,0.13,0.1
3363,0.25,0.1
3364,0.33,0.1
3365,0.3,0.1
3366,0.23,0.1
3367,0.32,0.1
3368,0.13,0.2
3369,0.1,0.37
3370,0.15,0.81
3371,0.15,0.57
3372,0.12,0.45
3373,0.26,0.44
3374,0.49,0.46
3375,0.51,0.26
3376,0.56,0.1
3377,0.63,0.1
3378,0.49,0.1
3379,0.46,0.11
3380,0.36,0.1
3381,0.46,0.11
3382,0.7,0.1
3383,0.79,0.11
3384,0.74,0.11
3385,0.55,0.1
3386,0.57,0.11
3387,0.64,0.11
3388,0.72,0.1
3389,0.68,0.11
3390,0.77,0.28
3391,0.49,0.45
3392,0.43,0.42
3393,0.52,0.45
3394,0.33,0.45
3395,0.31,0.44
3396,0.37,0.44
3397,0.15,0.43
3398,0.18,0.26
3399,0.23,0.1
3400,0.27,0.1
3401,0.24,0.1
3402,0.11,0.1
3403,0.05,0.1
3404,0.22,0.11
3405,0.23,0.1
3406,0.25,0.1
3407,0.21,0.1
3408,0.23,0.1
3409,0.21,0.1
3410,0.21,0.1
3411,0.27,0.1
3412,0.26,0.1
3413,0.22,0.1
3414,0.31,0.1
3415,0.24,0.1
3416,0.26,0.1
3417,0.18,0.1
3418,0.27,0.1
3419,0.24,0.1
3420,0.24,0.1
3421,0.28,0.1
3422,0.29,0.1
3423,0.33,0.1
3424,0.36,0.1
3425,0.16,0.1
3426,0.31,0.1
3427,0.27,0.1
3428,0.27,0.1
3429,0.22,0.11
3430,0.22,0.09
3431,0.26,0.44
3432,0.28,0.42
3433,0.23,0.65
3434,0.32,0.72
3435,0.5,0.6
3436,0.45,0.77
3437,0.33,0.81
3438,0.21,0.8
3439,0.1,0.88
3440,0.15,0.92
3441,0.31,0.92
3442,0.35,0.96
3443,0.34,0.88
3444,0.74,0.41
3445,0.87,0.22
3446,0.91,0.18
3447,0.84,0.2
3448,0.78,0.21
3449,0.54,0.2
3450,0.59,0.21
3451,0.58,0.19
3452,0.63,0.18
3453,0.86,0.2
3454,0.86,0.18
3455,0.8,0.23
3456,0.88,0.2
3457,0.82,0.21
3458,0.86,0.24
3459,0.84,0.21
3460,0.79,0.22
3461,0.16,0.21
3462,0.16,0.2
3463,0.25,0.22
3464,0.19,0.18
3465,0.23,0.77
3466,0.2,0.94
3467,0.14,0.93
3468,0.16,0.94
3469,0.09,0.96
3470,0.2,0.96
3471,0.43,0.98
3472,0.45,0.94
3473,0.33,0.97
3474,0.18,0.97
3475,0.25,0.83
3476,0.99,0.89
3477,1,0.81
3478,1,0.79
3479,1,0.81
3480,1,0.82
3481,1,0.81
3482,1,0.39
3483,0.56,0.39
3484,0.38,0.69
3485,0.1,0.64
3486,0.11,0.68
3487,0.1,0.65
3488,0.21,0.89
3489,0.94,0.64
3490,0.94,0.65
3491,0.88,0.81
3492,0.76,0.8
3493,0.55,0.74
3494,0.54,0.39
3495,0.53,0.28
3496,0.53,0.29
3497,0.56,0.51
3498,0.32,0.56
3499,0.25,0.56
3500,0.39,0.59
3501,0.59,0.32
3502,0.53,0.14
3503,0.57,0.18
3504,0.6,0.33
3505,0.5,0.42
3506,0.28,0.31
3507,0.33,0.54
3508,0.49,0.41
3509,0.58,0.32
3510,0.46,0.86
3511,0.3,0.58
3512,0.45,0.63
3513,0.57,0.69
3514,0.54,0.71
3515,0.57,0.77
3516,0.35,0.14
3517,0.35,0.2
3518,0.34,0.45
3519,0.36,0.99
3520,0.33,0.93
3521,0.33,0.5
3522,0.33,0.69
3523,0.34,0.63
3524,0.3,0.98
3525,0.33,0.76
3526,0.32,0.69
3527,0.32,0.24
3528,0.33,0.21
3529,0.34,0.75
3530,0.73,0.97
3531,0.82,0.71
3532,0.81,0.68
3533,0.81,0.67
3534,0.83,0.71
3535,0.36,0.77
3536,0.33,0.71
3537,0.34,0.28
3538,0.33,0.16
3539,0.33,0.14
3540,0.32,0.13
3541,0.34,0.14
3542,0.32,0.3
3543,0.32,0.12
3544,0.33,0.09
3545,0.4,0.16
3546,0.46,0.33
3547,0.47,0.42
3548,0.47,0.51
3549,0.48,0.46
3550,0.45,0.4
3551,0.47,0.43
3552,0.53,0.49
3553,0.74,0.45
3554,0.65,0.44
3555,0.57,0.58
3556,0.53,0.7
3557,0.51,0.75
3558,0.47,0.71
3559,0.44,0.72
3560,0.42,0.72
3561,0.04,0.71
3562,0.04,0.49
3563,0.1,0.51
3564,0.16,0.49
3565,0.08,0.7
3566,0.16,0.92
3567,0.31,0.94
3568,0.34,0.94
3569,0.34,0.7
3570,0.11,0.86
3571,0.07,0.74
3572,0.12,0.62
3573,0.35,0.2
3574,0.34,0.19
3575,0.35,0.14
3576,0.32,0.67
3577,0.33,0.75
3578,0.33,0.4
3579,0.35,0.59
3580,0.35,0.8
3581,0.49,0.7
3582,0.25,0.68
3583,0.24,0.68
3584,0.28,0.66
3585,0.36,0.83
3586,0.54,0.58
3587,0.57,0.41
3588,0.38,0.44
3589,0.24,0.46
3590,0.28,0.44
3591,0.36,0.36
3592,0.49,0.2
3593,0.51,0.74
3594,0.49,0.43
3595,0.39,0.44
3596,0.39,0.48
3597,0.57,0.72
3598,0.68,0.39
3599,0.69,0.39
3600,0.68,0.41
3601,0.68,0.56
3602,0.33,0.62
3603,0.29,0.56
3604,0.54,0.57
3605,0.55,0.49
3606,0.53,0.88
3607,0.27,0.69
3608,0.5,0.67
3609,0.43,0.69
3610,0.32,0.41
3611,0.33,0.92
3612,0.33,0.51
3613,0.32,0.32
3614,0.34,0.31
3615,0.33,0.44
3616,0.33,0.52
3617,0.37,0.89
3618,0.36,0.45
3619,0.37,0.53
3620,0.37,0.69
3621,0.59,0.79
3622,0.3,0.54
3623,0.24,0.37
3624,0.4,0.35
3625,0.58,0.28
3626,0.57,0.55
3627,0.57,0.24
3628,0.37,0.32
3629,0.24,0.43
3630,0.07,0.44
3631,0.06,0.59
3632,0.06,0.58
3633,0.15,0.56
3634,0.26,0.7
3635,0.32,0.51
3636,0.41,0.61
3637,0.13,0.59
3638,0.12,0.63
3639,0.12,0.56
3640,0.14,0.55
3641,0.27,0.71
3642,0.43,0.74
3643,0.41,0.49
3644,0.4,0.83
3645,0.15,0.71
3646,0.88,0.71
3647,0.89,0.69
3648,0.9,0.45
3649,0.89,0.45
3650,0.9,0.61
3651,0.33,0.9
3652,0.22,0.9
3653,0.47,0.96
3654,0.46,0.96
3655,0.57,0.88
3656,0.64,0.92
3657,0.61,0.91
3658,0.61,0.91
3659,0.61,0.68
3660,0.61,0.39
3661,0.6,0.39
3662,0.8,0.4
3663,0.66,0.23
3664,0.57,0.25
3665,0.49,0.43
3666,0.27,0.41
3667,0.27,0.45
3668,0.27,0.43
3669,0.35,0.42
3670,0.34,0.59
3671,0.35,0.72
3672,0.08,0.77
3673,0.07,0.74
3674,0.07,0.77
3675,0.06,0.75
3676,0.31,0.87
3677,0.33,0.62
3678,0.33,0.76
3679,0.07,0.61
3680,0.06,0.61
3681,0.24,0.65
3682,0.33,0.4
3683,0.32,0.37
3684,0.35,0.58
3685,0.24,0.65
3686,0.1,0.65
3687,0.08,0.56
3688,0.07,0.59
3689,0.13,0.59
3690,0.33,0.54
3691,0.32,0.39
3692,0.94,0.88
3693,0.72,0.58
3694,0.72,0.44
3695,0.71,0.38
3696,0.73,0.53
3697,0.89,0.42
3698,0.93,0.36
3699,0.7,0.38
3700,0.61,0.45
3701,0.4,0.51
3702,0.7,0.63
3703,0.68,0.32
3704,0.33,0.49
3705,0.09,0.47
3706,0.33,0.47
3707,0.32,0.22
3708,0.37,0.54
3709,0.22,0.49
3710,0.26,0.32
3711,0.42,0.21
3712,0.41,0.14
3713,0.42,0.19
3714,0.46,0.94
3715,0.13,0.38
3716,0.07,0.37
3717,0.26,0.28
3718,0.32,0.67
3719,0.31,0.26
3720,0.34,0.29
3721,0.71,0.44
3722,0.95,0.39
3723,0.89,0.44
3724,0.99,0.18
3725,0.99,0.37
3726,0.93,0.51
3727,0.88,0.51
3728,0.88,0.44
3729,0.73,0.5
3730,0.88,0.51
3731,0.86,0.34
3732,0.87,0.32
3733,0.87,0.53
3734,0.64,0.51
3735,0.73,0.54
3736,0.87,0.29
3737,0.85,0.22
3738,0.69,0.13
3739,0.31,0.18
3740,0.31,0.16
3741,0.32,0.33
3742,0.21,0.42
3743,0.18,0.4
3744,0.37,0.75
3745,0.33,0.76
3746,0.33,0.79
3747,0.31,0.82
3748,0.35,0.81
3749,0.21,0.86
3750,0.07,0.61
3751,0.16,0.59
3752,0.33,0.34
3753,0.32,0.41
3754,0.31,0.73
3755,0.73,0.39
3756,0.75,0.55
3757,0.47,0.6
3758,0.59,0.62
3759,0.74,0.25
3760,0.75,0.3
3761,0.69,0.4
3762,0.72,0.41
3763,0.76,0.48
3764,0.92,0.45
3765,0.94,0.24
3766,0.86,0.39
3767,0.76,0.38
3768,0.95,0.42
3769,0.94,0.3
3770,0.82,0.54
3771,0.13,0.56
3772,0.09,0.56
3773,0.09,0.51
3774,0.27,0.57
3775,0.37,0.41
3776,0.36,0.3
3777,0.37,0.37
3778,0.3,0.52
3779,0.82,0.41
3780,0.96,0.35
3781,0.96,0.14
3782,0.96,0.13
3783,0.92,0.18
3784,0.96,0.67
3785,0.8,0.73
3786,0.81,0.7
3787,0.94,0.66
3788,0.73,0.45
3789,0.39,0.32
3790,0.36,0.69
3791,0.1,0.64
3792,0.08,0.63
3793,0.31,0.43
3794,0.36,0.37
3795,0.36,0.31
3796,0.34,0.56
3797,0.29,0.72
3798,0.12,0.71
3799,0.34,0.76
3800,0.32,0.71
3801,0.36,0.61
3802,0.32,0.72
3803,0.11,0.66
3804,0.35,0.65
3805,0.33,0.64
3806,0.34,0.7
3807,0.28,0.83
3808,0.1,0.83
3809,0.34,0.81
3810,0.32,0.77
3811,0.31,0.62
3812,0.34,0.41
3813,0.32,0.43
3814,0.09,0.43
3815,0.27,0.49
3816,0.41,0.49
3817,0.38,0.18
3818,0.41,0.35
3819,0.25,0.51
3820,0.23,0.49
3821,0.35,0.42
3822,0.34,0.26
3823,0.33,0.5
3824,0.09,0.49
3825,0.32,0.59
3826,0.34,0.8
3827,0.33,0.79
3828,0.4,0.87
3829,0.43,0.87
3830,0.26,0.82
3831,0.25,0.85
3832,0.43,0.65
3833,0.44,0.66
3834,0.47,0.83
3835,0.34,0.85
3836,0.25,0.75
3837,0.53,0.76
3838,0.53,0.84
3839,0.54,0.77
3840,0.31,0.83
3841,0.41,0.81
3842,0.54,0.39
3843,0.52,0.3
3844,0.5,0.41
3845,0.37,0.29
3846,0.35,0.51
3847,0.18,0.57
3848,0.08,0.64
3849,0.21,0.61
3850,0.35,0.43
3851,0.45,0.81
3852,0.19,0.95
3853,0.16,0.95
3854,0.17,0.94
3855,0.36,0.95
3856,0.46,0.8
3857,0.46,0.47
3858,0.46,0.74
3859,0.16,0.7
3860,0.25,0.81
3861,0.35,0.46
3862,0.35,0.77
3863,0.32,0.56
3864,0.09,0.56
3865,0.34,0.56
3866,0.29,0.56
3867,0.32,0.28
3868,0.32,0.83
3869,0.16,0.85
3870,0.19,0.86
3871,0.34,0.8
3872,0.31,0.76
3873,0.33,0.84
3874,0.07,0.46
3875,0.29,0.48
3876,0.34,0.26
3877,0.32,0.21
3878,0.32,0.24
3879,0.33,0.44
3880,0.29,0.55
3881,0.07,0.55
3882,0.33,0.47
3883,0.32,0.25
3884,0.45,0.28
3885,0.5,0.14
3886,0.49,0.07
3887,0.52,0.36
3888,0.24,0.37
3889,0.4,0.42
3890,0.51,0.24
3891,0.66,0.16
3892,1,0.34
3893,0.92,0.51
3894,0.88,0.54
3895,1,0.47
3896,1,0.26
3897,1,0.27
3898,0.95,0.91
3899,1,0.95
3900,0.71,0.96
3901,0.93,0.96
3902,0.98,0.21
3903,0.98,0.14
3904,0.98,0.1
3905,0.48,0.79
3906,0.28,0.52
3907,0.56,0.24
3908,0.54,0.13
3909,0.57,0.15
3910,0.78,0.15
3911,0.78,0.1
3912,0.79,0.14
3913,0.79,0.23
3914,0.79,0.39
3915,0.5,0.41
3916,0.49,0.4
3917,0.17,0.39
3918,0.41,0.19
3919,0.48,0.2
3920,0.46,0.14
3921,0.44,0.11
3922,0.54,0.2
3923,0.47,0.43
3924,0.21,0.44
3925,0.21,0.5
3926,0.19,0.9
3927,0.16,0.51
3928,0.39,0.68
3929,0.42,0.26
3930,0.42,0.58
3931,0.37,0.54
3932,0.11,0.55
3933,0.1,0.52
3934,0.26,0.55
3935,0.38,0.22
3936,0.38,0.44
3937,0.13,0.46
3938,0.21,0.68
3939,0.72,0.29
3940,0.93,0.13
3941,0.93,0.69
3942,0.94,0.74
3943,0.94,0.87
3944,0.73,0.86
3945,0.88,0.86
3946,0.93,0.71
3947,0.85,0.53
3948,0.88,0.63
3949,0.85,0.58
3950,0.97,0.45
3951,0.96,0.3
3952,0.96,0.33
3953,0.96,0.3
3954,0.97,0.32
3955,0.92,0.34
3956,0.96,0.34
3957,0.46,0.38
3958,0.48,0.69
3959,0.17,0.61
3960,0.43,0.59
3961,0.45,0.16
3962,0.47,0.13
3963,0.34,0.17
3964,0.36,0.37
3965,0.18,0.41
3966,0.09,0.4
3967,0.23,0.41
3968,0.33,0.2
3969,0.35,0.42
3970,0.08,0.4
3971,0.13,0.38
3972,0.2,0.36
3973,0.45,0.42
3974,0.5,0.4
3975,0.5,0.26
3976,0.42,0.37
3977,0.18,0.44
3978,0.48,0.48
3979,0.75,0.4
3980,0.72,0.28
3981,0.74,0.3
3982,0.72,0.33
3983,0.74,0.56
3984,0.43,0.54
3985,0.28,0.65
3986,0.27,0.55
3987,0.54,0.62
3988,0.58,0.4
3989,0.6,0.44
3990,0.56,0.73
3991,0.22,0.63
3992,0.34,0.63
3993,0.33,0.21
3994,0.36,0.83
3995,0.22,0.66
3996,0.19,0.5
3997,0.54,0.39
3998,0.52,0.3
3999,0.53,0.86
4000,0.46,0.63
4001,0.26,0.61
4002,0.54,0.44
4003,0.51,0.35
4004,0.32,0.31
4005,0.33,0.4
4006,0.34,0.65
4007,0.31,0.65
4008,0.07,0.59
4009,0.07,0.54
4010,0.06,0.69
4011,0.29,0.56
4012,0.3,0.32
4013,0.53,0.42
4014,0.93,0.52
4015,0.81,0.61
4016,0.78,0.59
4017,0.93,0.47
4018,0.92,0.26
4019,0.91,0.39
4020,0.35,0.76
4021,0.07,0.74
4022,0.31,0.75
4023,0.31,0.49
4024,0.32,0.5
4025,0.36,0.53
4026,0.21,0.54
4027,0.11,0.53
4028,0.08,0.58
4029,0.1,0.59
4030,0.08,0.48
4031,0.08,0.49
4032,0.43,0.59
4033,0.68,0.45
4034,0.85,0.52
4035,0.84,0.26
4036,0.86,0.53
4037,0.7,0.78
4038,0.81,0.76
4039,0.8,0.67
4040,0.8,0.62
4041,0.91,0.61
4042,0.96,0.55
4043,0.66,0.34
4044,0.66,0.59
4045,0.4,0.55
4046,0.52,0.66
4047,0.63,0.26
4048,0.65,0.48
4049,0.55,0.62
4050,0.29,0.51
4051,0.12,0.89
4052,0.37,0.86
4053,0.37,0.86
4054,0.37,0.75
4055,0.36,0.59
4056,0.38,0.86
4057,0.38,0.86
4058,0.35,0.86
4059,0.69,0.54
4060,0.7,0.66
4061,0.78,0.87
4062,0.92,0.79
4063,0.91,0.33
4064,0.92,0.52
4065,0.43,0.64
4066,0.17,0.64
4067,0.34,0.85
4068,0.33,0.75
4069,0.31,0.39
4070,0.35,0.39
4071,0.26,0.65
4072,0.13,0.62
4073,0.33,0.72
4074,0.34,0.37
4075,0.32,0.39
4076,0.32,0.36
4077,0.34,0.82
4078,0.33,0.52
4079,0.06,0.51
4080,0.28,0.55
4081,0.5,0.55
4082,0.51,0.67
4083,0.51,0.53
4084,0.52,0.85
4085,0.52,0.66
4086,0.22,0.71
4087,0.21,0.71
4088,0.42,0.62
4089,0.52,0.33
4090,0.33,0.61
4091,0.34,0.38
4092,0.33,0.62
4093,0.11,0.61
4094,0.37,0.58
4095,0.34,0.42
4096,0.32,0.61
4097,0.35,0.53
4098,0.23,0.53
4099,0.36,0.49
4100,0.92,0.44
4101,0.91,0.33
4102,0.92,0.5
4103,0.73,0.49
4104,0.34,0.47
4105,0.16,0.43
4106,0.31,0.49
4107,0.48,0.36
4108,0.49,0.9
4109,0.47,0.96
4110,0.16,0.98
4111,0.16,0.94
4112,0.16,0.96
4113,0.12,0.8
4114,0.43,0.79
4115,0.42,0.54
4116,0.44,0.54
4117,0.41,0.53
4118,0.43,0.38
4119,0.39,0.3
4120,0.54,0.22
4121,0.53,0.3
4122,0.56,0.3
4123,0.54,0.31
4124,0.55,0.29
4125,0.55,0.5
4126,0.32,0.56
4127,0.39,0.65
4128,0.57,0.76
4129,0.57,0.81
4130,0.59,0.79
4131,0.47,0.8
4132,0.36,0.64
4133,0.34,0.79
4134,0.37,0.79
4135,0.53,0.82
4136,0.53,0.68
4137,0.32,0.18
4138,0.35,0.16
4139,0.33,0.44
4140,0.08,0.52
4141,0.23,0.3
4142,0.48,0.36
4143,0.56,0.13
4144,0.57,0.48
4145,0.56,0.94
4146,0.38,0.99
4147,0.28,0.99
4148,0.26,0.95
4149,0.29,0.76
4150,0.36,0.9
4151,0.34,0.65
4152,0.35,0.64
4153,0.34,0.78
4154,0.09,0.81
4155,0.08,0.81
4156,0.1,0.67
4157,0.26,0.82
4158,0.36,0.79
4159,0.5,0.57
4160,0.51,0.77
4161,0.18,0.56
4162,0.44,0.55
4163,0.5,0.28
4164,0.53,0.52
4165,0.3,0.55
4166,0.18,0.44
4167,0.28,0.36
4168,1,0.21
4169,1,0.36
4170,0.96,0.41
4171,0.98,0.4
4172,1,0.22
4173,1,0.23
4174,0.98,0.49
4175,0.38,0.47
4176,0.26,0.49
4177,0.51,0.34
4178,0.52,0.67
4179,0.4,0.48
4180,0.16,0.48
4181,0.41,0.46
4182,0.41,0.51
4183,0.37,0.58
4184,0.37,0.86
4185,0.4,0.54
4186,0.4,0.67
4187,0.41,0.74
4188,0.33,0.79
4189,0.08,0.78
4190,0.1,0.59
4191,0.12,0.47
4192,0.37,0.58
4193,0.34,0.38
4194,0.39,0.45
4195,0.37,0.53
4196,0.08,0.52
4197,0.05,0.74
4198,0.06,0.82
4199,0.29,0.82
4200,0.32,0.87
4201,0.31,0.74
4202,0.64,0.64
4203,0.54,0.66
4204,0.35,0.79
4205,0.19,0.97
4206,0.16,0.95
4207,0.14,0.94
4208,0.33,0.96
4209,0.44,0.74
4210,0.46,0.66
4211,0.37,0.79
4212,0.19,0.78
4213,0.44,0.73
4214,0.51,0.59
4215,0.59,0.6
4216,0.6,0.47
4217,0.58,0.23
4218,0.58,0.22
4219,0.57,0.26
4220,0.61,0.52
4221,0.39,0.55
4222,0.28,0.5
4223,0.32,0.44
4224,0.5,0.52
4225,0.48,0.44
4226,0.48,0.22
4227,0.47,0.4
4228,0.56,0.38
4229,0.32,0.31
4230,0.33,0.11
4231,0.33,0.22
4232,0.29,0.39
4233,0.1,0.47
4234,0.43,0.47
4235,0.43,0.31
4236,0.46,0.51
4237,0.3,0.48
4238,0.16,0.5
4239,0.16,0.45
4240,0.16,0.48
4241,0.21,0.49
4242,0.44,0.41
4243,0.41,0.26
4244,0.33,0.52
4245,0.06,0.48
4246,0.07,0.55
4247,0.26,0.37
4248,0.33,0.44
4249,0.32,0.63
4250,0.11,0.63
4251,0.34,0.68
4252,0.34,0.46
4253,0.33,0.55
4254,0.14,0.65
4255,0.24,0.48
4256,0.23,0.44
4257,0.22,0.4
4258,0.21,0.41
4259,0.5,0.77
4260,0.55,0.48
4261,0.67,0.18
4262,0.7,0.31
4263,0.59,0.49
4264,0.39,0.42
4265,0.41,0.44
4266,0.62,0.26
4267,0.69,0.2
4268,0.67,0.21
4269,0.69,0.17
4270,0.66,0.16
4271,0.68,0.19
4272,0.7,0.33
4273,0.38,0.54
4274,0.63,0.45
4275,0.69,0.33
4276,0.51,0.24
4277,0.43,0.43
4278,0.26,0.42
4279,0.53,0.38
4280,0.41,0.31
4281,0.36,0.35
4282,0.11,0.52
4283,0.21,0.39
4284,0.34,0.22
4285,0.36,0.28
4286,0.25,0.36
4287,0.08,0.79
4288,0.08,0.82
4289,0.14,0.8
4290,0.32,0.77
4291,0.32,0.7
4292,0.32,0.81
4293,0.07,0.83
4294,0.06,0.81
4295,0.06,0.79
4296,0.27,0.83
4297,0.32,0.61
4298,0.32,0.69
4299,0.34,0.59
4300,0.29,0.53
4301,0.13,0.59
4302,0.6,0.43
4303,0.66,0.41
4304,0.68,0.53
4305,0.56,0.57
4306,0.33,0.55
4307,0.3,0.6
4308,0.53,0.72
4309,0.56,0.73
4310,0.54,0.89
4311,0.55,0.91
4312,0.32,0.91
4313,0.25,0.91
4314,0.25,0.89
4315,0.35,0.92
4316,0.6,0.27
4317,0.68,0.16
4318,0.66,0.16
4319,0.69,0.2
4320,0.68,0.38
4321,0.37,0.4
4322,0.61,0.44
4323,0.69,0.18
4324,0.69,0.21
4325,0.74,0.5
4326,0.55,0.41
4327,0.79,0.49
4328,0.79,0.26
4329,0.8,0.28
4330,0.76,0.4
4331,0.52,0.41
4332,0.35,0.46
4333,0.38,0.28
4334,0.37,0.26
4335,0.39,0.32
4336,0.28,0.45
4337,0.11,0.44
4338,0.09,0.46
4339,0.13,0.68
4340,0.34,0.65
4341,0.31,0.5
4342,0.43,0.4
4343,0.48,0.46
4344,0.48,0.61
4345,0.49,0.63
4346,0.32,0.54
4347,0.23,0.44
4348,0.43,0.59
4349,0.35,0.52
4350,0.32,0.16
4351,0.32,0.6
4352,0.33,0.6
4353,0.28,0.6
4354,0.98,0.55
4355,0.99,0.57
4356,1,0.35
4357,1,0.35
4358,0.99,0.39
4359,0.98,0.37
4360,0.99,0.32
4361,1,0.13
4362,1,0.15
4363,0.35,0.17
4364,0.35,0.65
4365,0.07,0.66
4366,0.26,0.93
4367,0.35,0.39
4368,0.41,0.62
4369,0.21,0.68
4370,0.2,0.52
4371,0.4,0.28
4372,0.39,0.28
4373,0.55,0.3
4374,0.67,0.36
4375,0.4,0.39
4376,0.4,0.37
4377,0.43,0.33
4378,0.7,0.38
4379,0.69,0.36
4380,0.71,0.6
4381,0.46,0.65
4382,0.41,0.65
4383,0.36,0.66
4384,0.35,0.83
4385,0.36,0.87
4386,0.33,0.93
4387,0.15,0.91
4388,0.34,0.98
4389,0.34,0.84
4390,0.29,0.91
4391,0.35,0.48
4392,0.24,0.46
4393,0.08,0.47
4394,0.1,0.42
4395,0.34,0.36
4396,0.33,0.33
4397,0.34,0.58
4398,0.33,0.65
4399,0.06,0.72
4400,0.08,0.68
4401,0.35,0.72
4402,0.38,0.49
4403,0.38,0.48
4404,0.41,0.6
4405,0.24,0.59
4406,0.11,0.57
4407,0.22,0.46
4408,0.4,0.37
4409,0.36,0.55
4410,0.12,0.65
4411,0.32,0.55
4412,0.31,0.3
4413,0.3,0.24
4414,0.31,0.12
4415,0.62,0.75
4416,0.63,0.4
4417,0.28,0.36
4418,0.27,0.38
4419,0.26,0.39
4420,0.43,0.47
4421,0.43,0.53
4422,0.67,0.22
4423,0.72,0.26
4424,0.74,0.55
4425,0.62,0.54
4426,0.44,0.54
4427,0.49,0.53
4428,0.74,0.47
4429,0.51,0.48
4430,0.53,0.56
4431,0.2,0.55
4432,0.2,0.55
4433,0.42,0.47
4434,0.52,0.42
4435,0.52,0.19
4436,0.52,0.48
4437,0.19,0.41
4438,0.34,0.41
4439,0.55,0.42
4440,0.66,0.5
4441,0.65,0.21
4442,0.77,0.63
4443,0.35,0.5
4444,0.66,0.54
4445,0.66,0.28
4446,0.59,0.23
4447,0.54,0.25
4448,0.53,0.22
4449,0.55,0.42
4450,0.38,0.6
4451,0.35,0.61
4452,0.55,0.51
4453,0.52,0.35
4454,0.44,0.65
4455,0.39,0.89
4456,0.4,0.94
4457,0.12,0.94
4458,0.11,0.93
4459,0.39,0.91
4460,0.4,0.67
4461,0.33,0.9
4462,0.16,0.9
4463,0.63,0.8
4464,0.73,0.8
4465,0.61,0.69
4466,0.42,0.79
4467,0.45,0.78
4468,0.72,0.72
4469,0.71,0.57
4470,0.71,0.51
4471,0.63,0.75
4472,0.26,0.78
4473,0.21,0.77
4474,0.21,0.78
4475,0.4,0.79
4476,0.52,0.78
4477,0.53,0.89
4478,0.24,0.9
4479,0.43,0.7
4480,0.82,0.76
4481,0.89,0.6
4482,0.9,0.52
4483,0.9,0.59
4484,0.48,0.76
4485,0.17,0.75
4486,0.17,0.75
4487,0.49,0.88
4488,0.59,0.95
4489,0.37,0.95
4490,0.39,0.95
4491,0.47,0.94
4492,0.47,0.94
4493,0.53,0.95
4494,0.79,0.42
4495,0.76,0.24
4496,0.77,0.27
4497,0.77,0.53
4498,0.56,0.46
4499,0.93,0.54
4500,0.98,0.34
4501,0.99,0.25
4502,1,0.43
4503,0.97,0.65
4504,0.93,0.8
4505,0.93,0.79
4506,0.58,0.75
4507,0.19,0.8
4508,0.44,0.71
4509,0.47,0.59
4510,0.47,0.79
4511,0.26,0.79
4512,0.28,0.75
4513,0.46,0.83
4514,0.59,0.83
4515,0.75,0.76
4516,0.76,0.73
4517,0.71,0.87
4518,0.47,0.87
4519,0.49,0.35
4520,0.75,0.92
4521,0.63,0.34
4522,0.33,0.13
4523,0.31,0.11
4524,0.36,0.3
4525,0.23,0.39
4526,0.14,0.37
4527,0.57,0.43
4528,0.57,0.92
4529,0.57,0.28
4530,0.58,0.65
4531,0.24,0.49
4532,0.43,0.5
4533,0.54,0.44
4534,0.57,0.14
4535,0.52,0.15
4536,0.53,0.14
4537,0.53,0.18
4538,0.45,0.4
4539,0.27,0.41
4540,0.5,0.57
4541,0.54,0.39
4542,0.57,0.68
4543,0.49,0.57
4544,0.32,0.57
4545,0.57,0.59
4546,0.57,0.39
4547,0.57,0.58
4548,0.35,0.58
4549,0.46,0.51
4550,0.58,0.39
4551,0.39,0.27
4552,0.4,0.17
4553,0.4,0.42
4554,0.32,0.42
4555,0.16,0.38
4556,0.34,0.47
4557,0.35,0.26
4558,0.31,0.34
4559,0.33,0.61
4560,0.24,0.46
4561,0.19,0.41
4562,0.57,0.42
4563,0.55,0.19
4564,0.56,0.16
4565,0.55,0.3
4566,0.57,0.58
4567,0.21,0.59
4568,0.23,0.57
4569,0.46,0.81
4570,0.45,0.48
4571,0.31,0.16
4572,0.32,0.39
4573,0.05,0.41
4574,0.29,0.38
4575,0.32,0.18
4576,0.33,0.24
4577,0.63,0.34
4578,0.99,0.42
4579,0.99,0.37
4580,0.99,0.48
4581,1,0.18
4582,1,0.32
4583,0.97,0.44
4584,0.74,0.4
4585,0.77,0.21
4586,0.79,0.3
4587,0.67,0.42
4588,0.5,0.39
4589,0.99,0.42
4590,1,0.63
4591,1,0.66
4592,1,0.66
4593,1,0.8
4594,0.78,0.84
4595,0.97,0.83
4596,0.99,0.71
4597,0.99,0.71
4598,0.97,0.66
4599,0.91,0.7
4600,0.52,0.73
4601,0.36,0.66
4602,0.36,0.56
4603,0.34,0.49
4604,0.39,0.49
4605,0.35,0.58
4606,0.1,0.54
4607,0.29,0.54
4608,0.37,0.43
4609,0.36,0.48
4610,0.79,0.46
4611,0.54,0.4
4612,0.77,0.54
4613,0.83,0.16
4614,0.84,0.26
4615,0.79,0.52
4616,0.25,0.4
4617,0.51,0.2
4618,0.51,0.15
4619,0.51,0.36
4620,0.41,0.42
4621,0.18,0.42
4622,0.22,0.48
4623,0.48,0.9
4624,0.48,0.79
4625,0.46,0.76
4626,0.47,0.78
4627,0.5,0.92
4628,0.23,0.89
4629,0.48,0.49
4630,0.58,0.35
4631,0.56,0.17
4632,0.56,0.41
4633,0.57,0.53
4634,0.57,0.53
4635,0.55,0.76
4636,0.54,0.8
4637,0.56,0.92
4638,0.3,0.89
4639,0.29,0.85
4640,0.28,0.9
4641,0.27,0.77
4642,0.31,0.75
4643,0.59,0.76
4644,0.6,0.46
4645,0.59,0.77
4646,0.89,0.84
4647,0.95,0.69
4648,0.98,0.39
4649,0.98,0.47
4650,0.96,0.71
4651,0.87,0.61
4652,0.3,0.61
4653,0.33,0.47
4654,0.3,0.5
4655,0.34,0.39
4656,0.31,0.77
4657,0.07,0.75
4658,0.1,0.79
4659,0.32,0.62
4660,0.39,0.77
4661,0.76,0.79
4662,0.62,0.79
4663,0.5,0.52
4664,0.78,0.45
4665,0.76,0.24
4666,0.5,0.6
4667,0.15,0.53
4668,0.2,0.47
4669,0.34,0.32
4670,0.34,0.32
4671,0.31,0.25
4672,0.48,0.37
4673,0.38,0.73
4674,0.22,0.72
4675,0.27,0.77
4676,0.45,0.62
4677,0.35,0.47
4678,0.36,0.71
4679,0.35,0.35
4680,0.31,0.2
4681,0.33,0.18
4682,0.43,0.44
4683,0.1,0.52
4684,0.29,0.49
4685,0.32,0.25
4686,0.34,0.17
4687,0.33,0.41
4688,0.08,0.39
4689,0.27,0.42
4690,0.93,0.54
4691,0.93,0.31
4692,0.94,0.51
4693,0.79,0.54
4694,0.83,0.53
4695,0.93,0.7
4696,0.69,0.35
4697,0.76,0.54
4698,0.69,0.7
4699,0.48,0.62
4700,0.38,0.63
4701,0.38,0.57
4702,0.37,0.42
4703,0.4,0.62
4704,0.15,0.58
4705,0.74,0.62
4706,0.94,0.7
4707,0.98,0.48
4708,0.98,0.82
4709,0.93,0.85
4710,0.86,0.63
4711,0.86,0.61
4712,0.86,0.6
4713,0.56,0.59
4714,0.22,0.94
4715,0.25,0.95
4716,0.49,0.88
4717,0.52,0.92
4718,0.35,0.94
4719,0.22,0.75
4720,0.33,0.78
4721,0.51,0.62
4722,0.5,0.59
4723,0.45,0.45
4724,0.48,0.39
4725,0.18,0.43
4726,0.15,0.42
4727,0.36,0.6
4728,0.44,0.44
4729,0.45,0.19
4730,0.44,0.32
4731,0.41,0.33
4732,0.44,0.3
4733,0.4,0.47
4734,0.16,0.48
4735,0.42,0.66
4736,0.4,0.31
4737,0.39,0.44
4738,0.28,0.74
4739,0.18,0.58
4740,0.38,0.81
4741,0.38,0.38
4742,0.39,0.51
4743,0.41,0.44
4744,0.37,0.59
4745,0.13,0.54
4746,0.15,0.57
4747,0.45,0.63
4748,0.38,0.32
4749,0.64,0.56
4750,0.72,0.5
4751,0.82,0.4
4752,0.9,0.25
4753,0.9,0.16
4754,0.55,0.21
4755,0.47,0.4
4756,0.24,0.39
4757,0.29,0.41
4758,0.54,0.15
4759,0.58,0.45
4760,0.4,0.48
4761,0.19,0.38
4762,0.17,0.4
4763,0.24,0.35
4764,0.52,0.54
4765,0.51,0.39
4766,0.49,0.17
4767,0.45,0.15
4768,0.44,0.78
4769,0.47,0.82
4770,0.43,0.9
4771,0.21,0.9
4772,0.48,0.71
4773,0.48,0.55
4774,0.47,0.5
4775,0.47,0.51
4776,0.46,0.49
4777,0.7,0.48
4778,0.68,0.42
4779,0.69,0.27
4780,0.69,0.26
4781,0.7,0.42
4782,0.61,0.54
4783,0.39,0.54
4784,0.34,0.52
4785,0.13,0.48
4786,0.32,0.58
4787,0.34,0.95
4788,0.32,0.91
4789,0.34,0.95
4790,0.07,0.95
4791,0.1,0.94
4792,0.47,0.95
4793,0.62,0.41
4794,0.62,0.52
4795,0.62,0.51
4796,0.28,0.45
4797,0.56,0.46
4798,0.6,0.45
4799,0.62,0.33
4800,0.54,0.46
4801,0.56,0.47
4802,0.79,0.38
4803,0.77,0.26
4804,0.66,0.22
4805,0.33,0.28
4806,0.35,0.48
4807,0.09,0.4
4808,0.26,0.49
4809,0.33,0.35
4810,0.34,0.19
4811,0.35,0.24
4812,0.26,0.41
4813,0.15,0.53
4814,0.35,0.24
4815,0.33,0.21
4816,0.29,0.76
4817,0.41,0.78
4818,0.74,0.72
4819,0.73,0.55
4820,0.74,0.69
4821,0.48,0.75
4822,0.56,0.4
4823,0.73,0.26
4824,0.75,0.34
4825,0.53,0.42
4826,0.44,0.39
4827,0.16,0.4
4828,0.36,0.25
4829,0.35,0.22
4830,0.35,0.12
4831,0.35,0.34
4832,0.33,0.85
4833,0.1,0.85
4834,0.12,0.82
4835,0.35,0.67
4836,0.55,0.73
4837,0.93,0.57
4838,0.72,0.55
4839,0.89,0.39
4840,0.93,0.14
4841,0.93,0.13
4842,0.94,0.34
4843,0.77,0.53
4844,0.82,0.53
4845,0.6,0.4
4846,0.4,0.29
4847,0.39,0.28
4848,0.41,0.78
4849,0.12,0.46
4850,0.13,0.43
4851,0.4,0.25
4852,0.81,0.44
4853,0.66,0.47
4854,0.56,0.52
4855,0.61,0.63
4856,0.82,0.52
4857,0.81,0.41
4858,0.79,0.62
4859,0.54,0.61
4860,0.33,0.63
4861,0.44,0.48
4862,0.55,0.35
4863,0.54,0.37
4864,0.56,0.3
4865,0.51,0.61
4866,0.3,0.56
4867,0.32,0.55
4868,0.58,0.46
4869,0.66,0.46
4870,0.61,0.78
4871,0.2,0.77
4872,0.42,0.78
4873,0.45,0.52
4874,0.49,0.73
4875,0.22,0.78
4876,0.38,0.79
4877,0.48,0.59
4878,0.53,0.57
4879,0.52,0.48
4880,0.54,0.66
4881,0.46,0.85
4882,0.22,0.84
4883,0.24,0.85
4884,0.51,0.67
4885,0.53,0.44
4886,0.44,0.61
4887,0.17,0.61
4888,0.12,0.63
4889,0.3,0.43
4890,0.33,0.35
4891,0.34,0.58
4892,0.31,0.84
4893,0.08,0.61
4894,0.09,0.57
4895,0.59,0.52
4896,0.83,0.51
4897,0.81,0.33
4898,0.83,0.53
4899,0.55,0.54
4900,0.75,0.63
4901,0.82,0.41
4902,0.84,0.76
4903,0.49,0.61
4904,0.43,0.64
4905,0.66,0.62
4906,0.66,0.39
4907,0.65,0.36
4908,0.66,0.35
4909,0.66,0.59
4910,0.51,0.62
4911,0.4,0.6
4912,0.94,0.94
4913,0.94,0.39
4914,0.94,0.22
4915,0.94,0.25
4916,0.94,0.54
4917,0.77,0.47
4918,0.74,0.49
4919,0.74,0.62
4920,0.75,0.7
4921,0.47,0.69
4922,0.47,0.79
4923,0.5,0.63
4924,0.48,0.48
4925,0.47,0.44
4926,0.48,0.67
4927,0.17,0.69
4928,0.18,0.63
4929,0.19,0.47
4930,0.38,0.53
4931,0.39,0.31
4932,0.34,0.42
4933,0.22,0.52
4934,0.1,0.5
4935,0.1,0.47
4936,0.15,0.52
4937,0.71,0.75
4938,0.72,0.99
4939,0.72,0.99
4940,0.4,0.99
4941,0.41,0.99
4942,0.41,0.99
4943,0.67,0.51
4944,0.71,0.23
4945,0.72,0.41
4946,0.56,0.53
4947,0.6,0.5
4948,0.83,0.66
4949,0.83,0.33
4950,0.83,0.54
4951,0.56,0.54
4952,0.78,0.6
4953,0.82,0.34
4954,0.83,0.36
4955,0.52,0.47
4956,0.28,0.47
4957,0.39,0.44
4958,0.57,0.23
4959,0.59,0.41
4960,0.34,0.42
4961,0.27,0.44
4962,0.46,0.39
4963,0.58,0.36
4964,0.54,0.69
4965,0.64,0.43
4966,0.33,0.43
4967,0.33,0.45
4968,0.59,0.39
4969,0.64,0.37
4970,0.62,0.41
4971,0.33,0.38
4972,0.34,0.48
4973,0.62,0.39
4974,0.34,0.6
4975,0.24,0.43
4976,0.11,0.39
4977,0.35,0.7
4978,0.31,0.13
4979,0.34,0.26
4980,0.54,0.38
4981,0.28,0.39
4982,0.46,0.7
4983,0.6,0.16
4984,0.6,0.17
4985,0.6,0.29
4986,0.41,0.42
4987,0.37,0.43
4988,0.53,0.47
4989,0.57,0.23
4990,0.56,0.4
4991,0.58,0.52
4992,0.29,0.49
4993,0.45,0.45
4994,0.56,0.15
4995,0.6,0.19
4996,0.62,0.35
4997,0.63,0.39
4998,0.64,0.6
4999,0.25,0.67
5000,0.22,0.67
5001,0.21,0.64
5002,0.19,0.67
5003,0.39,0.67
5004,0.51,0.49
5005,0.48,0.3
5006,0.63,0.27
5007,0.63,0.38
5008,0.64,0.54
5009,0.33,0.54
5010,0.43,0.94
5011,0.62,0.29
5012,0.64,0.85
5013,0.63,0.57
5014,0.34,0.53
5015,0.79,0.56
5016,0.95,0.35
5017,0.96,0.41
5018,0.85,0.52
5019,0.78,0.54
5020,0.78,0.44
5021,0.8,0.51
5022,0.96,0.42
5023,0.95,0.23
5024,0.95,0.33
5025,0.32,0.39
5026,0.12,0.41
5027,0.13,0.4
5028,0.12,0.48
5029,0.12,0.46
5030,0.13,0.39
5031,0.19,0.46
5032,0.41,0.74
5033,0.54,0.26
5034,0.87,0.37
5035,0.6,0.44
5036,0.6,0.36
5037,0.81,0.45
5038,0.51,0.36
5039,0.33,0.26
5040,0.35,0.66
5041,0.08,0.91
5042,0.08,0.91
5043,0.23,0.88
5044,0.73,0.91
5045,0.84,0.83
5046,0.85,0.86
5047,0.8,0.92
5048,0.58,0.92
5049,0.58,0.74
5050,0.44,0.47
5051,0.41,0.62
5052,0.41,0.54
5053,0.41,0.4
5054,0.46,0.49
5055,0.73,0.61
5056,0.7,0.44
5057,0.71,0.45
5058,0.57,0.6
5059,0.4,0.57
5060,0.25,0.58
5061,0.35,0.54
5062,0.55,0.48
5063,0.51,0.34
5064,0.55,0.82
5065,0.23,0.58
5066,0.24,0.57
5067,0.39,0.79
5068,1,0.8
5069,1,0.92
5070,0.91,0.92
5071,0.86,0.93
5072,0.86,0.9
5073,0.84,0.93
5074,0.48,0.94
5075,0.69,0.89
5076,0.69,0.87
5077,0.69,0.7
5078,0.4,0.7
5079,0.58,0.71
5080,0.52,0.61
5081,0.31,0.49
5082,0.33,0.42
5083,0.34,0.49
5084,0.32,0.72
5085,0.1,0.5
5086,0.46,0.55
5087,0.56,0.59
5088,0.58,0.47
5089,0.4,0.56
5090,0.27,0.52
5091,0.27,0.49
5092,0.32,0.51
5093,0.58,0.64
5094,0.59,0.47
5095,0.51,0.44
5096,0.55,0.55
5097,0.55,0.78
5098,0.27,0.87
5099,0.47,0.5
5100,0.57,0.47
5101,0.54,0.15
5102,0.57,0.17
5103,0.75,0.14
5104,0.86,0.14
5105,0.86,0.23
5106,0.81,0.41
5107,0.65,0.4
5108,0.87,0.84
5109,0.69,0.69
5110,0.51,0.68
5111,0.53,0.83
5112,0.25,0.87
5113,0.21,0.85
5114,0.22,0.83
5115,0.42,0.86
5116,0.51,0.29
5117,0.49,0.22
5118,0.52,0.36
5119,0.37,0.48
5120,0.35,0.46
5121,0.4,0.53
5122,0.64,0.27
5123,0.64,0.27
5124,0.63,0.48
5125,0.37,0.57
5126,0.58,0.97
5127,0.38,0.8
5128,0.37,0.85
5129,0.47,0.96
5130,0.36,0.95
5131,0.15,0.88
5132,0.61,0.76
5133,0.79,0.64
5134,0.79,0.67
5135,0.66,0.79
5136,0.56,0.76
5137,0.79,0.63
5138,0.78,0.6
5139,0.79,0.83
5140,0.71,0.9
5141,0.53,0.91
5142,0.87,0.93
5143,0.87,0.83
5144,0.87,0.86
5145,0.8,0.92
5146,0.61,0.94
5147,0.62,0.72
5148,0.63,0.8
5149,0.38,0.83
5150,0.43,0.81
5151,0.7,0.85
5152,0.68,0.43
5153,0.69,0.5
5154,0.55,0.64
5155,0.46,0.62
5156,0.78,0.69
5157,0.98,0.53
5158,0.97,0.36
5159,0.96,0.7
5160,0.86,0.66
5161,0.77,0.65
5162,0.93,0.37
5163,0.81,0.61
5164,0.55,0.64
5165,0.69,0.63
5166,0.79,0.47
5167,0.79,0.18
5168,0.79,0.28
5169,0.69,0.42
5170,0.51,0.41
5171,0.69,0.34
5172,0.67,0.16
5173,0.68,0.16
5174,0.69,0.43
5175,0.39,0.76
5176,0.38,0.58
5177,0.5,0.4
5178,0.52,0.38
5179,0.44,0.6
5180,0.22,0.59
5181,0.25,0.57
5182,0.5,0.32
5183,0.5,0.31
5184,0.34,0.32
5185,0.36,0.8
5186,0.12,0.94
5187,0.08,0.91
5188,0.09,0.89
5189,0.08,0.9
5190,0.32,0.38
5191,0.58,0.35
5192,0.58,0.21
5193,0.54,0.5
5194,0.25,0.39
5195,0.14,0.62
5196,0.29,0.34
5197,0.34,0.35
5198,0.33,0.58
5199,0.33,0.59
5200,0.32,0.36
5201,0.31,0.29
5202,0.32,0.27
5203,0.3,0.59
5204,0.32,0.69
5205,0.3,0.68
5206,0.31,0.66
5207,0.32,0.75
5208,0.24,0.86
5209,0.13,0.86
5210,0.88,0.93
5211,0.99,0.89
5212,0.92,0.86
5213,0.92,0.52
5214,0.92,0.4
5215,0.91,0.34
5216,0.91,0.39
5217,0.96,0.47
5218,0.99,0.58
5219,0.99,0.18
5220,0.86,0.64
5221,0.93,0.62
5222,0.94,0.6
5223,0.99,0.55
5224,1,0.2
5225,1,0.39
5226,0.95,0.39
5227,0.98,0.4
5228,0.99,0.22
5229,0.79,0.28
5230,0.59,0.4
5231,0.43,0.39
5232,0.47,0.35
5233,0.72,0.31
5234,0.68,0.08
5235,0.71,0.35
5236,0.46,0.41
5237,0.6,0.37
5238,0.69,0.12
5239,0.38,0.86
5240,0.37,0.33
5241,0.36,0.14
5242,0.41,0.31
5243,0.26,0.42
5244,0.41,0.4
5245,0.48,0.45
5246,0.47,0.38
5247,0.48,0.43
5248,0.48,0.41
5249,0.36,0.42
5250,0.28,0.4
5251,0.27,0.41
5252,0.38,0.47
5253,0.52,0.44
5254,0.55,0.82
5255,0.52,0.65
5256,0.27,0.66
5257,0.5,0.74
5258,0.54,0.3
5259,0.54,0.33
5260,0.37,0.48
5261,0.22,0.43
5262,0.23,0.42
5263,0.3,0.59
5264,0.59,0.59
5265,0.63,0.33
5266,0.64,0.66
5267,0.33,0.56
5268,0.59,0.63
5269,0.63,0.46
5270,0.63,0.28
5271,0.62,0.16
5272,0.62,0.59
5273,0.31,0.17
5274,0.34,0.37
5275,0.31,0.3
5276,0.32,0.38
5277,0.33,0.54
5278,0.32,0.09
5279,0.52,0.62
5280,0.65,0.75
5281,0.32,0.76
5282,0.44,0.92
5283,0.62,0.55
5284,0.64,0.66
5285,0.56,0.79
5286,0.33,0.76
5287,0.36,0.78
5288,0.49,0.78
5289,0.34,0.4
5290,0.35,0.49
5291,0.27,0.65
5292,0.08,0.64
5293,0.12,0.47
5294,0.33,0.37
5295,0.32,0.29
5296,0.36,0.62
5297,0.39,0.43
5298,0.18,0.47
5299,0.22,0.46
5300,0.35,0.29
5301,0.36,0.19
5302,0.39,0.41
5303,0.13,0.4
5304,0.22,0.33
5305,0.43,0.19
5306,0.46,0.17
5307,0.44,0.16
5308,0.44,0.25
5309,0.43,0.33
5310,0.47,0.43
5311,0.24,0.62
5312,0.13,0.55
5313,0.34,0.41
5314,0.34,0.34
5315,0.32,0.32
5316,0.33,0.34
5317,0.47,0.51
5318,0.56,0.64
5319,0.49,0.55
5320,0.59,0.65
5321,0.76,0.72
5322,0.78,0.55
5323,0.77,0.24
5324,0.78,0.4
5325,0.64,0.59
5326,0.51,0.52
5327,0.52,0.6
5328,0.54,0.52
5329,0.51,0.6
5330,0.52,0.36
5331,0.51,0.33
5332,0.5,0.49
5333,0.51,0.51
5334,0.48,0.59
5335,0.22,0.49
5336,0.17,0.5
5337,0.42,0.53
5338,0.39,0.29
5339,0.39,0.19
5340,0.4,0.21
5341,0.4,0.17
5342,0.4,0.17
5343,0.6,0.39
5344,0.78,0.76
5345,0.5,0.8
5346,0.71,0.79
5347,0.81,0.8
5348,0.78,0.66
5349,0.81,0.83
5350,0.28,0.83
5351,0.33,0.79
5352,0.4,0.89
5353,0.41,0.62
5354,0.43,0.47
5355,0.41,0.63
5356,0.1,0.66
5357,0.1,0.6
5358,0.31,0.54
5359,0.38,0.52
5360,0.38,0.64
5361,0.11,0.58
5362,0.11,0.87
5363,0.11,0.84
5364,0.41,0.87
5365,0.43,0.72
5366,0.55,0.55
5367,0.59,0.62
5368,0.5,0.77
5369,0.32,0.81
5370,0.59,0.95
5371,0.58,0.63
5372,0.39,0.64
5373,0.26,0.79
5374,0.16,0.78
5375,0.41,0.7
5376,0.39,0.71
5377,0.38,0.68
5378,0.4,0.83
5379,0.12,0.86
5380,0.11,0.86
5381,0.26,0.7
5382,0.55,0.41
5383,0.55,0.29
5384,0.55,0.05
5385,0.56,0.18
5386,0.56,0.44
5387,0.16,0.39
5388,0.43,0.4
5389,0.46,0.17
5390,0.44,0.58
5391,0.42,0.75
5392,0.21,0.73
5393,0.47,0.7
5394,0.51,0.46
5395,0.49,0.43
5396,0.49,0.68
5397,0.21,0.71
5398,0.09,0.7
5399,0.09,0.78
5400,0.07,0.59
5401,0.09,0.61
5402,0.37,0.54
5403,0.26,0.62
5404,0.26,0.29
5405,0.34,0.35
5406,0.37,0.55
5407,0.19,0.45
5408,0.18,0.41
5409,0.44,0.43
5410,0.5,0.17
5411,0.4,0.36
5412,0.17,0.45
5413,0.16,0.5
5414,0.33,0.34
5415,0.33,0.56
5416,0.35,0.29
5417,0.62,0.49
5418,0.75,0.51
5419,0.93,0.46
5420,0.92,0.52
5421,0.93,0.45
5422,0.8,0.42
5423,0.75,0.43
5424,0.92,0.39
5425,0.92,0.44
5426,0.94,0.54
5427,0.99,0.73
5428,0.27,0.88
5429,0.33,0.88
5430,0.32,0.46
5431,0.32,0.5
5432,0.32,0.52
5433,0.34,0.36
5434,0.1,0.63
5435,0.22,0.42
5436,0.35,0.57
5437,0.33,0.74
5438,0.56,0.51
5439,0.31,0.64
5440,0.31,0.62
5441,0.31,0.63
5442,0.58,0.63
5443,0.55,0.65
5444,0.54,0.46
5445,0.55,0.56
5446,0.29,0.77
5447,0.44,0.64
5448,0.53,0.35
5449,0.57,0.22
5450,0.54,0.49
5451,0.25,0.46
5452,0.42,0.46
5453,0.93,0.76
5454,0.98,0.34
5455,0.98,0.25
5456,0.98,0.43
5457,0.86,0.48
5458,0.8,0.6
5459,0.73,0.73
5460,0.9,0.58
5461,0.9,0.58
5462,0.87,0.72
5463,0.68,0.72
5464,0.86,0.71
5465,0.9,0.5
5466,0.91,0.61
5467,0.83,0.71
5468,0.7,0.65
5469,0.6,0.75
5470,0.44,0.55
5471,0.44,0.35
5472,0.45,0.37
5473,0.36,0.53
5474,0.19,0.53
5475,0.43,0.43
5476,0.43,0.18
5477,0.45,0.38
5478,0.15,0.44
5479,0.69,0.44
5480,0.86,0.46
5481,0.97,0.44
5482,0.98,0.18
5483,0.98,0.35
5484,0.84,0.63
5485,0.11,0.64
5486,0.09,0.58
5487,0.08,0.62
5488,0.11,0.6
5489,0.33,0.46
5490,0.43,0.29
5491,0.44,0.6
5492,0.23,0.67
5493,0.12,0.43
5494,0.2,0.69
5495,0.32,0.94
5496,0.39,0.51
5497,0.42,0.38
5498,0.41,0.83
5499,0.43,0.42
5500,0.41,0.4
5501,0.69,0.62
5502,0.59,0.52
5503,0.67,0.58
5504,0.12,0.62
5505,0.27,0.63
5506,0.35,0.43
5507,0.3,0.79
5508,0.2,0.66
5509,0.08,0.58
5510,0.08,0.56
5511,0.06,0.56
5512,0.71,0.4
5513,0.71,0.41
5514,0.72,0.37
5515,0.7,0.42
5516,0.24,0.46
5517,0.06,0.87
5518,0.15,0.88
5519,0.32,0.82
5520,0.25,0.92
5521,0.32,0.89
5522,0.07,0.87
5523,0.2,0.87
5524,0.39,0.71
5525,0.47,0.53
5526,0.48,0.84
5527,0.49,0.82
5528,0.36,0.78
5529,0.22,0.8
5530,0.44,0.73
5531,0.45,0.54
5532,0.46,0.55
5533,0.44,0.54
5534,0.45,0.64
5535,0.46,0.51
5536,0.44,0.42
5537,0.16,0.48
5538,0.16,0.45
5539,0.28,0.48
5540,0.4,0.47
5541,0.6,0.24
5542,0.59,0.29
5543,0.61,0.66
5544,0.7,0.35
5545,0.81,0.8
5546,0.83,0.66
5547,0.71,0.61
5548,0.54,0.59
5549,0.53,0.59
5550,0.55,0.58
5551,0.54,0.61
5552,0.54,0.58
5553,0.49,0.85
5554,0.29,0.82
5555,0.33,0.66
5556,0.29,0.95
5557,0.08,0.81
5558,0.23,0.94
5559,0.32,0.7
5560,0.34,0.93
5561,0.32,0.7
5562,0.35,0.44
5563,0.22,0.56
5564,0.08,0.55
5565,0.06,0.56
5566,0.12,0.67
5567,0.22,0.96
5568,0.35,0.37
5569,0.31,0.9
5570,0.33,0.58
5571,0.33,0.39
5572,0.38,0.17
5573,0.44,0.33
5574,0.16,0.67
5575,0.12,0.4
5576,0.33,0.39
5577,0.35,0.22
5578,0.46,0.44
5579,0.35,0.42
5580,0.19,0.49
5581,0.49,0.48
5582,0.46,0.48
5583,0.55,0.1
5584,0.58,0.68
5585,0.57,0.61
5586,0.36,0.59
5587,0.38,0.55
5588,0.61,0.4
5589,0.62,0.97
5590,0.59,0.93
5591,0.27,0.94
5592,0.6,0.94
5593,0.58,0.74
5594,0.66,0.62
5595,0.63,0.62
5596,0.55,0.41
5597,0.68,0.42
5598,0.84,0.62
5599,0.81,0.67
5600,0.61,0.76
5601,0.51,0.83
5602,0.28,0.86
5603,0.31,0.86
5604,0.63,0.84
5605,0.6,0.61
5606,0.55,0.7
5607,0.88,0.51
5608,0.9,0.73
5609,0.85,0.67
5610,0.8,0.64
5611,0.95,0.67
5612,0.75,0.45
5613,0.71,0.39
5614,0.73,0.62
5615,0.45,0.5
5616,0.43,0.46
5617,0.5,0.47
5618,0.73,0.45
5619,0.72,0.24
5620,0.7,0.65
5621,0.25,0.47
5622,0.18,0.45
5623,0.31,0.45
5624,0.44,0.55
5625,0.47,0.47
5626,0.48,0.31
5627,0.37,0.65
5628,0.15,0.41
5629,0.18,0.4
5630,0.36,0.43
5631,0.39,0.32
5632,0.38,0.18
5633,0.38,0.18
5634,0.11,0.38
5635,0.1,0.42
5636,0.08,0.48
5637,0.38,0.43
5638,0.45,0.43
5639,0.6,0.35
5640,0.46,0.39
5641,0.43,0.47
5642,0.73,0.28
5643,0.76,0.32
5644,0.7,0.66
5645,0.45,0.65
5646,0.44,0.64
5647,0.48,0.64
5648,0.6,0.64
5649,0.71,0.65
5650,0.74,0.7
5651,0.76,0.65
5652,0.29,0.63
5653,0.08,0.65
5654,0.06,0.63
5655,0.11,0.66
5656,0.26,0.62
5657,0.33,0.71
5658,0.36,0.41
5659,0.36,0.16
5660,0.35,0.48
5661,0.39,0.75
5662,0.16,0.58
5663,0.22,0.39
5664,0.39,0.49
5665,1,0.16
5666,1,0.39
5667,1,0.79
5668,0.99,0.69
5669,0.99,0.71
5670,0.99,0.69
5671,0.99,0.69
5672,0.97,0.58
5673,0.72,0.46
5674,0.82,0.3
5675,0.82,0.3
5676,0.81,0.3
5677,0.78,0.32
5678,0.55,0.47
5679,0.41,0.47
5680,0.26,0.5
5681,0.31,0.5
5682,0.53,0.33
5683,0.56,0.53
5684,0.35,0.6
5685,0.35,0.59
5686,0.54,0.46
5687,0.56,0.46
5688,0.52,0.83
5689,0.25,0.56
5690,0.82,0.45
5691,0.81,0.24
5692,0.64,0.78
5693,0.81,0.14
5694,0.81,0.12
5695,0.81,0.14
5696,0.81,0.12
5697,0.82,0.34
5698,0.59,0.42
5699,0.54,0.4
5700,0.75,0.06
5701,0.76,0.69
5702,0.75,0.48
5703,0.51,0.48
5704,0.59,0.48
5705,0.75,0.37
5706,0.75,0.23
5707,0.77,0.36
5708,0.4,0.49
5709,0.28,0.44
5710,0.25,0.4
5711,0.29,0.35
5712,0.38,0.34
5713,0.38,0.1
5714,0.38,0.14
5715,0.36,0.1
5716,0.38,0.53
5717,0.4,0.38
5718,0.13,0.4
5719,0.07,0.39
5720,0.16,0.54
5721,0.29,0.39
5722,0.33,0.93
5723,0.33,0.89
5724,0.15,0.5
5725,0.27,0.52
5726,0.3,0.52
5727,0.4,0.36
5728,0.4,0.78
5729,0.37,0.44
5730,0.16,0.49
5731,0.15,0.48
5732,0.16,0.43
5733,0.21,0.52
5734,0.49,0.51
5735,0.41,0.15
5736,0.5,0.54
5737,0.35,0.44
5738,0.23,0.44
5739,0.45,0.21
5740,0.47,0.33
5741,0.42,0.53
5742,0.1,0.6
5743,0.23,0.45
5744,0.34,0.21
5745,0.34,0.3
5746,0.36,0.3
5747,0.79,0.49
5748,0.57,0.44
5749,0.67,0.4
5750,0.81,0.27
5751,0.82,0.31
5752,0.74,0.44
5753,0.57,0.82
5754,0.68,0.81
5755,0.81,0.58
5756,0.81,0.59
5757,0.81,0.51
5758,0.82,0.56
5759,0.64,0.61
5760,0.51,0.61
5761,0.46,0.63
5762,0.47,0.62
5763,0.44,0.58
5764,0.46,0.62
5765,0.54,0.64
5766,0.6,0.68
5767,0.75,0.16
5768,0.76,0.4
5769,0.56,0.63
5770,0.13,0.5
5771,0.4,0.52
5772,0.25,0.7
5773,0.34,0.49
5774,0.2,0.72
5775,0.36,0.68
5776,0.75,0.55
5777,0.82,0.34
5778,0.82,0.35
5779,0.8,0.38
5780,0.54,0.72
5781,0.67,0.62
5782,0.54,0.58
5783,0.52,0.58
5784,0.58,0.84
5785,0.57,0.63
5786,0.46,0.14
5787,0.52,0.44
5788,0.5,0.39
5789,0.72,0.38
5790,0.76,0.26
5791,0.76,0.76
5792,0.79,0.61
5793,0.72,0.57
5794,0.8,0.61
5795,0.91,0.5
5796,0.93,0.51
5797,0.9,0.72
5798,0.69,0.78
5799,0.08,0.86
5800,0.18,0.85
5801,0.25,0.79
5802,0.35,0.67
5803,0.32,0.68
5804,0.35,0.68
5805,0.32,0.74
5806,0.34,0.79
5807,0.32,0.46
5808,0.33,0.16
5809,0.31,0.06
5810,0.35,0.36
5811,0.1,0.83
5812,0.28,0.82
5813,0.38,0.69
5814,0.47,0.67
5815,0.45,0.85
5816,0.16,0.8
5817,0.29,0.89
5818,0.46,0.71
5819,0.46,0.56
5820,0.54,0.46
5821,0.53,0.59
5822,0.35,0.67
5823,0.2,0.54
5824,0.24,0.49
5825,0.46,0.56
5826,0.5,0.95
5827,0.98,0.57
5828,0.98,0.48
5829,0.85,0.46
5830,0.85,0.47
5831,0.48,0.48
5832,0.3,0.93
5833,0.27,0.95
5834,0.35,0.94
5835,0.27,0.95
5836,0.13,0.96
5837,0.21,0.99
5838,0.35,0.88
5839,0.33,0.91
5840,0.36,0.26
5841,0.47,0.16
5842,0.49,0.79
5843,0.47,0.51
5844,0.49,0.13
5845,0.46,0.98
5846,0.35,0.56
5847,0.24,0.41
5848,0.24,0.39
5849,0.24,0.4
5850,0.25,0.39
5851,0.24,0.4
5852,0.24,0.37
5853,0.29,0.43
5854,0.73,0.9
5855,0.98,0.37
5856,0.99,0.61
5857,0.88,0.66
5858,0.94,0.72
5859,0.97,0.78
5860,0.79,0.37
5861,0.92,0.39
5862,0.74,0.44
5863,0.7,0.39
5864,0.91,0.31
5865,0.91,0.35
5866,0.91,0.49
5867,0.57,0.57
5868,0.41,0.49
5869,0.41,0.47
5870,0.58,0.69
5871,0.71,0.5
5872,0.72,0.34
5873,0.58,0.42
5874,0.48,0.57
5875,0.58,0.57
5876,0.73,0.25
5877,0.75,0.34
5878,0.24,0.41
5879,0.18,0.86
5880,0.4,0.79
5881,0.4,0.71
5882,0.71,0.92
5883,0.65,0.94
5884,0.14,0.86
5885,0.13,0.52
5886,0.23,0.44
5887,0.4,0.6
5888,0.47,0.19
5889,0.46,0.05
5890,0.48,0.47
5891,0.34,0.51
5892,0.24,0.4
5893,0.34,0.96
5894,0.41,0.59
5895,0.47,0.16
5896,0.48,0.61
5897,0.3,0.81
5898,0.27,0.74
5899,0.35,0.91
5900,0.47,0.91
5901,0.48,0.5
5902,0.6,0.69
5903,0.27,0.73
5904,0.46,0.57
5905,0.59,0.17
5906,0.59,0.17
5907,0.6,0.17
5908,0.59,0.28
5909,0.6,0.43
5910,0.44,0.46
5911,0.61,0.45
5912,0.75,0.44
5913,0.86,0.24
5914,0.86,0.54
5915,0.85,0.15
5916,0.85,0.85
5917,0.86,0.42
5918,0.85,0.14
5919,0.68,0.14
5920,0.63,0.34
5921,0.4,0.41
5922,0.33,0.53
5923,0.48,0.54
5924,0.63,0.37
5925,0.59,0.58
5926,0.52,0.72
5927,0.35,0.84
5928,0.5,0.86
5929,0.47,0.86
5930,0.48,0.82
5931,0.5,0.96
5932,0.48,0.96
5933,0.49,0.18
5934,0.51,0.68
5935,0.17,0.48
5936,0.25,0.93
5937,0.35,0.19
5938,0.35,0.97
5939,0.34,0.9
5940,0.07,0.91
5941,0.42,0.91
5942,0.33,0.98
5943,0.48,0.93
5944,0.45,0.98
5945,0.45,0.94
5946,0.45,0.94
5947,0.5,0.46
5948,0.29,0.46
5949,0.17,0.43
5950,0.17,0.39
5951,0.18,0.37
5952,0.17,0.39
5953,0.17,0.39
5954,0.26,0.51
5955,0.5,0.43
5956,0.2,0.82
5957,0.35,0.55
5958,0.07,0.57
5959,0.23,0.54
5960,0.35,0.37
5961,0.21,0.95
5962,0.34,0.95
5963,0.34,0.84
5964,0.25,0.98
5965,0.07,0.84
5966,0.39,0.83
5967,0.76,0.93
5968,0.65,0.93
5969,0.64,0.93
5970,0.78,0.93
5971,0.78,0.44
5972,0.55,0.13
5973,0.2,0.15
5974,0.28,0.15
5975,0.49,0.27
5976,0.48,0.4
5977,0.47,0.91
5978,0.33,0.51
5979,0.34,0.71
5980,0.37,0.8
5981,0.32,0.41
5982,0.07,0.4
5983,0.1,0.42
5984,0.32,0.56
5985,0.28,0.44
5986,0.32,0.16
5987,0.33,0.11
5988,0.5,0.25
5989,0.47,0.41
5990,0.22,0.38
5991,0.26,0.79
5992,0.44,0.87
5993,0.52,0.49
5994,0.55,0.66
5995,0.24,0.7
5996,0.45,0.74
5997,0.29,0.72
5998,0.33,0.6
5999,0.34,0.57
6000,0.24,0.69
6001,0.14,0.4
6002,0.33,0.62
6003,0.33,0.45
6004,0.32,0.77
6005,0.32,0.85
6006,0.36,0.1
6007,0.53,0.43
6008,0.26,0.53
6009,0.32,0.83
6010,0.52,0.33
6011,0.53,0.43
6012,0.39,0.55
6013,0.17,0.53
6014,0.44,0.59
6015,0.35,0.72
6016,0.43,0.55
6017,0.44,0.63
6018,0.15,0.53
6019,0.13,0.57
6020,0.39,0.58
6021,0.38,0.6
6022,0.32,0.39
6023,0.31,0.47
6024,0.34,0.11
6025,0.32,0.17
6026,0.33,0.66
6027,0.07,0.43
6028,0.27,0.49
6029,0.45,0.56
6030,0.5,0.31
6031,0.48,0.58
6032,0.16,0.42
6033,0.36,0.7
6034,0.49,0.6
6035,0.47,0.51
6036,0.5,0.84
6037,0.36,0.87
6038,0.17,0.43
6039,0.19,0.5
6040,0.32,0.66
6041,0.51,0.83
6042,0.56,0.32
6043,0.54,0.86
6044,0.57,0.8
6045,0.5,0.88
6046,0.29,0.88
6047,0.4,0.85
6048,0.5,0.77
6049,0.49,0.67
6050,0.51,0.82
6051,0.49,0.86
6052,0.39,0.93
6053,0.27,0.89
6054,0.47,0.92
6055,0.5,0.82
6056,0.48,0.87
6057,0.52,0.68
6058,0.54,0.33
6059,0.52,0.33
6060,0.54,0.31
6061,0.43,0.65
6062,0.28,0.59
6063,0.13,0.58
6064,0.22,0.5
6065,0.36,0.53
6066,0.47,0.58
6067,0.65,0.15
6068,0.67,0.16
6069,0.66,0.42
6070,0.35,0.4
6071,0.33,0.41
6072,0.59,0.43
6073,0.59,0.96
6074,0.58,0.91
6075,0.42,0.95
6076,0.14,0.93
6077,0.14,0.79
6078,0.33,0.57
6079,0.75,0.87
6080,0.99,0.25
6081,0.99,0.52
6082,0.83,0.47
6083,0.95,0.71
6084,0.99,0.62
6085,0.99,0.94
6086,0.79,0.95
6087,0.34,0.94
6088,0.47,0.95
6089,0.5,0.95
6090,0.61,0.88
6091,0.69,0.96
6092,0.45,0.64
6093,0.55,0.39
6094,0.74,0.55
6095,0.72,0.29
6096,0.72,0.48
6097,0.43,0.4
6098,0.4,0.4
6099,0.13,0.4
6100,0.22,0.41
6101,0.39,0.93
6102,0.43,0.23
6103,0.44,0.63
6104,0.6,0.87
6105,0.37,0.64
6106,0.41,0.64
6107,0.66,0.64
6108,0.61,0.44
6109,0.67,0.88
6110,0.68,0.76
6111,0.67,0.73
6112,0.67,0.39
6113,0.69,0.74
6114,0.6,0.82
6115,0.17,0.81
6116,0.28,0.96
6117,0.34,0.94
6118,0.42,0.62
6119,0.41,0.62
6120,0.42,0.69
6121,0.22,0.53
6122,0.36,0.48
6123,0.16,0.5
6124,0.37,0.38
6125,0.31,0.58
6126,0.35,0.84
6127,0.33,0.75
6128,0.33,0.75
6129,0.32,0.9
6130,0.32,0.76
6131,0.31,0.74
6132,0.32,0.88
6133,0.32,0.88
6134,0.34,0.58
6135,0.32,0.91
6136,0.38,0.91
6137,0.38,0.96
6138,0.34,0.74
6139,0.13,0.64
6140,0.31,0.73
6141,0.4,0.49
6142,0.41,0.9
6143,0.43,0.9
6144,0.45,0.77
6145,0.44,0.79
6146,0.45,0.78
6147,0.4,0.78
6148,0.32,0.9
6149,0.32,0.52
6150,0.22,0.5
6151,0.13,0.56
6152,0.2,0.84
6153,0.31,0.81
6154,0.3,0.48
6155,0.32,0.18
6156,0.34,0.67
6157,0.82,0.44
6158,0.83,0.46
6159,0.54,0.66
6160,0.56,0.48
6161,0.74,0.55
6162,0.64,0.39
6163,0.68,0.2
6164,0.7,0.2
6165,0.69,0.28
6166,0.75,0.5
6167,0.76,0.52
6168,0.9,0.52
6169,0.95,0.34
6170,0.95,0.42
6171,0.85,0.52
6172,0.77,0.59
6173,0.77,0.54
6174,0.78,0.4
6175,0.79,0.5
6176,0.59,0.88
6177,0.37,0.61
6178,0.39,0.19
6179,0.33,0.87
6180,0.1,0.67
6181,0.1,0.61
6182,0.09,0.59
6183,0.26,0.54
6184,0.29,0.61
6185,0.32,0.49
6186,0.34,0.35
6187,0.37,0.48
6188,0.56,0.66
6189,0.81,0.69
6190,0.91,0.92
6191,0.96,0.42
6192,0.95,0.37
6193,0.96,0.46
6194,0.96,0.56
6195,0.96,0.72
6196,0.86,0.8
6197,0.67,0.8
6198,0.89,0.81
6199,0.97,0.63
6200,0.97,0.67
6201,0.79,0.4
6202,0.79,0.41
6203,0.41,0.41
6204,0.44,0.39
6205,0.59,0.41
6206,0.74,0.18
6207,0.75,0.4
6208,0.53,0.75
6209,0.56,0.41
6210,0.63,0.77
6211,0.55,0.76
6212,0.55,0.76
6213,0.55,0.78
6214,0.55,0.77
6215,0.55,0.76
6216,0.55,0.72
6217,0.53,0.76
6218,0.15,0.76
6219,0.06,0.54
6220,0.06,0.55
6221,0.06,0.55
6222,0.07,0.55
6223,0.06,0.55
6224,0.07,0.61
6225,0.52,0.63
6226,0.51,0.78
6227,0.52,0.65
6228,0.53,0.65
6229,0.52,0.64
6230,0.5,0.63
6231,0.05,0.66
6232,0.05,0.61
6233,0.06,0.78
6234,0.06,0.81
6235,0.06,0.8
6236,0.06,0.77
6237,0.06,0.68
6238,0.06,0.72
6239,0.05,0.71
6240,0.06,0.71
6241,0.06,0.74
6242,0.04,0.69
6243,0.06,0.72
6244,0.06,0.82
6245,0.06,0.82
6246,0.06,0.83
6247,0.09,0.83
6248,0.09,0.7
6249,0.08,0.43
6250,0.09,0.43
6251,0.11,0.4
6252,0.11,0.41
6253,0.1,0.4
6254,0.07,0.4
6255,0.06,0.42
6256,0.05,0.4
6257,0.08,0.42
6258,0.08,0.4
6259,0.07,0.43
6260,0.06,0.41
6261,0.06,0.42
6262,0.07,0.4
6263,0.06,0.57
6264,0.06,0.55
6265,0.06,0.56
6266,0.06,0.57
6267,0.05,0.58
6268,0.06,0.57
6269,0.45,0.57
6270,0.49,0.57
6271,0.47,0.6
6272,0.48,0.7
6273,0.47,0.69
6274,0.49,0.69
6275,0.48,0.71
6276,0.48,0.7
6277,0.49,0.63
6278,0.4,0.56
6279,0.15,0.57
6280,0.14,0.58
6281,0.13,0.56
6282,0.13,0.54
6283,0.11,0.6
6284,0.13,0.58
6285,0.13,0.58
6286,0.14,0.73
6287,0.13,0.61
6288,0.08,0.53
6289,0.08,0.56
6290,0.09,0.57
6291,0.1,0.56
6292,0.09,0.57
6293,0.08,0.58
6294,0.1,0.71
6295,0.05,0.6
6296,0.06,0.62
6297,0.05,0.62
6298,0.05,0.61
6299,0.05,0.61
6300,0.05,0.53
6301,0.07,0.41
6302,0.16,0.42
6303,0.15,0.41
6304,0.15,0.44
6305,0.14,0.41
6306,0.15,0.41
6307,0.17,0.42
6308,0.17,0.4
6309,0.17,0.44
6310,0.11,0.58
6311,0.07,0.66
6312,0.07,0.64
6313,0.06,0.65
6314,0.08,0.66
6315,0.09,0.65
6316,0.11,0.61
6317,0.11,0.81
6318,0.13,0.8
6319,0.11,0.8
6320,0.11,0.79
6321,0.11,0.79
6322,0.09,0.59
6323,0.08,0.5
6324,0.1,0.46
6325,0.08,0.54
6326,0.07,0.66
6327,0.06,0.47
6328,0.22,0.56
6329,0.22,0.99
6330,0.23,0.99
6331,0.2,0.99
6332,0.21,0.99
6333,0.24,0.99
6334,0.21,0.99
6335,0.19,0.99
6336,0.19,0.62
6337,0.26,0.6
6338,0.26,0.59
6339,0.27,0.57
6340,0.26,0.58
6341,0.27,0.58
6342,0.26,0.57
6343,0.25,0.71
6344,0.27,0.72
6345,0.25,0.72
6346,0.11,0.73
6347,0.07,0.73
6348,0.07,0.72
6349,0.07,0.83
6350,0.06,0.73
6351,0.06,0.73
6352,0.05,0.46
6353,0.07,0.41
6354,0.13,0.4
6355,0.5,0.42
6356,0.51,0.35
6357,0.5,0.42
6358,0.52,0.39
6359,0.5,0.44
6360,0.52,0.4
6361,0.51,0.5
6362,0.67,0.88
6363,0.06,0.89
6364,0.09,0.89
6365,0.07,0.89
6366,0.06,0.87
6367,0.05,0.88
6368,0.06,0.89
6369,0.05,0.88
6370,0.06,0.87
6371,0.05,0.73
6372,0.08,0.81
6373,0.19,0.8
6374,0.21,0.79
6375,0.22,0.78
6376,0.2,0.58
6377,0.27,0.56
6378,0.53,0.57
6379,0.52,0.55
6380,0.53,0.55
6381,0.52,0.73
6382,0.53,0.74
6383,0.34,0.75
6384,0.21,0.75
6385,0.2,0.74
6386,0.21,0.73
6387,0.2,0.62
6388,0.2,0.61
6389,0.2,0.59
6390,0.21,0.6
6391,0.2,0.61
6392,0.2,0.61
6393,0.57,0.6
6394,0.73,0.6
6395,0.73,0.53
6396,0.73,0.58
6397,0.74,0.57
6398,0.73,0.59
6399,0.73,0.6
6400,0.16,0.57
6401,0.07,0.58
6402,0.09,0.84
6403,0.05,0.9
6404,0.06,0.89
6405,0.05,0.89
6406,0.05,0.89
6407,0.12,0.88
6408,0.26,0.49
6409,0.26,0.48
6410,0.25,0.5
6411,0.24,0.49
6412,0.25,0.52
6413,0.26,0.43
6414,0.29,0.39
6415,0.27,0.42
6416,0.25,0.4
6417,0.19,0.39
6418,0.2,0.39
6419,0.2,0.4
6420,0.21,0.4
6421,0.2,0.4
6422,0.1,0.41
6423,0.07,0.42
6424,0.09,0.61
6425,0.08,0.43
6426,0.08,0.46
6427,0.09,0.42
6428,0.09,0.45
6429,0.11,0.42
6430,0.11,0.46
6431,0.1,0.44
6432,0.11,0.47
6433,0.11,0.39
6434,0.11,0.37
6435,0.1,0.42
6436,0.08,0.36
6437,0.13,0.39
6438,0.2,0.41
6439,0.19,0.41
6440,0.19,0.63
6441,0.19,0.78
6442,0.19,0.78
6443,0.2,0.78
6444,0.17,0.79
6445,0.1,0.78
6446,0.09,0.8
6447,0.11,0.8
6448,0.11,0.68
6449,0.11,0.71
6450,0.09,0.69
6451,0.08,0.72
6452,0.37,0.67
6453,0.66,0.41
6454,0.65,0.4
6455,0.67,0.4
6456,0.66,0.41
6457,0.66,0.4
6458,0.65,0.63
6459,0.66,0.61
6460,0.66,0.61
6461,0.44,0.63
6462,0.3,0.61
6463,0.31,0.59
6464,0.31,0.66
6465,0.32,0.5
6466,0.14,0.43
6467,0.12,0.44
6468,0.12,0.44
6469,0.13,0.44
6470,0.11,0.43
6471,0.12,0.44
6472,0.12,0.42
6473,0.24,0.65
6474,0.82,0.42
6475,0.82,0.55
6476,0.82,0.86
6477,0.83,0.86
6478,0.37,0.84
6479,0.25,0.85
6480,0.23,0.86
6481,0.24,0.86
6482,0.23,0.89
6483,0.14,0.57
6484,0.13,0.61
6485,0.14,0.56
6486,0.12,0.55
6487,0.12,0.58
6488,0.17,0.56
6489,0.22,0.57
6490,0.2,0.39
6491,0.21,0.39
6492,0.22,0.66
6493,0.22,0.39
6494,0.22,0.39
6495,0.22,0.41
6496,0.22,0.39
6497,0.21,0.43
6498,0.26,0.6
6499,0.25,0.58
6500,0.25,0.59
6501,0.26,0.59
6502,0.26,0.62
6503,0.26,0.68
6504,0.27,0.44
6505,0.26,0.43
6506,0.22,0.4
6507,0.3,0.41
6508,0.29,0.39
6509,0.3,0.4
6510,0.28,0.4
6511,0.3,0.51
6512,0.22,0.99
6513,0.07,0.99
6514,0.08,0.99
6515,0.06,0.99
6516,0.05,0.99
6517,0.05,0.99
6518,0.05,0.99
6519,0.05,0.65
6520,0.06,0.52
6521,0.05,0.66
6522,0.11,0.67
6523,0.26,0.67
6524,0.25,0.64
6525,0.25,0.47
6526,0.24,0.47
6527,0.24,0.48
6528,0.24,0.49
6529,0.22,0.47
6530,0.15,0.39
6531,0.15,0.4
6532,0.13,0.4
6533,0.15,0.42
6534,0.17,0.4
6535,0.16,0.61
6536,0.16,0.76
6537,0.16,0.78
6538,0.13,0.77
6539,0.09,0.77
6540,0.1,0.78
6541,0.12,0.78
6542,0.09,0.76
6543,0.12,0.8
6544,0.4,0.58
6545,0.35,0.49
6546,0.19,0.49
6547,0.21,0.5
6548,0.2,0.5
6549,0.21,0.51
6550,0.19,0.5
6551,0.59,0.6
6552,0.66,0.63
6553,0.67,0.49
6554,0.67,0.48
6555,0.66,0.49
6556,0.66,0.71
6557,0.66,0.5
6558,0.2,0.49
6559,0.14,0.66
6560,0.13,0.67
6561,0.15,0.66
6562,0.13,0.67
6563,0.14,0.67
6564,0.16,0.43
6565,0.15,0.38
6566,0.18,0.4
6567,0.22,0.36
6568,0.22,0.51
6569,0.22,0.39
6570,0.22,0.37
6571,0.13,0.41
6572,0.15,0.4
6573,0.17,0.42
6574,0.15,0.4
6575,0.16,0.41
6576,0.16,0.84
6577,0.19,0.22
6578,0.16,0.29
6579,0.16,0.39
6580,0.28,0.32
6581,0.58,0.16
6582,0.57,0.25
6583,0.58,0.46
6584,0.48,0.56
6585,0.24,0.35
6586,0.23,0.41
6587,0.24,0.21
6588,0.25,0.27
6589,0.22,0.44
6590,0.21,0.41
6591,0.23,0.44
6592,0.7,0.43
6593,0.74,0.92
6594,0.74,0.91
6595,0.74,0.88
6596,0.73,0.93
6597,0.74,0.9
6598,0.74,0.9
6599,0.75,0.88
6600,0.06,0.89
6601,0.04,0.89
6602,0.36,0.42
6603,0.49,0.41
6604,0.31,0.44
6605,0.05,0.39
6606,0.07,0.48
6607,0.06,0.42
6608,0.14,0.46
6609,0.16,0.58
6610,0.15,0.91
6611,0.14,0.9
6612,0.13,0.92
6613,0.14,0.86
6614,0.13,0.37
6615,0.1,0.36
6616,0.1,0.36
6617,0.11,0.33
6618,0.11,0.35
6619,0.09,0.78
6620,0.09,0.89
6621,0.1,0.85
6622,0.1,0.85
6623,0.09,0.86
6624,0.12,0.86
6625,0.16,0.86
6626,0.16,0.86
6627,0.17,0.86
6628,0.17,0.72
6629,0.16,0.65
6630,0.17,0.65
6631,0.15,0.65
6632,0.15,0.68
6633,0.61,0.65
6634,0.62,0.65
6635,0.61,0.64
6636,0.61,0.59
6637,0.6,0.67
6638,0.61,0.69
6639,0.13,0.71
6640,0.03,0.69
6641,0.05,0.69
6642,0.06,0.7
6643,0.04,0.71
6644,0.2,0.69
6645,0.36,0.71
6646,0.37,0.53
6647,0.37,0.49
6648,0.39,0.45
6649,0.7,0.4
6650,0.83,0.43
6651,0.82,0.44
6652,0.83,0.44
6653,0.83,0.45
6654,0.83,0.44
6655,0.1,0.47
6656,0.08,0.46
6657,0.07,0.46
6658,0.09,0.47
6659,0.13,0.47
6660,0.35,0.56
6661,0.26,0.48
6662,0.3,0.46
6663,0.49,0.5
6664,0.29,0.81
6665,0.29,0.81
6666,0.46,0.81
6667,0.33,0.82
6668,0.09,0.71
6669,0.07,0.57
6670,0.06,0.51
6671,0.06,0.59
6672,0.06,0.55
6673,0.05,0.58
6674,0.08,0.56
6675,0.07,0.55
6676,0.07,0.55
6677,0.06,0.57
6678,0.08,0.45
6679,0.06,0.35
6680,0.06,0.37
6681,0.06,0.36
6682,0.07,0.36
6683,0.05,0.35
6684,0.08,0.35
6685,0.29,0.47
6686,0.54,0.72
6687,0.53,0.74
6688,0.55,0.73
6689,0.54,0.73
6690,0.55,0.73
6691,0.35,0.71
6692,0.09,0.73
6693,0.08,0.61
6694,0.09,0.43
6695,0.08,0.43
6696,0.08,0.43
6697,0.13,0.43
6698,0.25,0.36
6699,0.24,0.36
6700,0.25,0.38
6701,0.24,0.36
6702,0.26,0.37
6703,0.24,0.37
6704,0.25,0.35
6705,0.27,0.4
6706,0.44,0.35
6707,0.43,0.35
6708,0.45,0.78
6709,0.44,0.79
6710,0.45,0.78
6711,0.45,0.8
6712,0.45,0.79
6713,0.4,0.78
6714,0.06,0.78
6715,0.05,0.68
6716,0.05,0.35
6717,0.05,0.36
6718,0.05,0.37
6719,0.05,0.37
6720,0.16,0.56
6721,0.15,0.54
6722,0.15,0.55
6723,0.14,0.51
6724,0.19,0.53
6725,0.15,0.53
6726,0.17,0.53
6727,0.15,0.5
6728,0.14,0.35
6729,0.14,0.36
6730,0.13,0.35
6731,0.13,0.35
6732,0.15,0.33
6733,0.14,0.37
6734,0.16,0.36
6735,0.14,0.34
6736,0.14,0.57
6737,0.13,0.56
6738,0.5,0.57
6739,0.5,0.58
6740,0.49,0.59
6741,0.48,0.58
6742,0.67,0.58
6743,0.8,0.55
6744,0.82,0.56
6745,0.82,0.63
6746,0.82,0.37
6747,0.81,0.37
6748,0.31,0.36
6749,0.16,0.36
6750,0.19,0.56
6751,0.17,0.36
6752,0.18,0.36
6753,0.18,0.44
6754,0.2,0.66
6755,0.18,0.65
6756,0.18,0.65
6757,0.18,0.66
6758,0.18,0.63
6759,0.17,0.65
6760,0.17,0.5
6761,0.17,0.4
6762,0.18,0.37
6763,0.17,0.4
6764,0.2,0.4
6765,0.25,0.48
6766,0.26,0.74
6767,0.25,0.77
6768,0.26,0.76
6769,0.2,0.74
6770,0.16,0.74
6771,0.16,0.76
6772,0.16,0.74
6773,0.16,0.58
6774,0.17,0.58
6775,0.16,0.59
6776,0.15,0.59
6777,0.16,0.6
6778,0.15,0.59
6779,0.15,0.58
6780,0.4,0.36
6781,0.38,0.33
6782,0.39,0.43
6783,0.39,0.73
6784,0.4,0.78
6785,0.41,0.34
6786,0.41,0.36
6787,0.14,0.37
6788,0.07,0.36
6789,0.07,0.37
6790,0.07,0.4
6791,0.07,0.38
6792,0.05,0.46
6793,0.04,0.42
6794,0.07,0.38
6795,0.05,0.38
6796,0.22,0.41
6797,0.33,0.59
6798,0.33,0.92
6799,0.33,0.92
6800,0.32,0.93
6801,0.59,0.92
6802,0.72,0.93
6803,0.73,0.92
6804,0.73,0.96
6805,0.73,0.93
6806,0.73,0.96
6807,0.72,0.47
6808,0.71,0.36
6809,0.74,0.4
6810,0.73,0.36
6811,0.57,0.39
6812,0.68,0.38
6813,0.7,0.42
6814,0.7,0.39
6815,0.7,0.36
6816,0.7,0.39
6817,0.7,0.39
6818,0.7,0.37
6819,0.69,0.36
6820,0.69,0.37
6821,0.34,0.39
6822,0.32,0.76
6823,0.31,0.76
6824,0.32,0.39
6825,0.32,0.38
6826,0.3,0.52
6827,0.29,0.35
6828,0.09,0.35
6829,0.06,0.38
6830,0.06,0.43
6831,0.05,0.49
6832,0.05,0.4
6833,0.06,0.66
6834,0.06,0.81
6835,0.05,0.81
6836,0.15,0.64
6837,0.18,0.61
6838,0.17,0.64
6839,0.17,0.58
6840,0.17,0.76
6841,0.18,0.77
6842,0.34,0.77
6843,0.19,0.77
6844,0.18,0.82
6845,0.07,0.8
6846,0.08,0.73
6847,0.06,0.76
6848,0.06,0.77
6849,0.06,0.79
6850,0.07,0.78
6851,0.08,0.77
6852,0.07,0.79
6853,0.06,0.78
6854,0.08,0.78
6855,0.08,0.89
6856,0.07,0.78
6857,0.09,0.76
6858,0.09,0.82
6859,0.07,0.74
6860,0.06,0.93
6861,0.08,0.93
6862,0.39,0.93
6863,0.38,0.91
6864,0.4,0.35
6865,0.4,0.36
6866,0.4,0.35
6867,0.4,0.33
6868,0.4,0.4
6869,0.4,0.37
6870,0.4,0.54
6871,0.39,0.39
6872,0.18,0.55
6873,0.2,0.39
6874,0.2,0.34
6875,0.2,0.38
6876,0.2,0.83
6877,0.21,0.44
6878,0.67,0.77
6879,0.81,0.77
6880,0.81,0.7
6881,0.81,0.57
6882,0.81,0.81
6883,0.8,0.59
6884,0.81,0.58
6885,0.81,0.57
6886,0.8,0.78
6887,0.39,0.78
6888,0.07,0.78
6889,0.08,0.78
6890,0.1,0.91
6891,0.08,0.8
6892,0.07,0.78
6893,0.08,0.81
6894,0.11,0.66
6895,0.07,0.54
6896,0.05,0.38
6897,0.07,0.29
6898,0.07,0.25
6899,0.06,0.38
6900,0.06,0.46
6901,0.2,0.52
6902,0.2,0.16
6903,0.18,0.32
6904,0.19,0.44
6905,0.2,0.43
6906,0.19,0.45
6907,0.2,0.2
6908,0.2,0.18
6909,0.21,0.15
6910,0.19,0.46
6911,0.08,0.46
6912,0.06,0.9
6913,0.08,0.85
6914,0.08,0.79
6915,0.09,0.8
6916,0.09,0.79
6917,0.09,0.79
6918,0.06,0.81
6919,0.05,0.8
6920,0.05,0.9
6921,0.07,0.87
6922,0.08,0.78
6923,0.08,0.78
6924,0.08,0.76
6925,0.23,0.72
6926,0.25,0.74
6927,0.27,0.75
6928,0.26,0.59
6929,0.27,0.58
6930,0.27,0.59
6931,0.26,0.6
6932,0.89,0.64
6933,0.93,0.7
6934,0.93,0.79
6935,0.93,0.78
6936,0.93,0.56
6937,0.93,0.57
6938,0.45,0.52
6939,0.09,0.54
6940,0.09,0.53
6941,0.08,0.53
6942,0.08,0.53
6943,0.09,0.77
6944,0.1,0.69
6945,0.06,0.67
6946,0.08,0.75
6947,0.13,0.85
6948,0.12,0.74
6949,0.12,0.59
6950,0.12,0.59
6951,0.12,0.58
6952,0.12,0.57
6953,0.05,0.59
6954,0.07,0.55
6955,0.06,0.35
6956,0.05,0.39
6957,0.06,0.35
6958,0.06,0.36
6959,0.07,0.37
6960,0.07,0.39
6961,0.05,0.36
6962,0.06,0.35
6963,0.07,0.83
6964,0.18,0.79
6965,0.17,0.78
6966,0.18,0.79
6967,0.16,0.79
6968,0.16,0.76
6969,0.17,0.78
6970,0.18,0.61
6971,0.18,0.52
6972,0.17,0.51
6973,0.17,0.54
6974,0.17,0.52
6975,0.15,0.97
6976,0.14,0.95
6977,0.13,0.96
6978,0.15,0.95
6979,0.13,0.98
6980,0.14,0.95
6981,0.14,0.94
6982,0.22,0.85
6983,0.47,0.85
6984,0.5,0.89
6985,0.47,0.62
6986,0.49,0.62
6987,0.48,0.69
6988,0.48,0.59
6989,0.48,0.59
6990,0.5,0.58
6991,0.47,0.58
6992,0.29,0.55
6993,0.31,0.53
6994,0.32,0.57
6995,0.31,0.81
6996,0.32,0.58
6997,0.31,0.57
6998,0.32,0.55
6999,0.3,0.66
7000,0.27,0.76
7001,0.23,0.72
7002,0.24,0.73
7003,0.23,0.72
7004,0.24,0.71
7005,0.23,0.72
7006,0.25,0.72
7007,0.22,0.73
7008,0.24,0.73
7009,0.22,0.66
7010,0.61,0.74
7011,0.96,0.74
7012,0.96,0.74
7013,0.96,0.76
7014,0.96,0.82
7015,0.96,0.47
7016,0.96,0.43
7017,0.96,0.45
7018,0.92,0.44
7019,0.34,0.47
7020,0.34,0.46
7021,0.34,0.47
7022,0.35,0.46
7023,0.34,0.45
7024,0.35,0.59
7025,0.34,0.86
7026,0.31,0.87
7027,0.48,0.86
7028,0.51,0.87
7029,0.49,0.87
7030,0.49,0.86
7031,0.47,0.76
7032,0.49,0.82
7033,0.48,0.8
7034,0.49,0.82
7035,0.22,0.66
7036,0.05,0.74
7037,0.06,0.73
7038,0.06,0.73
7039,0.04,0.73
7040,0.06,0.73
7041,0.05,0.73
7042,0.13,0.47
7043,0.23,0.41
7044,0.26,0.41
7045,0.24,0.38
7046,0.24,0.49
7047,0.23,0.44
7048,0.24,0.41
7049,0.22,0.39
7050,0.2,0.42
7051,0.21,0.44
7052,0.22,0.39
7053,0.21,0.44
7054,0.21,0.44
7055,0.2,0.43
7056,0.22,0.32
7057,0.72,0.34
7058,0.72,0.37
7059,0.73,0.36
7060,0.73,0.36
7061,0.7,0.36
7062,0.23,0.36
7063,0.21,0.52
7064,0.24,0.53
7065,0.22,0.54
7066,0.21,0.52
7067,0.22,0.54
7068,0.22,0.54
7069,0.21,0.53
7070,0.22,0.57
7071,0.48,0.55
7072,0.84,0.77
7073,0.84,0.77
7074,0.85,0.71
7075,0.84,0.73
7076,0.84,0.74
7077,0.66,0.75
7078,0.73,0.73
7079,0.72,0.72
7080,0.73,0.58
7081,0.73,0.58
7082,0.83,0.58
7083,0.74,0.84
7084,0.75,0.7
7085,0.71,0.8
7086,0.09,0.72
7087,0.07,0.74
7088,0.08,0.53
7089,0.07,0.56
7090,0.07,0.77
7091,0.06,0.76
7092,0.05,0.77
7093,0.05,0.77
7094,0.06,0.76
7095,0.05,0.8
7096,0.86,0.86
7097,0.86,0.77
7098,0.86,0.69
7099,0.86,0.79
7100,0.86,0.79
7101,0.86,0.8
7102,0.2,0.81
7103,0.21,0.52
7104,0.23,0.54
7105,0.21,0.54
7106,0.22,0.54
7107,0.23,0.54
7108,0.68,0.46
7109,0.66,0.35
7110,0.68,0.36
7111,0.67,0.35
7112,0.67,0.37
7113,0.68,0.63
7114,0.51,0.39
7115,0.15,0.43
7116,0.15,0.42
7117,0.14,0.41
7118,0.15,0.37
7119,0.15,0.42
7120,0.17,0.4
7121,0.21,0.41
7122,0.22,0.69
7123,0.21,0.53
7124,0.22,0.52
7125,0.19,0.51
7126,0.26,0.67
7127,0.25,0.62
7128,0.26,0.65
7129,0.24,0.57
7130,0.25,0.51
7131,0.26,0.47
7132,0.25,0.38
7133,0.24,0.36
7134,0.33,0.33
7135,0.31,0.36
7136,0.32,0.4
7137,0.3,0.32
7138,0.33,0.44
7139,0.32,0.64
7140,0.31,0.36
7141,0.31,0.51
7142,0.42,0.78
7143,0.62,0.7
7144,0.61,0.71
7145,0.62,0.54
7146,0.62,0.54
7147,0.62,0.55
7148,0.08,0.51
7149,0.09,0.56
7150,0.08,0.52
7151,0.08,0.75
7152,0.18,0.93
7153,0.24,0.92
7154,0.22,0.9
7155,0.23,0.9
7156,0.23,0.91
7157,0.23,0.92
7158,0.22,0.94
7159,0.24,0.86
7160,0.24,0.46
7161,0.21,0.46
7162,0.16,0.46
7163,0.17,0.44
7164,0.18,0.46
7165,0.16,0.45
7166,0.16,0.51
7167,0.16,0.37
7168,0.94,0.37
7169,0.94,0.38
7170,0.94,0.39
7171,0.94,0.47
7172,0.94,0.45
7173,0.94,0.46
7174,0.94,0.51
7175,0.88,0.68
7176,0.05,0.41
7177,0.06,0.42
7178,0.07,0.4
7179,0.06,0.4
7180,0.04,0.46
7181,0.06,0.6
7182,0.07,0.56
7183,0.06,0.52
7184,0.07,0.5
7185,0.08,0.49
7186,0.71,0.5
7187,0.71,0.53
7188,0.71,0.48
7189,0.72,0.56
7190,0.71,0.54
7191,0.72,0.82
7192,0.71,0.81
7193,0.71,0.81
7194,0.72,0.79
7195,0.19,0.85
7196,0.18,0.8
7197,0.18,0.81
7198,0.19,0.72
7199,0.18,0.79
7200,0.19,0.79
7201,0.19,0.79
7202,0.18,0.87
7203,0.1,0.81
7204,0.12,0.78
7205,0.11,0.8
7206,0.11,0.79
7207,0.13,0.8
7208,0.1,0.67
7209,0.1,0.4
7210,0.08,0.38
7211,0.1,0.4
7212,0.09,0.51
7213,0.09,0.37
7214,0.1,0.44
7215,0.58,0.42
7216,0.76,0.42
7217,0.76,0.44
7218,0.76,0.44
7219,0.76,0.43
7220,0.61,0.7
7221,0.17,0.73
7222,0.16,0.7
7223,0.17,0.72
7224,0.18,0.7
7225,0.16,0.71
7226,0.16,0.71
7227,0.15,0.72
7228,0.1,0.72
7229,0.11,0.64
7230,0.11,0.59
7231,0.12,0.63
7232,0.1,0.63
7233,0.11,0.77
7234,0.44,0.59
7235,0.44,0.59
7236,0.43,0.58
7237,0.43,0.67
7238,0.44,0.69
7239,0.38,0.69
7240,0.62,0.69
7241,0.61,0.6
7242,0.62,0.64
7243,0.62,0.69
7244,0.62,0.69
7245,0.62,0.68
7246,0.62,0.67
7247,0.63,0.69
7248,0.62,0.49
7249,0.56,0.58
7250,0.12,0.52
7251,0.12,0.51
7252,0.12,0.52
7253,0.11,0.52
7254,0.14,0.51
7255,0.13,0.83
7256,0.13,0.83
7257,0.13,0.84
7258,0.12,0.82
7259,0.24,0.71
7260,0.27,0.74
7261,0.29,0.75
7262,0.28,0.74
7263,0.28,0.74
7264,0.27,0.76
7265,0.18,0.75
7266,0.21,0.75
7267,0.22,0.44
7268,0.23,0.47
7269,0.22,0.47
7270,0.22,0.48
7271,0.22,0.43
7272,0.15,0.46
7273,0.09,0.46
7274,0.08,0.92
7275,0.07,0.89
7276,0.07,0.92
7277,0.07,0.91
7278,0.06,0.91
7279,0.05,0.91
7280,0.06,0.91
7281,0.07,0.75
7282,0.07,0.82
7283,0.07,0.82
7284,0.08,0.81
7285,0.08,0.66
7286,0.88,0.92
7287,0.88,0.38
7288,0.88,0.36
7289,0.88,0.37
7290,0.88,0.35
7291,0.88,0.38
7292,0.24,0.58
7293,0.19,0.56
7294,0.2,0.58
7295,0.2,0.59
7296,0.12,0.59
7297,0.06,0.59
7298,0.05,0.58
7299,0.05,0.62
7300,0.05,0.83
7301,0.05,0.83
7302,0.05,0.82
7303,0.05,0.81
7304,0.12,0.82
7305,0.11,0.6
7306,0.12,0.37
7307,0.11,0.36
7308,0.12,0.36
7309,0.1,0.34
7310,0.1,0.31
7311,0.11,0.36
7312,0.16,0.33
7313,0.42,0.31
7314,0.44,0.42
7315,0.42,0.71
7316,0.42,0.36
7317,0.42,0.36
7318,0.42,0.28
7319,0.35,0.34
7320,0.5,0.35
7321,0.49,0.35
7322,0.71,0.34
7323,0.51,0.37
7324,0.36,0.44
7325,0.07,0.44
7326,0.07,0.43
7327,0.06,0.44
7328,0.05,0.44
7329,0.04,0.44
7330,0.16,0.82
7331,0.69,0.81
7332,0.7,0.83
7333,0.69,0.83
7334,0.71,0.82
7335,0.7,0.83
7336,0.7,0.83
7337,0.69,0.82
7338,0.7,0.82
7339,0.53,0.75
7340,0.53,0.53
7341,0.54,0.53
7342,0.55,0.49
7343,0.54,0.51
7344,0.55,0.5
7345,0.54,0.49
7346,0.23,0.5
7347,0.22,0.51
7348,0.22,0.5
7349,0.21,0.52
7350,0.21,0.57
7351,0.21,0.56
7352,0.07,0.57
7353,0.06,0.57
7354,0.07,0.56
7355,0.06,0.57
7356,0.08,0.55
7357,0.05,0.61
7358,0.06,0.58
7359,0.06,0.43
7360,0.07,0.37
7361,0.06,0.33
7362,0.07,0.36
7363,0.08,0.36
7364,0.07,0.37
7365,0.07,0.41
7366,0.07,0.35
7367,0.06,0.37
7368,0.08,0.36
7369,0.11,0.68
7370,0.12,0.76
7371,0.12,0.75
7372,0.11,0.76
7373,0.08,0.75
7374,0.08,0.75
7375,0.05,0.6
7376,0.07,0.71
7377,0.04,0.64
7378,0.06,0.74
7379,0.05,0.76
7380,0.06,0.68
7381,0.04,0.67
7382,0.05,0.67
7383,0.1,0.35
7384,0.55,0.35
7385,0.54,0.36
7386,0.56,0.36
7387,0.56,0.42
7388,0.57,0.68
7389,0.56,0.68
7390,0.54,0.68
7391,0.55,0.68
7392,0.5,0.69
7393,0.74,0.68
7394,0.75,0.71
7395,0.75,0.69
7396,0.75,0.69
7397,0.74,0.41
7398,0.75,0.28
7399,0.74,0.36
7400,0.75,0.36
7401,0.74,0.35
7402,0.75,0.36
7403,0.43,0.48
7404,0.48,0.96
7405,0.44,0.96
7406,0.46,0.97
7407,0.46,0.98
7408,0.46,0.97
7409,0.45,0.95
7410,0.46,0.97
7411,0.44,0.96
7412,0.16,0.44
7413,0.1,0.36
7414,0.12,0.36
7415,0.12,0.37
7416,0.11,0.34
7417,0.33,0.62
7418,0.38,0.36
7419,0.36,0.8
7420,0.38,0.9
7421,0.38,0.93
7422,0.39,0.89
7423,0.37,0.9
7424,0.4,0.68
7425,0.38,0.37
7426,0.39,0.43
7427,0.05,0.39
7428,0.06,0.4
7429,0.06,0.4
7430,0.06,0.39
7431,0.05,0.4
7432,0.06,0.36
7433,0.05,0.4
7434,0.07,0.38
7435,0.06,0.35
7436,0.06,0.66
7437,0.05,0.36
7438,0.05,0.69
7439,0.05,0.41
7440,0.07,0.61
7441,0.04,0.44
7442,0.05,0.55
7443,0.06,0.56
7444,0.06,0.56
7445,0.06,0.56
7446,0.06,0.55
7447,0.04,0.55
7448,0.05,0.5
7449,0.05,0.52
7450,0.09,0.48
7451,0.1,0.52
7452,0.11,0.53
7453,0.11,0.56
7454,0.12,0.78
7455,0.11,0.51
7456,0.1,0.5
7457,0.1,0.43
7458,0.15,0.45
7459,0.38,0.45
7460,0.37,0.44
7461,0.39,0.45
7462,0.38,0.45
7463,0.38,0.47
7464,0.21,0.45
7465,0.23,0.44
7466,0.23,0.48
7467,0.23,0.42
7468,0.23,0.39
7469,0.24,0.38
7470,0.24,0.38
7471,0.18,0.77
7472,0.1,0.54
7473,0.11,0.46
7474,0.11,0.55
7475,0.11,0.51
7476,0.11,0.45
7477,0.5,0.48
7478,0.55,0.48
7479,0.54,0.36
7480,0.54,0.39
7481,0.55,0.43
7482,0.55,0.39
7483,0.55,0.37
7484,0.55,0.39
7485,0.54,0.37
7486,0.5,0.37
7487,0.6,0.37
7488,0.59,0.38
7489,0.59,0.44
7490,0.6,0.61
7491,0.6,0.44
7492,0.59,0.43
7493,0.6,0.45
7494,0.29,0.41
7495,0.07,0.43
7496,0.07,0.41
7497,0.08,0.41
7498,0.08,0.42
7499,0.08,0.45
7500,0.06,0.65
7501,0.2,0.64
7502,0.22,0.65
7503,0.21,0.63
7504,0.22,0.6
7505,0.14,0.3
7506,0.06,0.33
7507,0.08,0.48
7508,0.09,0.42
7509,0.08,0.27
7510,0.06,0.56
7511,0.08,0.45
7512,0.11,0.46
7513,0.11,0.46
7514,0.1,0.44
7515,0.11,0.48
7516,0.1,0.46
7517,0.11,0.56
7518,0.12,0.61
7519,0.21,0.6
7520,0.21,0.61
7521,0.21,0.59
7522,0.2,0.57
7523,0.21,0.61
7524,0.22,0.61
7525,0.22,0.5
7526,0.2,0.47
7527,0.32,0.49
7528,0.39,0.49
7529,0.38,0.49
7530,0.39,0.5
7531,0.22,0.43
7532,0.11,0.6
7533,0.1,0.41
7534,0.13,0.35
7535,0.11,0.35
7536,0.11,0.34
7537,0.11,0.37
7538,0.12,0.37
7539,0.1,0.35
7540,0.09,0.35
7541,0.06,0.41
7542,0.06,0.35
7543,0.04,0.31
7544,0.06,0.38
7545,0.05,0.34
7546,0.05,0.34
7547,0.33,0.78
7548,0.46,0.77
7549,0.45,0.8
7550,0.46,0.78
7551,0.46,0.78
7552,0.45,0.78
7553,0.46,0.78
7554,0.47,0.52
7555,0.46,0.81
7556,0.26,0.46
7557,0.27,0.44
7558,0.29,0.45
7559,0.28,0.43
7560,0.3,0.45
7561,0.31,0.44
7562,0.42,0.46
7563,0.28,0.38
7564,0.27,0.35
7565,0.08,0.36
7566,0.09,0.34
7567,0.08,0.36
7568,0.08,0.36
7569,0.08,0.9
7570,0.08,0.88
7571,0.09,0.88
7572,0.47,0.87
7573,0.59,0.88
7574,0.61,0.88
7575,0.6,0.59
7576,0.61,0.62
7577,0.61,0.64
7578,0.63,0.64
7579,0.61,0.62
7580,0.2,0.63
7581,0.15,0.64
7582,0.14,0.43
7583,0.15,0.42
7584,0.18,0.45
7585,0.12,0.39
7586,0.14,0.42
7587,0.14,0.47
7588,0.14,0.81
7589,0.11,0.81
7590,0.92,0.81
7591,0.92,0.81
7592,0.92,0.81
7593,0.92,0.84
7594,0.92,0.75
7595,0.7,0.93
7596,0.05,0.89
7597,0.05,0.93
7598,0.06,0.93
7599,0.05,0.89
7600,0.06,0.81
7601,0.06,0.37
7602,0.07,0.35
7603,0.05,0.36
7604,0.07,0.37
7605,0.19,0.34
7606,0.57,0.37
7607,0.56,0.38
7608,0.57,0.36
7609,0.57,0.36
7610,0.57,0.4
7611,0.56,0.81
7612,0.57,0.82
7613,0.57,0.81
7614,0.19,0.82
7615,0.08,0.81
7616,0.06,0.82
7617,0.06,0.59
7618,0.06,0.64
7619,0.08,0.66
7620,0.09,0.67
7621,0.08,0.67
7622,0.09,0.65
7623,0.17,0.56
7624,0.24,0.35
7625,0.23,0.31
7626,0.27,0.41
7627,0.27,0.72
7628,0.27,0.6
7629,0.25,0.36
7630,0.25,0.32
7631,0.25,0.48
7632,0.23,0.46
7633,0.23,0.62
7634,0.23,0.66
7635,0.23,0.63
7636,0.23,0.66
7637,0.23,0.64
7638,0.24,0.64
7639,0.14,0.64
7640,0.17,0.6
7641,0.16,0.35
7642,0.15,0.82
7643,0.14,0.4
7644,0.15,0.37
7645,0.14,0.51
7646,0.13,0.87
7647,0.14,0.85
7648,0.14,0.87
7649,0.28,0.86
7650,0.29,0.88
7651,0.28,0.86
7652,0.28,0.86
7653,0.75,0.98
7654,0.92,0.69
7655,0.92,0.38
7656,0.92,0.3
7657,0.92,0.38
7658,0.92,0.43
7659,0.92,0.4
7660,0.66,0.52
7661,0.81,0.57
7662,0.81,0.57
7663,0.8,0.54
7664,0.8,0.56
7665,0.8,0.58
7666,0.8,0.69
7667,0.8,0.74
7668,0.66,0.72
7669,0.73,0.72
7670,0.72,0.71
7671,0.72,0.72
7672,0.72,0.73
7673,0.73,0.72
7674,0.73,0.74
7675,0.73,0.35
7676,0.72,0.37
7677,0.47,0.36
7678,0.07,0.35
7679,0.05,0.35
7680,0.05,0.36
7681,0.06,0.66
7682,0.05,0.34
7683,0.63,0.39
7684,0.63,0.51
7685,0.63,0.54
7686,0.64,0.55
7687,0.25,0.54
7688,0.27,0.53
7689,0.29,0.54
7690,0.27,0.48
7691,0.28,0.51
7692,0.37,0.47
7693,0.58,0.5
7694,0.57,0.49
7695,0.57,0.62
7696,0.57,0.75
7697,0.57,0.78
7698,0.57,0.77
7699,0.57,0.77
7700,0.56,0.89
7701,0.32,0.75
7702,0.06,0.78
7703,0.07,0.77
7704,0.06,0.51
7705,0.06,0.46
7706,0.06,0.4
7707,0.05,0.44
7708,0.06,0.45
7709,0.07,0.42
7710,0.06,0.45
7711,0.04,0.43
7712,0.05,0.33
7713,0.05,0.39
7714,0.06,0.35
7715,0.05,0.32
7716,0.06,0.3
7717,0.06,0.34
7718,0.05,0.34
7719,0.06,0.39
7720,0.05,0.36
7721,0.06,0.37
7722,0.05,0.36
7723,0.06,0.36
7724,0.06,0.42
7725,0.07,0.37
7726,0.04,0.37
7727,0.05,0.3
7728,0.06,0.38
7729,0.07,0.38
7730,0.07,0.37
7731,0.08,0.39
7732,0.34,0.48
7733,0.33,0.47
7734,0.36,0.51
7735,0.35,0.5
7736,0.34,0.5
7737,0.34,0.49
7738,0.46,0.55
7739,0.71,0.5
7740,0.72,0.38
7741,0.71,0.36
7742,0.73,0.33
7743,0.71,0.39
7744,0.72,0.37
7745,0.72,0.36
7746,0.72,0.37
7747,0.26,0.38
7748,0.27,0.38
7749,0.26,0.37
7750,0.28,0.37
7751,0.27,0.29
7752,0.26,0.4
7753,0.26,0.44
7754,0.28,0.83
7755,0.17,0.41
7756,0.05,0.36
7757,0.05,0.54
7758,0.06,0.75
7759,0.06,0.75
7760,0.05,0.76
7761,0.06,0.76
7762,0.47,0.74
7763,0.46,0.57
7764,0.48,0.57
7765,0.47,0.58
7766,0.46,0.57
7767,0.46,0.57
7768,0.39,0.56
7769,0.72,0.58
7770,0.72,0.57
7771,0.71,0.57
7772,0.71,0.59
7773,0.71,0.41
7774,0.72,0.56
7775,0.72,0.39
7776,0.72,0.39
7777,0.71,0.39
7778,0.23,0.41
7779,0.05,0.39
7780,0.05,0.41
7781,0.06,0.41
7782,0.06,0.73
7783,0.05,0.73
7784,0.07,0.71
7785,0.05,0.71
7786,0.05,0.71
7787,0.04,0.7
7788,0.06,0.88
7789,0.05,0.71
7790,0.05,0.75
7791,0.05,0.52
7792,0.08,0.73
7793,0.07,0.56
7794,0.07,0.56
7795,0.06,0.57
7796,0.05,0.54
7797,0.07,0.46
7798,0.23,0.42
7799,0.37,0.41
7800,0.38,0.41
7801,0.38,0.41
7802,0.48,0.41
7803,0.06,0.43
7804,0.07,0.42
7805,0.06,0.48
7806,0.07,0.49
7807,0.07,0.52
7808,0.05,0.52
7809,0.05,0.49
7810,0.07,0.7
7811,0.06,0.7
7812,0.06,0.69
7813,0.06,0.68
7814,0.08,0.66
7815,0.08,0.73
7816,0.08,0.72
7817,0.08,0.77
7818,0.08,0.73
7819,0.07,0.74
7820,0.08,0.74
7821,0.07,0.74
7822,0.08,0.73
7823,0.07,0.49
7824,0.08,0.47
7825,0.07,0.49
7826,0.17,0.65
7827,0.22,0.48
7828,0.24,0.46
7829,0.22,0.49
7830,0.23,0.49
7831,0.2,0.55
7832,0.21,0.88
7833,0.2,0.49
7834,0.22,0.42
7835,0.68,0.39
7836,0.82,0.68
7837,0.82,0.42
7838,0.82,0.39
7839,0.82,0.37
7840,0.82,0.42
7841,0.82,0.41
7842,0.68,0.43
7843,0.95,0.78
7844,0.95,0.95
7845,0.95,0.95
7846,0.95,0.95
7847,0.74,0.94
7848,0.87,0.97
7849,0.81,0.95
7850,0.82,0.87
7851,0.82,0.61
7852,0.82,0.58
7853,0.82,0.57
7854,0.83,0.57
7855,0.83,0.58
7856,0.83,0.55
7857,0.57,0.62
7858,0.09,0.61
7859,0.08,0.61
7860,0.06,0.61
7861,0.06,0.8
7862,0.07,0.8
7863,0.08,0.82
7864,0.19,0.81
7865,0.17,0.8
7866,0.18,0.8
7867,0.2,0.8
7868,0.2,0.8
7869,0.19,0.8
7870,0.2,0.68
7871,0.13,0.73
7872,0.06,0.75
7873,0.05,0.73
7874,0.06,0.75
7875,0.04,0.73
7876,0.05,0.73
7877,0.06,0.75
7878,0.07,0.71
7879,0.05,0.83
7880,0.06,0.71
7881,0.06,0.71
7882,0.06,0.68
7883,0.05,0.71
7884,0.07,0.72
7885,0.21,0.71
7886,0.32,0.71
7887,0.3,0.65
7888,0.31,0.61
7889,0.31,0.62
7890,0.38,0.58
7891,0.55,0.61
7892,0.55,0.57
7893,0.55,0.59
7894,0.56,0.9
7895,0.55,0.91
7896,0.55,0.9
7897,0.54,0.9
7898,0.54,0.92
7899,0.04,0.91
7900,0.06,0.93
7901,0.06,0.9
7902,0.07,0.91
7903,0.05,0.85
7904,0.07,0.68
7905,0.05,0.7
7906,0.05,0.67
7907,0.1,0.69
7908,0.14,0.68
7909,0.14,0.69
7910,0.14,0.6
7911,0.13,0.64
7912,0.13,0.64
7913,0.14,0.62
7914,0.15,0.63
7915,0.15,0.65
7916,0.13,0.62
7917,0.35,0.59
7918,0.36,0.7
7919,0.36,0.7
7920,0.36,0.7
7921,0.37,0.7
7922,0.36,0.7
7923,0.38,0.71
7924,0.26,0.51
7925,0.06,0.48
7926,0.05,0.49
7927,0.06,0.54
7928,0.06,0.85
7929,0.06,0.61
7930,0.05,0.33
7931,0.36,0.37
7932,0.34,0.3
7933,0.35,0.35
7934,0.35,0.67
7935,0.35,0.81
7936,0.35,0.83
7937,0.36,0.85
7938,0.35,0.82
7939,0.35,0.82
7940,0.35,0.84
7941,0.74,0.84
7942,0.74,0.89
7943,0.74,0.67
7944,0.75,0.67
7945,0.75,0.69
7946,0.74,0.66
7947,0.58,0.68
7948,0.36,0.67
7949,0.37,0.68
7950,0.36,0.76
7951,0.36,0.48
7952,0.13,0.31
7953,0.07,0.35
7954,0.08,0.55
7955,0.08,0.42
7956,0.08,0.37
7957,0.08,0.38
7958,0.07,0.35
7959,0.08,0.38
7960,0.07,0.35
7961,0.28,0.39
7962,0.63,0.35
7963,0.62,0.4
7964,0.63,0.38
7965,0.62,0.35
7966,0.62,0.41
7967,0.68,0.38
7968,0.63,0.38
7969,0.62,0.4
7970,0.15,0.38
7971,0.06,0.37
7972,0.05,0.38
7973,0.05,0.4
7974,0.07,0.39
7975,0.07,0.4
7976,0.06,0.4
7977,0.06,0.38
7978,0.07,0.4
7979,0.07,0.41
7980,0.07,0.4
7981,0.06,0.4
7982,0.06,0.4
7983,0.07,0.41
7984,0.07,0.35
7985,0.06,0.39
7986,0.07,0.58
7987,0.09,0.6
7988,0.09,0.58
7989,0.09,0.57
7990,0.08,0.57
7991,0.07,0.6
7992,0.08,0.63
7993,0.08,0.59
7994,0.07,0.56
7995,0.14,0.63
7996,0.22,0.57
7997,0.22,0.55
7998,0.21,0.54
7999,0.21,0.57
8000,0.22,0.5
8001,0.22,0.59
8002,0.07,0.48
8003,0.1,0.73
8004,0.11,0.74
8005,0.11,0.72
8006,0.09,0.74
8007,0.1,0.73
8008,0.07,0.72
8009,0.6,0.73
8010,0.6,0.65
8011,0.74,0.95
8012,0.6,0.96
8013,0.58,0.95
8014,0.58,0.96
8015,0.59,0.95
8016,0.58,0.96
8017,0.5,0.94
8018,0.63,0.84
8019,0.64,0.35
8020,0.63,0.34
8021,0.64,0.35
8022,0.65,0.35
8023,0.65,0.36
8024,0.65,0.34
8025,0.42,0.38
8026,0.11,0.47
8027,0.11,0.48
8028,0.12,0.53
8029,0.12,0.49
8030,0.13,0.49
8031,0.28,0.48
8032,0.26,0.46
8033,0.27,0.45
8034,0.28,0.46
8035,0.28,0.74
8036,0.27,0.82
8037,0.28,0.82
8038,0.22,0.82
8039,0.05,0.82
8040,0.04,0.82
8041,0.05,0.81
8042,0.39,0.82
8043,0.22,0.81
8044,0.07,0.76
8045,0.06,0.47
8046,0.06,0.51
8047,0.06,0.5
8048,0.05,0.49
8049,0.05,0.47
8050,0.05,0.48
8051,0.76,0.47
8052,0.79,0.45
8053,0.78,0.5
8054,0.79,0.33
8055,0.79,0.27
8056,0.78,0.34
8057,0.79,0.39
8058,0.8,0.33
8059,0.8,0.41
8060,0.45,0.36
8061,0.04,0.35
8062,0.04,0.35
8063,0.04,0.79
8064,0.04,0.94
8065,0.04,0.95
8066,0.04,0.94
8067,0.04,0.94
8068,0.04,0.73
8069,0.05,0.41
8070,0.04,0.37
8071,0.05,0.38
8072,0.03,0.39
8073,0.03,0.36
8074,0.06,0.41
8075,0.05,0.45
8076,0.06,0.52
8077,0.06,0.47
8078,0.26,0.49
8079,0.33,0.34
8080,0.33,0.35
8081,0.33,0.35
8082,0.35,0.44
8083,0.33,0.36
8084,0.33,0.35
8085,0.22,0.34
8086,0.05,0.39
8087,0.04,0.36
8088,0.06,0.3
8089,0.04,0.39
8090,0.05,0.35
8091,0.12,0.38
8092,0.14,0.39
8093,0.12,0.45
8094,0.14,0.45
8095,0.13,0.46
8096,0.28,0.43
8097,0.48,0.44
8098,0.49,0.46
8099,0.47,0.46
8100,0.49,0.58
8101,0.47,0.56
8102,0.4,0.65
8103,0.84,0.57
8104,0.86,0.57
8105,0.85,0.55
8106,0.86,0.35
8107,0.86,0.35
8108,0.87,0.33
8109,0.42,0.36
8110,0.32,0.36
8111,0.3,0.36
8112,0.32,0.29
8113,0.23,0.4
8114,0.22,0.52
8115,0.22,0.55
8116,0.23,0.54
8117,0.21,0.54
8118,0.23,0.45
8119,0.21,0.38
8120,0.22,0.38
8121,0.44,0.39
8122,0.57,0.37
8123,0.56,0.36
8124,0.59,0.47
8125,0.57,0.62
8126,0.56,0.62
8127,0.56,0.62
8128,0.57,0.6
8129,0.57,0.76
8130,0.24,0.62
8131,0.3,0.58
8132,0.25,0.68
8133,0.26,0.68
8134,0.27,0.7
8135,0.25,0.68
8136,0.26,0.75
8137,0.25,0.96
8138,0.23,0.87
8139,0.32,0.87
8140,0.33,0.88
8141,0.32,0.88
8142,0.32,0.89
8143,0.33,0.79
8144,0.34,0.91
8145,0.32,0.93
8146,0.32,0.91
8147,0.32,0.91
8148,0.27,0.91
8149,0.25,0.92
8150,0.27,0.92
8151,0.25,0.78
8152,0.25,0.44
8153,0.25,0.41
8154,0.27,0.43
8155,0.24,0.44
8156,0.25,0.42
8157,0.25,0.44
8158,0.21,0.44
8159,0.22,0.45
8160,0.24,0.43
8161,0.23,0.51
8162,0.24,0.66
8163,0.23,0.61
8164,0.24,0.62
8165,0.24,0.65
8166,0.1,0.64
8167,0.11,0.66
8168,0.11,0.67
8169,0.11,0.66
8170,0.11,0.66
8171,0.12,0.49
8172,0.11,0.36
8173,0.11,0.35
8174,0.13,0.37
8175,0.19,0.36
8176,0.18,0.35
8177,0.19,0.37
8178,0.21,0.36
8179,0.19,0.31
8180,0.17,0.67
8181,0.19,0.87
8182,0.57,0.86
8183,0.75,0.86
8184,0.75,0.68
8185,0.74,0.36
8186,0.74,0.38
8187,0.74,0.37
8188,0.74,0.35
8189,0.74,0.38
8190,0.74,0.37
8191,0.74,0.34
8192,0.3,0.36
8193,0.32,0.36
8194,0.33,0.36
8195,0.32,0.31
8196,0.32,0.36
8197,0.32,0.97
8198,0.33,0.96
8199,0.32,0.97
8200,0.31,0.97
8201,0.21,0.98
8202,0.23,0.62
8203,0.22,0.33
8204,0.22,0.35
8205,0.21,0.35
8206,0.22,0.36
8207,0.22,0.3
8208,0.22,0.36
8209,0.22,0.34
8210,0.21,0.35
8211,0.11,0.35
8212,0.1,0.37
8213,0.09,0.55
8214,0.11,0.37
8215,0.08,0.33
8216,0.06,0.36
8217,0.07,0.33
8218,0.07,0.37
8219,0.06,0.3
8220,0.04,0.35
8221,0.05,0.37
8222,0.05,0.37
8223,0.06,0.36
8224,0.05,0.36
8225,0.13,0.36
8226,0.15,0.55
8227,0.15,0.53
8228,0.16,0.55
8229,0.17,0.56
8230,0.37,0.57
8231,0.83,0.5
8232,0.84,0.54
8233,0.84,0.57
8234,0.83,0.4
8235,0.83,0.37
8236,0.83,0.42
8237,0.65,0.34
8238,0.26,0.37
8239,0.26,0.41
8240,0.27,0.36
8241,0.27,0.34
8242,0.17,0.49
8243,0.18,0.51
8244,0.19,0.49
8245,0.18,0.5
8246,0.17,0.49
8247,0.17,0.42
8248,0.18,0.37
8249,0.32,0.33
8250,0.57,0.36
8251,0.57,0.42
8252,0.54,0.34
8253,0.58,0.35
8254,0.57,0.63
8255,0.59,0.97
8256,0.57,0.98
8257,0.46,0.98
8258,0.19,0.98
8259,0.18,0.98
8260,0.17,0.99
8261,0.18,0.98
8262,0.07,0.76
8263,0.07,0.61
8264,0.06,0.76
8265,0.06,0.44
8266,0.05,0.44
8267,0.05,0.43
8268,0.05,0.45
8269,0.05,0.54
8270,0.26,0.85
8271,0.31,0.81
8272,0.31,0.82
8273,0.32,0.83
8274,0.32,0.83
8275,0.31,0.82
8276,0.32,0.81
8277,0.32,0.37
8278,0.33,0.36
8279,0.31,0.38
8280,0.97,0.33
8281,0.97,0.37
8282,0.99,0.33
8283,0.97,0.36
8284,0.97,0.34
8285,0.97,0.5
8286,0.53,0.38
8287,0.08,0.37
8288,0.07,0.36
8289,0.08,0.37
8290,0.08,0.36
8291,0.08,0.42
8292,0.06,0.56
8293,0.05,0.37
8294,0.07,0.33
8295,0.05,0.34
8296,0.06,0.37
8297,0.29,0.36
8298,0.31,0.36
8299,0.29,0.35
8300,0.29,0.35
8301,0.29,0.43
8302,0.23,0.49
8303,0.25,0.5
8304,0.26,0.36
8305,0.24,0.42
8306,0.25,0.42
8307,0.25,0.96
8308,0.25,0.65
8309,0.2,0.95
8310,0.22,0.93
8311,0.22,0.94
8312,0.22,0.94
8313,0.21,0.94
8314,0.23,0.95
8315,0.21,0.57
8316,0.23,0.64
8317,0.21,0.58
8318,0.23,0.37
8319,0.09,0.34
8320,0.08,0.37
8321,0.07,0.37
8322,0.07,0.34
8323,0.04,0.34
8324,0.07,0.67
8325,0.06,0.62
8326,0.8,0.47
8327,0.79,0.5
8328,0.81,0.9
8329,0.79,0.46
8330,0.4,0.54
8331,0.04,0.53
8332,0.04,0.34
8333,0.03,0.33
8334,0.05,0.3
8335,0.05,0.4
8336,0.04,0.34
8337,0.37,0.39
8338,0.5,0.37
8339,0.48,0.45
8340,0.5,0.47
8341,0.49,0.41
8342,0.2,0.6
8343,0.19,0.51
8344,0.22,0.61
8345,0.21,0.45
8346,0.22,0.44
8347,0.22,0.44
8348,0.23,0.45
8349,0.23,0.47
8350,0.48,0.49
8351,0.69,0.43
8352,0.7,0.71
8353,0.69,0.46
8354,0.69,0.48
8355,0.69,0.48
8356,0.7,0.47
8357,0.68,0.48
8358,0.7,0.47
8359,0.69,0.46
8360,0.22,0.47
8361,0.07,0.48
8362,0.08,0.48
8363,0.08,0.53
8364,0.1,0.55
8365,0.08,0.54
8366,0.08,0.55
8367,0.06,0.55
8368,0.08,0.56
8369,0.07,0.53
8370,0.08,0.56
8371,0.06,0.88
8372,0.06,0.86
8373,0.05,0.88
8374,0.05,0.87
8375,0.03,0.87
8376,0.04,0.87
8377,0.04,0.87
8378,0.04,0.46
8379,0.04,0.34
8380,0.05,0.39
8381,0.04,0.34
8382,0.05,0.37
8383,0.13,0.36
8384,0.15,0.36
8385,0.14,0.35
8386,0.14,0.37
8387,0.12,0.34
8388,0.14,0.36
8389,0.13,0.34
8390,0.26,0.37
8391,0.25,0.34
8392,0.25,0.41
8393,0.24,0.61
8394,0.28,0.58
8395,0.26,0.58
8396,0.26,0.58
8397,0.25,0.59
8398,0.28,0.57
8399,0.06,0.57
8400,0.07,0.58
8401,0.07,0.59
8402,0.07,0.52
8403,0.05,0.46
8404,0.05,0.5
8405,0.04,0.57
8406,0.05,0.76
8407,0.04,0.46
8408,0.04,0.46
8409,0.44,0.47
8410,0.68,0.47
8411,0.67,0.4
8412,0.67,0.34
8413,0.66,0.26
8414,0.68,0.37
8415,0.67,0.4
8416,0.67,0.62
8417,0.2,0.52
8418,0.23,0.51
8419,0.21,0.55
8420,0.21,0.52
8421,0.21,0.6
8422,0.21,0.52
8423,0.2,0.56
8424,0.21,0.5
8425,0.22,0.52
8426,0.22,0.52
8427,0.2,0.5
8428,0.21,0.55
8429,0.41,0.5
8430,0.7,0.56
8431,0.7,0.83
8432,0.7,0.59
8433,0.7,0.57
8434,0.71,0.62
8435,0.7,0.58
8436,0.71,0.59
8437,0.7,0.69
8438,0.7,0.87
8439,0.34,0.91
8440,0.36,0.82
8441,0.37,0.85
8442,0.37,0.77
8443,0.3,0.93
8444,0.37,0.93
8445,0.37,0.94
8446,0.38,0.95
8447,0.38,0.94
8448,0.26,0.67
8449,0.29,0.36
8450,0.29,0.36
8451,0.28,0.36
8452,0.28,0.41
8453,0.28,0.33
8454,0.29,0.36
8455,0.27,0.37
8456,0.27,0.72
8457,0.09,0.87
8458,0.05,0.8
8459,0.05,0.8
8460,0.05,0.8
8461,0.05,0.79
8462,0.06,0.86
8463,0.07,0.75
8464,0.14,0.71
8465,0.14,0.75
8466,0.13,0.71
8467,0.14,0.7
8468,0.15,0.73
8469,0.15,0.71
8470,0.48,0.66
8471,0.56,0.57
8472,0.55,0.65
8473,0.56,0.81
8474,0.56,0.47
8475,0.55,0.51
8476,0.54,0.36
8477,0.55,0.36
8478,0.55,0.33
8479,0.12,0.36
8480,0.05,0.35
8481,0.07,0.36
8482,0.05,0.38
8483,0.06,0.42
8484,0.06,0.72
8485,0.04,0.66
8486,0.04,0.67
8487,0.04,0.72
8488,0.11,0.72
8489,0.19,0.7
8490,0.18,0.87
8491,0.18,0.69
8492,0.17,0.71
8493,0.19,0.48
8494,0.19,0.57
8495,0.14,0.51
8496,0.04,0.51
8497,0.04,0.52
8498,0.05,0.5
8499,0.05,0.49
8500,0.04,0.52
8501,0.49,0.45
8502,0.84,0.37
8503,0.85,0.27
8504,0.84,0.36
8505,0.85,0.36
8506,0.84,0.74
8507,0.85,0.36
8508,0.84,0.38
8509,0.69,0.51
8510,0.19,0.93
8511,0.19,0.93
8512,0.2,0.92
8513,0.2,0.93
8514,0.21,0.92
8515,0.17,0.7
8516,0.18,0.75
8517,0.17,0.76
8518,0.19,0.76
8519,0.18,0.75
8520,0.19,0.76
8521,0.18,0.76
8522,0.38,0.75
8523,0.22,0.45
8524,0.36,0.37
8525,0.36,0.4
8526,0.36,0.38
8527,0.35,0.37
8528,0.34,0.37
8529,0.34,0.53
8530,0.35,0.6
8531,0.36,0.59
8532,0.35,0.59
8533,0.36,0.59
8534,0.84,0.61
8535,0.85,0.6
8536,0.84,0.6
8537,0.84,0.55
8538,0.85,0.38
8539,0.7,0.35
8540,0.8,0.27
8541,0.79,0.4
8542,0.8,0.37
8543,0.79,0.33
8544,0.49,0.37
8545,0.12,0.36
8546,0.12,0.35
8547,0.12,0.79
8548,0.13,0.77
8549,0.5,0.75
8550,0.62,0.78
8551,0.61,0.62
8552,0.61,0.61
8553,0.6,0.73
8554,0.63,0.59
8555,0.6,0.58
8556,0.62,0.53
8557,0.61,0.56
8558,0.59,0.58
8559,0.17,0.58
8560,0.17,0.51
8561,0.17,0.42
8562,0.19,0.47
8563,0.16,0.46
8564,0.18,0.42
8565,0.18,0.45
8566,0.08,0.43
8567,0.03,0.51
8568,0.04,0.78
8569,0.03,0.82
8570,0.05,0.82
8571,0.04,0.84
8572,0.05,0.87
8573,0.07,0.79
8574,0.11,0.35
8575,0.06,0.36
8576,0.08,0.35
8577,0.07,0.37
8578,0.08,0.38
8579,0.07,0.35
8580,0.51,0.36
8581,0.58,0.33
8582,0.6,0.32
8583,0.58,0.45
8584,0.6,0.44
8585,0.59,0.44
8586,0.6,0.45
8587,0.59,0.47
8588,0.59,0.45
8589,0.56,0.48
8590,0.56,0.46
8591,0.54,0.46
8592,0.55,0.44
8593,0.54,0.37
8594,0.55,0.37
8595,0.54,0.39
8596,0.55,0.43
8597,0.53,0.36
8598,0.24,0.39
8599,0.04,0.37
8600,0.05,0.36
8601,0.04,0.37
8602,0.03,0.34
8603,0.05,0.35
8604,0.05,0.66
8605,0.05,0.81
8606,0.06,0.68
8607,0.04,0.73
8608,0.04,0.78
8609,0.04,0.75
8610,0.05,0.89
8611,0.05,0.91
8612,0.08,0.91
8613,0.24,0.92
8614,0.25,0.81
8615,0.23,0.91
8616,0.25,0.91
8617,0.23,0.93
8618,0.24,0.93
8619,0.23,0.91
8620,0.24,0.91
8621,0.24,0.91
8622,0.36,0.5
8623,0.34,0.49
8624,0.38,0.47
8625,0.36,0.46
8626,0.38,0.44
8627,0.36,0.98
8628,0.37,0.98
8629,0.29,0.99
8630,0.38,0.99
8631,0.36,0.98
8632,0.36,0.98
8633,0.37,0.99
8634,0.15,0.88
8635,0.04,0.31
8636,0.04,0.36
8637,0.04,0.36
8638,0.05,0.37
8639,0.04,0.36
8640,0.05,0.36
8641,0.05,0.92
8642,0.07,0.36
8643,0.03,0.62
8644,0.05,0.37
8645,0.03,0.34
8646,0.05,0.45
8647,0.06,0.88
8648,0.04,0.55
8649,0.04,0.35
8650,0.48,0.36
8651,0.63,0.37
8652,0.63,0.35
8653,0.63,0.35
8654,0.64,0.64
8655,0.63,0.33
8656,0.63,0.35
8657,0.64,0.35
8658,0.64,0.36
8659,0.32,0.35
8660,0.05,0.38
8661,0.05,0.35
8662,0.05,0.52
8663,0.05,0.35
8664,0.08,0.36
8665,0.08,0.65
8666,0.08,0.62
8667,0.07,0.35
8668,0.07,0.34
8669,0.08,0.42
8670,0.05,0.35
8671,0.05,0.41
8672,0.06,0.73
8673,0.05,0.73
8674,0.06,0.73
8675,0.05,0.67
8676,0.07,0.6
8677,0.07,0.74
8678,0.07,0.75
8679,0.05,0.72
8680,0.05,0.73
8681,0.06,0.73
8682,0.08,0.73
8683,0.08,0.55
8684,0.09,0.55
8685,0.08,0.84
8686,0.05,0.55
8687,0.05,0.53
8688,0.05,0.62
8689,0.04,0.59
8690,0.04,0.6
8691,0.27,0.65
8692,0.34,0.89
8693,0.34,0.61
8694,0.34,0.57
8695,0.34,0.77
8696,0.33,0.76
8697,0.34,0.77
8698,0.33,0.75
8699,0.05,0.76
8700,0.05,0.77
8701,0.06,0.74
8702,0.06,0.77
8703,0.05,0.75
8704,0.03,0.54
8705,0.05,0.42
8706,0.05,0.43
8707,0.25,0.44
8708,0.33,0.43
8709,0.35,0.42
8710,0.34,0.42
8711,0.33,0.41
8712,0.32,0.43
8713,0.33,0.44
8714,0.32,0.51
8715,0.29,0.7
8716,0.56,0.52
8717,0.56,0.54
8718,0.57,0.74
8719,0.57,0.47
8720,0.56,0.38
8721,0.56,0.39
8722,0.57,0.35
8723,0.56,0.36
8724,0.47,0.34
8725,0.56,0.47
8726,0.56,0.65
8727,0.56,0.63
8728,0.56,0.65
8729,0.56,0.71
8730,0.5,0.83
8731,0.2,0.63
8732,0.18,0.53
8733,0.18,0.42
8734,0.19,0.38
8735,0.19,0.4
8736,0.19,0.35
8737,0.18,0.46
8738,0.19,0.39
8739,0.27,0.36
8740,0.26,0.9
8741,0.27,0.9
8742,0.28,0.91
8743,0.29,0.9
8744,0.27,0.9
8745,0.27,0.93
8746,0.17,0.95
8747,0.18,0.91
8748,0.17,0.76
8749,0.16,0.66
8750,0.17,0.79
8751,0.16,0.67
8752,0.15,0.65
8753,0.16,0.46
8754,0.18,0.45
8755,0.22,0.45
8756,0.71,0.45
8757,0.72,0.49
8758,0.73,0.45
8759,0.71,0.47
8760,0.31,0.42
8761,0.19,0.78
8762,0.54,0.57
8763,0.53,0.53
8764,0.52,0.6
8765,0.2,0.61
8766,0.06,0.61
8767,0.05,0.59
8768,0.06,0.6
8769,0.06,0.54
8770,0.07,0.54
8771,0.06,0.6
8772,0.08,0.36
8773,0.11,0.3
8774,0.13,0.38
8775,0.12,0.38
8776,0.11,0.54
8777,0.11,0.89
8778,0.14,0.87
8779,0.47,0.89
8780,0.49,0.89
8781,0.47,0.92
8782,0.49,0.67
8783,0.47,0.66
8784,0.49,0.51
8785,0.48,0.71
8786,0.48,0.52
8787,0.47,0.63
8788,0.46,0.49
8789,0.04,0.5
8790,0.07,0.5
8791,0.06,0.49
8792,0.06,0.51
8793,0.04,0.57
8794,0.07,0.73
8795,0.05,0.5
8796,0.05,0.57
8797,0.04,0.79
8798,0.05,0.68
8799,0.02,0.6
8800,0.04,0.87
8801,0.04,0.57
8802,0.05,0.72
8803,0.04,0.59
8804,0.52,0.88
8805,0.49,0.51
8806,0.51,0.45
8807,0.5,0.46
8808,0.51,0.45
8809,0.5,0.41
8810,0.51,0.45
8811,0.47,0.46
8812,0.05,0.62
8813,0.04,0.5
8814,0.06,0.55
8815,0.05,0.58
8816,0.06,0.76
8817,0.04,0.59
8818,0.05,0.56
8819,0.1,0.56
8820,0.19,0.74
8821,0.2,0.55
8822,0.2,0.56
8823,0.19,0.54
8824,0.19,0.6
8825,0.19,0.64
8826,0.21,0.73
8827,0.19,0.61
8828,0.16,0.62
8829,0.15,0.59
8830,0.15,0.6
8831,0.13,0.62
8832,0.14,0.56
8833,0.13,0.35
8834,0.6,0.35
8835,0.83,0.37
8836,0.83,0.61
8837,0.83,0.37
8838,0.85,0.44
8839,0.84,0.49
8840,0.84,0.33
8841,0.2,0.37
8842,0.21,0.32
8843,0.22,0.39
8844,0.23,0.36
8845,0.19,0.36
8846,0.34,0.45
8847,0.45,0.62
8848,0.46,0.63
8849,0.46,0.64
8850,0.47,0.66
8851,0.45,0.64
8852,0.45,0.61
8853,0.44,0.64
8854,0.46,0.83
8855,0.24,0.83
8856,0.26,0.85
8857,0.24,0.85
8858,0.26,0.84
8859,0.25,0.84
8860,0.25,0.86
8861,0.25,0.73
8862,0.27,0.79
8863,0.24,0.81
8864,0.25,0.79
8865,0.21,0.84
8866,0.24,0.8
8867,0.23,0.79
8868,0.24,0.8
8869,0.2,0.9
8870,0.05,0.85
8871,0.05,0.67
8872,0.04,0.68
8873,0.03,0.68
8874,0.06,0.68
8875,0.04,0.67
8876,0.05,0.68
8877,0.1,0.54
8878,0.12,0.58
8879,0.11,0.58
8880,0.12,0.59
8881,0.11,0.57
8882,0.1,0.59
8883,0.03,0.59
8884,0.05,0.59
8885,0.04,0.57
8886,0.03,0.64
8887,0.05,0.89
8888,0.11,0.83
8889,0.11,0.83
8890,0.11,0.81
8891,0.11,0.94
8892,0.12,0.81
8893,0.1,0.82
8894,0.25,0.84
8895,0.54,0.92
8896,0.53,0.53
8897,0.55,0.36
8898,0.53,0.33
8899,0.52,0.35
8900,0.24,0.32
8901,0.25,0.42
8902,0.24,0.36
8903,0.25,0.33
8904,0.25,0.73
8905,0.25,0.45
8906,0.25,0.46
8907,0.25,0.42
8908,0.28,0.44
8909,0.43,0.46
8910,0.44,0.45
8911,0.44,0.42
8912,0.44,0.56
8913,0.44,0.85
8914,0.44,0.88
8915,0.41,0.87
8916,0.64,0.9
8917,0.63,0.91
8918,0.63,0.88
8919,0.62,0.85
8920,0.62,0.85
8921,0.63,0.8
8922,0.63,0.8
8923,0.54,0.82
8924,0.63,0.79
8925,0.64,0.72
8926,0.63,0.94
8927,0.63,0.91
8928,0.35,0.93
8929,0.38,0.96
8930,0.39,0.92
8931,0.38,0.92
8932,0.18,0.93
8933,0.12,0.94
8934,0.13,0.95
8935,0.12,0.7
8936,0.1,0.38
8937,0.12,0.41
8938,0.2,0.51
8939,0.19,0.33
8940,0.2,0.34
8941,0.2,0.35
8942,0.17,0.27
8943,0.23,0.36
8944,0.24,0.54
8945,0.23,0.39
8946,0.24,0.34
8947,0.25,0.41
8948,0.24,0.32
8949,0.27,0.32
8950,0.06,0.32
8951,0.06,0.74
8952,0.04,0.53
8953,0.05,0.53
8954,0.05,0.53
8955,0.05,0.56
8956,0.03,0.58
8957,0.05,0.69
8958,0.08,0.7
8959,0.09,0.72
8960,0.09,0.72
8961,0.09,0.69
8962,0.1,0.74
8963,0.1,0.72
8964,0.1,0.72
8965,0.09,0.75
8966,0.09,0.59
8967,0.46,0.75
8968,0.76,0.54
8969,0.77,0.55
8970,0.76,0.54
8971,0.76,0.54
8972,0.76,0.58
8973,0.75,0.44
8974,0.76,0.49
8975,0.76,0.76
8976,0.76,0.56
8977,0.09,0.63
8978,0.09,0.81
8979,0.09,0.85
8980,0.07,0.85
8981,0.09,0.84
8982,0.1,0.92
8983,0.09,0.9
8984,0.09,0.84
8985,0.1,0.81
8986,0.15,0.58
8987,0.27,0.29
8988,0.27,0.36
8989,0.27,0.36
8990,0.28,0.36
8991,0.27,0.39
8992,0.27,0.58
8993,0.14,0.66
8994,0.06,0.53
8995,0.03,0.42
8996,0.03,0.42
8997,0.04,0.41
8998,0.46,0.4
8999,0.92,0.39
9000,0.92,0.35
9001,0.91,0.32
9002,0.95,0.29
9003,0.14,0.35
9004,0.15,0.43
9005,0.15,0.82
9006,0.16,0.65
9007,0.13,0.41
9008,0.16,0.43
9009,0.18,0.64
9010,0.18,0.46
9011,0.19,0.48
9012,0.19,0.49
9013,0.16,0.54
9014,0.18,0.45
9015,0.19,0.44
9016,0.21,0.35
9017,0.21,0.35
9018,0.22,0.36
9019,0.2,0.39
9020,0.2,0.39
9021,0.2,0.39
9022,0.21,0.35
9023,0.34,0.32
9024,0.41,0.38
9025,0.39,0.48
9026,0.4,0.56
9027,0.39,0.56
9028,0.4,0.56
9029,0.08,0.62
9030,0.09,0.67
9031,0.09,0.52
9032,0.08,0.55
9033,0.08,0.55
9034,0.1,0.51
9035,0.17,0.52
9036,0.18,0.52
9037,0.15,0.67
9038,0.16,0.67
9039,0.14,0.72
9040,0.16,0.6
9041,0.13,0.61
9042,0.04,0.64
9043,0.04,0.59
9044,0.05,0.61
9045,0.04,0.62
9046,0.05,0.62
9047,0.05,0.77
9048,0.15,0.64
9049,0.13,0.51
9050,0.14,0.49
9051,0.14,0.51
9052,0.08,0.51
9053,0.06,0.51
9054,0.08,0.51
9055,0.07,0.62
9056,0.07,0.82
9057,0.06,0.82
9058,0.07,0.81
9059,0.06,0.83
9060,0.08,0.88
9061,0.08,0.82
9062,0.46,0.58
9063,0.52,0.62
9064,0.53,0.62
9065,0.54,0.84
9066,0.53,0.74
9067,0.52,0.64
9068,0.57,0.64
9069,0.88,0.63
9070,0.89,0.68
9071,0.89,0.95
9072,0.88,0.97
9073,0.88,0.97
9074,0.88,0.95
9075,0.88,0.63
9076,0.88,0.34
9077,0.76,0.43
9078,0.19,0.83
9079,0.17,0.36
9080,0.17,0.36
9081,0.16,0.54
9082,0.16,0.82
9083,0.05,0.47
9084,0.06,0.47
9085,0.03,0.47
9086,0.05,0.48
9087,0.04,0.49
9088,0.05,0.47
9089,0.26,0.56
9090,0.26,0.85
9091,0.28,0.49
9092,0.28,0.36
9093,0.27,0.46
9094,0.28,0.52
9095,0.27,0.4
9096,0.27,0.4
9097,0.2,0.4
9098,0.17,0.39
9099,0.17,0.39
9100,0.17,0.62
9101,0.17,0.74
9102,0.19,0.74
9103,0.17,0.75
9104,0.41,0.74
9105,0.56,0.76
9106,0.57,0.87
9107,0.56,0.86
9108,0.47,0.86
9109,0.71,0.71
9110,0.72,0.38
9111,0.73,0.38
9112,0.72,0.89
9113,0.72,0.34
9114,0.73,0.63
9115,0.72,0.54
9116,0.71,0.39
9117,0.45,0.38
9118,0.51,0.31
9119,0.5,0.36
9120,0.5,0.47
9121,0.51,0.46
9122,0.51,0.39
9123,0.5,0.89
9124,0.5,0.5
9125,0.38,0.53
9126,0.39,0.55
9127,0.39,0.53
9128,0.38,0.32
9129,0.38,0.37
9130,0.37,0.39
9131,0.39,0.44
9132,0.38,0.6
9133,0.38,0.38
9134,0.38,0.35
9135,0.13,0.37
9136,0.12,0.35
9137,0.14,0.58
9138,0.14,0.29
9139,0.13,0.32
9140,0.12,0.36
9141,0.28,0.35
9142,0.86,0.29
9143,0.86,0.36
9144,0.86,0.36
9145,0.87,0.51
9146,0.86,0.35
9147,0.86,0.27
9148,0.75,0.66
9149,0.24,0.38
9150,0.24,0.37
9151,0.23,0.36
9152,0.23,0.79
9153,0.19,0.82
9154,0.13,0.83
9155,0.13,0.75
9156,0.13,0.78
9157,0.13,0.58
9158,0.14,0.54
9159,0.13,0.58
9160,0.13,0.57
9161,0.14,0.5
9162,0.12,0.44
9163,0.14,0.41
9164,0.12,0.85
9165,0.12,0.56
9166,0.12,0.44
9167,0.12,0.43
9168,0.11,0.41
9169,0.11,0.42
9170,0.11,0.32
9171,0.12,0.3
9172,0.1,0.36
9173,0.23,0.37
9174,0.3,0.36
9175,0.29,0.31
9176,0.29,0.4
9177,0.29,0.78
9178,0.28,0.78
9179,0.71,0.48
9180,0.71,0.31
9181,0.71,0.37
9182,0.72,0.4
9183,0.72,0.52
9184,0.5,0.38
9185,0.05,0.52
9186,0.03,0.32
9187,0.05,0.4
9188,0.05,0.48
9189,0.21,0.5
9190,0.25,0.45
9191,0.23,0.49
9192,0.24,0.5
9193,0.24,0.48
9194,0.22,0.49
9195,0.23,0.56
9196,0.22,0.53
9197,0.23,0.51
9198,0.15,0.79
9199,0.15,0.93
9200,0.15,0.92
9201,0.16,0.96
9202,0.14,0.96
9203,0.14,0.96
9204,0.16,0.91
9205,0.46,0.78
9206,0.95,0.92
9207,0.95,0.92
9208,0.95,0.8
9209,0.83,0.76
9210,0.04,0.79
9211,0.04,0.79
9212,0.05,0.78
9213,0.04,0.66
9214,0.05,0.6
9215,0.05,0.66
9216,0.03,0.78
9217,0.16,0.65
9218,0.64,0.58
9219,0.63,0.62
9220,0.63,0.63
9221,0.64,0.64
9222,0.64,0.7
9223,0.63,0.73
9224,0.64,0.74
9225,0.26,0.74
9226,0.05,0.75
9227,0.04,0.7
9228,0.04,0.72
9229,0.04,0.74
9230,0.03,0.56
9231,0.3,0.36
9232,0.83,0.35
9233,0.82,0.56
9234,0.84,0.75
9235,0.83,0.36
9236,0.83,0.31
9237,0.82,0.36
9238,0.54,0.37
9239,0.57,0.73
9240,0.58,0.73
9241,0.57,0.95
9242,0.67,0.95
9243,0.81,0.96
9244,0.82,0.95
9245,0.8,0.76
9246,0.81,0.81
9247,0.8,0.81
9248,0.41,0.8
9249,0.2,0.79
9250,0.21,0.81
9251,0.21,0.8
9252,0.22,0.8
9253,0.2,0.79
9254,0.23,0.86
9255,0.2,0.4
9256,0.2,0.33
9257,0.24,0.36
9258,0.27,0.4
9259,0.25,0.33
9260,0.25,0.43
9261,0.24,0.7
9262,0.25,0.33
9263,0.25,0.28
9264,0.28,0.4
9265,0.09,0.36
9266,0.1,0.35
9267,0.08,0.35
9268,0.09,0.38
9269,0.07,0.36
9270,0.08,0.32
9271,0.08,0.38
9272,0.08,0.41
9273,0.07,0.46
9274,0.17,0.54
9275,0.16,0.55
9276,0.18,0.57
9277,0.16,0.52
9278,0.17,0.48
9279,0.25,0.58
9280,0.27,0.69
9281,0.26,0.68
9282,0.28,0.69
9283,0.25,0.7
9284,0.28,0.65
9285,0.26,0.75
9286,0.27,0.97
9287,0.25,0.94
9288,0.33,0.94
9289,0.31,0.95
9290,0.33,0.94
9291,0.32,0.96
9292,0.32,0.54
9293,0.3,0.53
9294,0.33,0.48
9295,0.32,0.54
9296,0.32,0.56
9297,0.31,0.56
9298,0.32,0.46
9299,0.3,0.79
9300,0.31,0.64
9301,0.22,0.76
9302,0.11,0.96
9303,0.1,0.96
9304,0.12,0.96
9305,0.1,0.78
9306,0.09,0.62
9307,0.08,0.72
9308,0.1,0.72
9309,0.11,0.55
9310,0.05,0.53
9311,0.04,0.55
9312,0.07,0.54
9313,0.05,0.55
9314,0.05,0.56
9315,0.05,0.46
9316,0.06,0.37
9317,0.05,0.36
9318,0.06,0.38
9319,0.2,0.36
9320,0.69,0.36
9321,0.69,0.36
9322,0.69,0.37
9323,0.69,0.35
9324,0.33,0.39
9325,0.07,0.78
9326,0.06,0.76
9327,0.06,0.76
9328,0.06,0.77
9329,0.06,0.79
9330,0.07,0.62
9331,0.07,0.45
9332,0.09,0.46
9333,0.77,0.51
9334,0.8,0.46
9335,0.8,0.48
9336,0.8,0.48
9337,0.79,0.47
9338,0.8,0.43
9339,0.8,0.36
9340,0.79,0.35
9341,0.18,0.29
9342,0.21,0.33
9343,0.19,0.35
9344,0.19,0.67
9345,0.2,0.72
9346,0.2,0.71
9347,0.2,0.69
9348,0.17,0.69
9349,0.43,0.7
9350,0.43,0.7
9351,0.44,0.5
9352,0.43,0.41
9353,0.43,0.43
9354,0.44,0.39
9355,0.44,0.39
9356,0.43,0.36
9357,0.04,0.62
9358,0.04,0.46
9359,0.05,0.42
9360,0.03,0.39
9361,0.05,0.48
9362,0.03,0.54
9363,0.05,0.58
9364,0.04,0.53
9365,0.05,0.55
9366,0.05,0.69
9367,0.04,0.87
9368,0.04,0.88
9369,0.05,0.89
9370,0.05,0.87
9371,0.05,0.89
9372,0.04,0.88
9373,0.05,0.88
9374,0.05,0.54
9375,0.89,0.38
9376,0.88,0.33
9377,0.89,0.36
9378,0.89,0.29
9379,0.23,0.42
9380,0.25,0.65
9381,0.22,0.34
9382,0.22,0.49
9383,0.23,0.61
9384,0.16,0.51
9385,0.05,0.59
9386,0.05,0.55
9387,0.05,0.54
9388,0.04,0.53
9389,0.05,0.6
9390,0.05,0.74
9391,0.16,0.53
9392,0.2,0.56
9393,0.2,0.53
9394,0.19,0.55
9395,0.2,0.61
9396,0.2,0.57
9397,0.19,0.51
9398,0.08,0.53
9399,0.05,0.53
9400,0.04,0.53
9401,0.04,0.55
9402,0.05,0.52
9403,0.03,0.51
9404,0.06,0.52
9405,0.09,0.5
9406,0.1,0.54
9407,0.1,0.8
9408,0.11,0.91
9409,0.11,0.92
9410,0.1,0.89
9411,0.13,0.88
9412,0.11,0.89
9413,0.11,0.9
9414,0.1,0.5
9415,0.57,0.42
9416,0.55,0.41
9417,0.57,0.41
9418,0.58,0.44
9419,0.57,0.49
9420,0.5,0.41
9421,0.47,0.42
9422,0.47,0.34
9423,0.48,0.43
9424,0.48,0.34
9425,0.48,0.42
9426,0.48,0.37
9427,0.3,0.34
9428,0.21,0.33
9429,0.24,0.34
9430,0.22,0.42
9431,0.22,0.39
9432,0.21,0.28
9433,0.15,0.36
9434,0.08,0.35
9435,0.07,0.33
9436,0.07,0.42
9437,0.08,0.52
9438,0.07,0.38
9439,0.07,0.92
9440,0.07,0.91
9441,0.06,0.93
9442,0.07,0.9
9443,0.06,0.92
9444,0.05,0.92
9445,0.05,0.92
9446,0.04,0.37
9447,0.05,0.35
9448,0.03,0.35
9449,0.05,0.34
9450,0.04,0.39
9451,0.16,0.34
9452,0.21,0.39
9453,0.21,0.49
9454,0.22,0.52
9455,0.2,0.48
9456,0.21,0.53
9457,0.2,0.5
9458,0.16,0.53
9459,0.03,0.47
9460,0.03,0.98
9461,0.04,0.98
9462,0.07,0.98
9463,0.05,0.97
9464,0.05,0.98
9465,0.16,0.7
9466,0.4,0.86
9467,0.39,0.72
9468,0.41,0.73
9469,0.4,0.73
9470,0.39,0.7
9471,0.18,0.73
9472,0.12,0.72
9473,0.12,0.48
9474,0.13,0.49
9475,0.13,0.5
9476,0.11,0.48
9477,0.07,0.51
9478,0.08,0.51
9479,0.08,0.49
9480,0.08,0.52
9481,0.06,0.51
9482,0.42,0.76
9483,0.23,0.77
9484,0.26,0.75
9485,0.26,0.77
9486,0.27,0.78
9487,0.26,0.77
9488,0.24,0.74
9489,0.05,0.75
9490,0.07,0.77
9491,0.06,0.6
9492,0.07,0.61
9493,0.06,0.61
9494,0.08,0.61
9495,0.05,0.69
9496,0.06,0.37
9497,0.25,0.35
9498,0.48,0.73
9499,0.45,0.39
9500,0.47,0.37
9501,0.46,0.35
9502,0.47,0.36
9503,0.21,0.36
9504,0.07,0.36
9505,0.06,0.4
9506,0.06,0.53
9507,0.05,0.76
9508,1,0.43
9509,1,0.42
9510,1,0.82
9511,1,0.51
9512,1,0.51
9513,1,0.31
9514,1,0.75
9515,1,0.43
9516,1,0.39
9517,0.23,0.39
9518,0.05,0.36
9519,0.05,0.53
9520,0.05,0.53
9521,0.03,0.55
9522,0.05,0.52
9523,0.05,0.55
9524,0.06,0.8
9525,0.06,0.89
9526,0.07,0.89
9527,0.36,0.96
9528,0.41,0.89
9529,0.39,0.89
9530,0.4,0.93
9531,0.15,0.91
9532,0.06,0.71
9533,0.05,0.47
9534,0.07,0.79
9535,0.06,0.58
9536,0.04,0.33
9537,0.04,0.9
9538,0.05,0.37
9539,0.05,0.37
9540,0.05,0.83
9541,0.04,0.82
9542,0.05,0.92
9543,0.04,0.83
9544,0.04,0.83
9545,0.04,0.81
9546,0.06,0.74
9547,0.05,0.51
9548,0.13,0.72
9549,0.16,0.72
9550,0.14,0.5
9551,0.14,0.81
9552,0.12,0.82
9553,0.05,0.62
9554,0.05,0.51
9555,0.04,0.51
9556,0.04,0.35
9557,0.04,0.64
9558,0.06,0.36
9559,0.71,0.38
9560,0.71,0.36
9561,0.7,0.81
9562,0.72,0.81
9563,0.71,0.81
9564,0.71,0.82
9565,0.57,0.52
9566,0.25,0.81
9567,0.23,0.65
9568,0.23,0.51
9569,0.23,0.81
9570,0.25,0.68
9571,0.23,0.66
9572,0.22,0.52
9573,0.22,0.79
9574,0.23,0.39
9575,0.18,0.49
9576,0.16,0.49
9577,0.15,0.39
9578,0.17,0.39
9579,0.15,0.39
9580,0.16,0.7
9581,0.16,0.72
9582,0.16,0.72
9583,0.13,0.74
9584,0.16,0.81
9585,0.12,0.73
9586,0.13,0.73
9587,0.13,0.65
9588,0.13,0.8
9589,0.11,0.8
9590,0.13,0.78
9591,0.14,0.78
9592,0.13,0.88
9593,0.12,0.78
9594,0.09,0.79
9595,0.05,0.8
9596,0.07,0.58
9597,0.06,0.59
9598,0.06,0.62
9599,0.05,0.61
9600,0.05,0.61
9601,0.03,0.7
9602,0.05,0.76
9603,0.04,0.63
9604,0.05,0.79
9605,0.05,0.41
9606,0.04,0.42
9607,0.05,0.42
9608,0.07,0.42
9609,0.05,0.42
9610,0.04,0.43
9611,0.05,0.44
9612,0.38,0.38
9613,0.38,0.57
9614,0.4,0.95
9615,0.38,0.95
9616,0.38,0.95
9617,0.38,0.97
9618,0.31,0.83
9619,0.38,0.83
9620,0.37,0.82
9621,0.38,0.82
9622,0.38,0.82
9623,0.38,0.82
9624,0.4,0.61
9625,0.39,0.5
9626,0.39,0.5
9627,0.33,0.51
9628,0.43,0.42
9629,0.41,0.43
9630,0.41,0.41
9631,0.42,0.39
9632,0.18,0.41
9633,0.05,0.41
9634,0.05,0.41
9635,0.06,0.74
9636,0.04,0.58
9637,0.05,0.6
9638,0.06,0.77
9639,0.05,0.56
9640,0.15,0.59
9641,0.18,0.44
9642,0.19,0.47
9643,0.18,0.93
9644,0.18,0.83
9645,0.05,0.83
9646,0.05,0.83
9647,0.05,0.73
9648,0.04,0.95
9649,0.05,0.72
9650,0.04,0.93
9651,0.04,0.93
9652,0.19,0.78
9653,0.99,0.7
9654,0.99,0.8
9655,0.99,0.87
9656,0.99,0.89
9657,0.37,0.94
9658,0.36,0.94
9659,0.35,0.66
9660,0.35,0.49
9661,0.15,0.66
9662,0.11,0.66
9663,0.11,0.73
9664,0.11,0.73
9665,0.11,0.5
9666,0.11,0.3
9667,0.39,0.35
9668,0.45,0.35
9669,0.48,0.35
9670,0.44,0.46
9671,0.47,0.77
9672,0.46,0.77
9673,0.46,0.75
9674,0.39,0.76
9675,0.34,0.91
9676,0.31,0.85
9677,0.32,0.85
9678,0.33,0.85
9679,0.33,0.56
9680,0.32,0.57
9681,0.33,0.62
9682,0.34,0.61
9683,0.34,0.78
9684,0.32,0.89
9685,0.49,0.75
9686,0.48,0.74
9687,0.48,0.74
9688,0.48,0.74
9689,0.49,0.75
9690,0.48,0.75
9691,0.48,0.76
9692,0.48,0.72
9693,0.36,0.67
9694,0.41,0.61
9695,0.41,0.62
9696,0.41,0.51
9697,0.36,0.53
9698,0.29,0.68
9699,0.29,0.99
9700,0.29,0.95
9701,0.29,0.96
9702,0.3,0.97
9703,0.29,0.98
9704,0.28,0.97
9705,0.37,0.48
9706,0.37,0.44
9707,0.37,0.65
9708,0.37,0.4
9709,0.53,0.43
9710,0.65,0.44
9711,0.66,0.44
9712,0.65,0.73
9713,0.65,0.79
9714,0.66,0.85
9715,0.66,0.76
9716,0.14,0.76
9717,0.13,0.76
9718,0.14,0.75
9719,0.14,0.66
9720,0.13,0.78
9721,0.13,0.47
9722,0.35,0.48
9723,0.16,0.48
9724,0.15,0.46
9725,0.09,0.51
9726,0.07,0.53
9727,0.06,0.55
9728,0.05,0.52
9729,0.06,0.52
9730,0.07,0.53
9731,0.1,0.75
9732,0.74,0.56
9733,0.75,0.52
9734,0.75,0.44
9735,0.76,0.52
9736,0.74,0.74
9737,0.16,0.47
9738,0.17,0.48
9739,0.16,0.5
9740,0.16,0.47
9741,0.17,0.47
9742,0.17,0.48
9743,0.14,0.46
9744,0.61,0.56
9745,0.59,0.72
9746,0.59,0.69
9747,0.58,0.68
9748,0.57,0.69
9749,0.57,0.7
9750,0.74,0.7
9751,0.73,0.98
9752,0.73,0.91
9753,0.73,0.87
9754,0.74,0.91
9755,0.73,0.88
9756,0.43,0.88
9757,0.05,0.88
9758,0.06,0.87
9759,0.06,0.66
9760,0.06,0.48
9761,0.05,0.43
9762,0.07,0.46
9763,0.06,0.47
9764,0.07,0.49
9765,0.3,0.47
9766,0.52,0.48
9767,0.51,0.44
9768,0.52,0.31
9769,0.5,0.35
9770,0.52,0.63
9771,0.5,0.36
9772,0.51,0.36
9773,0.49,0.34
9774,0.51,0.35
9775,0.63,0.64
9776,0.63,0.5
9777,0.63,0.5
9778,0.63,0.34
9779,0.62,0.35
9780,0.63,0.36
9781,0.27,0.36
9782,0.13,0.35
9783,0.12,0.37
9784,0.13,0.53
9785,0.11,0.67
9786,0.12,0.51
9787,0.11,0.53
9788,0.12,0.54
9789,0.19,0.53
9790,0.46,0.72
9791,0.44,0.47
9792,0.45,0.58
9793,0.43,0.58
9794,0.44,0.8
9795,0.41,0.69
9796,0.85,0.59
9797,0.85,0.44
9798,0.86,0.42
9799,0.85,0.42
9800,0.84,0.47
9801,0.84,0.44
9802,0.85,0.5
9803,0.85,0.61
9804,0.86,0.79
9805,0.6,0.62
9806,0.7,0.63
9807,0.7,0.39
9808,0.7,0.57
9809,0.7,0.57
9810,0.61,0.62
9811,0.17,0.39
9812,0.17,0.48
9813,0.16,0.51
9814,0.18,0.5
9815,0.17,0.48
9816,0.35,0.5
9817,0.45,0.48
9818,0.47,0.48
9819,0.44,0.96
9820,0.39,0.96
9821,0.46,0.96
9822,0.46,0.97
9823,0.46,0.97
9824,0.48,0.97
9825,0.44,0.98
9826,0.46,0.99
9827,0.32,0.97
9828,0.21,0.8
9829,0.2,0.37
9830,0.21,0.74
9831,0.19,0.52
9832,0.19,0.37
9833,0.18,0.47
9834,0.22,0.37
9835,0.2,0.36
9836,0.17,0.36
9837,0.04,0.34
9838,0.06,0.42
9839,0.04,0.39
9840,0.05,0.36
9841,0.04,0.4
9842,0.05,0.64
9843,0.03,0.4
9844,0.06,0.39
9845,0.04,0.64
9846,0.05,0.5
9847,0.03,0.34
9848,0.05,0.64
9849,0.05,0.42
9850,0.05,0.35
9851,0.04,0.8
9852,0.05,0.76
9853,0.04,0.53
9854,0.23,0.42
9855,0.36,0.37
9856,0.36,0.65
9857,0.36,0.65
9858,0.38,0.98
9859,0.36,0.88
9860,0.37,0.92
9861,0.35,0.9
9862,0.32,0.68
9863,0.51,0.52
9864,0.52,0.37
9865,0.5,0.39
9866,0.52,0.51
9867,0.52,0.51
9868,0.51,0.6
9869,0.5,0.54
9870,0.52,0.55
9871,0.59,0.51
9872,0.72,0.53
9873,0.72,0.53
9874,0.74,0.55
9875,0.72,0.56
9876,0.73,0.6
9877,0.73,0.72
9878,0.84,0.72
9879,0.99,0.71
9880,0.99,0.72
9881,0.99,0.7
9882,0.99,0.71
9883,0.96,0.7
9884,0.54,0.36
9885,0.52,0.38
9886,0.52,0.36
9887,0.53,0.32
9888,0.54,0.43
9889,0.52,0.37
9890,0.52,0.66
9891,0.26,0.52
9892,0.05,0.39
9893,0.06,0.4
9894,0.07,0.4
9895,0.06,0.4
9896,0.09,0.4
9897,0.11,0.39
9898,0.13,0.39
9899,0.13,0.43
9900,0.11,0.37
9901,0.11,0.39
9902,0.09,0.35
9903,0.08,0.36
9904,0.09,0.34
9905,0.09,0.4
9906,0.07,0.5
9907,0.09,0.51
9908,0.13,0.67
9909,0.14,0.6
9910,0.12,0.54
9911,0.12,0.51
9912,0.12,0.53
9913,0.11,0.83
9914,0.13,0.63
9915,0.11,0.56
9916,0.11,0.57
9917,0.11,0.58
9918,0.12,0.91
9919,0.12,0.7
9920,0.11,0.58
9921,0.11,0.53
9922,0.12,0.35
9923,0.11,0.37
9924,0.12,0.8
9925,0.17,0.38
9926,0.21,0.85
9927,0.22,0.53
9928,0.2,0.37
9929,0.21,0.79
9930,0.2,0.79
9931,0.18,0.4
9932,0.2,0.42
9933,0.2,0.41
9934,0.62,0.69
9935,0.75,0.46
9936,0.75,0.46
9937,0.75,0.72
9938,0.75,0.45
9939,0.76,0.7
9940,0.11,0.66
9941,0.11,0.43
9942,0.11,0.46
9943,0.1,0.56
9944,0.11,0.9
9945,0.09,0.93
9946,0.1,0.91
9947,0.1,0.92
9948,0.1,0.91
9949,0.34,0.92
9950,0.64,0.92
9951,0.64,0.88
9952,0.64,0.54
9953,0.53,0.43
9954,0.05,0.47
9955,0.06,0.82
9956,0.05,0.47
9957,0.06,0.47
9958,0.06,0.34
9959,0.06,0.35
9960,0.04,0.38
9961,0.11,0.35
9962,0.4,0.86
9963,0.22,0.74
9964,0.21,0.36
9965,0.2,0.38
9966,0.21,0.38
9967,0.2,0.58
9968,0.19,0.46
9969,0.26,0.48
9970,0.37,0.44
9971,0.38,0.48
9972,0.38,0.48
9973,0.38,0.47
9974,0.39,0.47
9975,0.45,0.83
9976,0.55,0.8
9977,0.56,0.4
9978,0.58,0.36
9979,0.56,0.26
9980,0.56,0.35
9981,0.4,0.4
9982,0.38,0.35
9983,0.38,0.36
9984,0.38,0.38
9985,0.37,0.36
9986,0.38,0.47
9987,0.38,0.42
9988,0.36,0.68
9989,0.05,0.46
9990,0.05,0.42
9991,0.04,0.42
9992,0.04,0.47
9993,0.05,0.71
9994,0.06,0.69
9995,0.04,0.55
9996,0.58,0.52
9997,0.58,0.52
9998,0.59,0.57
9999,0.58,0.52
10000,0.59,0.46
