time slot,iot1_cpu(%),iot1_mem(%),iot1_disk_io(B/s),iot1_net_rx(B/s),iot1_net_tx(B/s),edge1_cpu(%),edge1_mem(%),edge1_disk_io(B/s),edge1_net_rx(B/s),edge1_net_tx(B/s),iot2_cpu(%),iot2_mem(%),iot2_disk_io(B/s),iot2_net_rx(B/s),iot2_net_tx(B/s),edge2_cpu(%),edge2_mem(%),edge2_disk_io(B/s),edge2_net_rx(B/s),edge2_net_tx(B/s)
1,68.97,10.29,0,1865.8,181176.8,78.42,60.33,6553.6,314820.4,731758.8,68.23,13,91750.4,1793.2,125580.8,73.65,25.76,0,122046.2,243333
2,68.95,10.28,0,2196.6,177267.2,73.92,60.58,1992294.4,307735.4,730733.8,69.15,13,24576,7800.8,134324.6,73.7,25.77,7372.8,119918.2,238962.4
3,68.17,10.28,0,2195.4,180221.6,76.68,60.72,2243788.8,312226.4,817806.6,69.38,12.99,26214.4,9024.8,141273.4,73.72,25.77,2457.6,126738,247741
4,68.03,10.28,0,2165.8,175634,79.15,60.48,185958.4,321272.4,877978.2,68.17,12.99,18022.4,3550.4,127628.8,73.88,25.76,819.2,125822.8,247546
5,69.35,10.27,0,1972,180060,74.57,60.54,63078.4,318223.8,959785.8,69.22,12.99,9830.4,8552.4,137319,74.02,25.75,819.2,125042.6,244269.2
6,67.77,10.27,0,2184.6,181132.2,80.33,60.61,41779.2,310262,740422.4,68.87,13.01,44236.8,10436.8,144264.6,73.75,25.74,2457.6,119517.4,235781.4
7,68.55,10.27,4915.2,2382.2,177537.4,83.4,60.94,20480,318431.6,854460,68.73,13.02,129433.6,1964.8,128357.4,73.72,25.75,0,122351,240665
8,67.8,10.28,1638.4,2202.2,178778.2,74.98,60.78,86016,315035.2,783234.6,68.83,13.03,54067.2,3359.6,129659.4,74.08,25.75,4915.2,121927.6,243714
9,68.75,10.28,0,1899.4,180094.6,72.63,60.71,603750.4,305707.8,705877.4,68.52,13.04,32768,3333.8,124989.6,73.83,25.75,3276.8,126849,247479
10,68.53,10.28,0,2344.6,179563.2,72.45,60.87,18022.4,308124.6,727319.6,68.42,13.05,39321.6,4617.8,130118.8,73.88,25.75,5734.4,122353.8,241650.8
11,68.07,10.27,0,2169.8,177334.8,73.67,60.8,157286.4,310671.6,714267.4,68.53,13.03,34406.4,4138.8,131381.6,73.85,25.76,0,125730.4,245904.2
12,68.8,10.27,0,2081.8,178311.6,78.53,60.8,14745.6,310922.6,729873.8,68.43,13.03,40960,3082.8,126856.2,73.9,25.75,5734.4,122563.4,242359
13,67.88,10.27,0,2021.8,183017.4,76.27,60.5,72908.8,308751,708060.6,68.72,13.03,26214.4,3552.4,130652.6,73.87,25.75,4915.2,124396.8,243291.8
14,67.82,10.28,0,2009.4,175851.4,73.58,60.53,18841.6,313129.4,733248.8,68.3,13.03,104857.6,3280.6,128211.4,73.75,25.75,4096,125110,246977.2
15,68.52,10.28,0,2342.6,181268.4,73.27,60.58,619315.2,307636.8,705985,69.07,13.04,52428.8,3422.8,127352.2,73.8,25.76,31129.6,124541,243756.4
16,68.77,10.28,0,2930.6,176437.8,73.8,60.59,48332.8,309662.6,741694,68.3,13.05,26214.4,5484.6,125638.2,73.83,25.76,6553.6,125126.6,246575.2
17,68.22,10.28,0,2397.6,181262,72.53,60.84,17203.2,319015.2,916899.4,69.57,13.04,40960,3808,128796.6,73.9,25.75,4096,119015.4,236057.2
18,68.58,10.27,0,3605.2,178878,77.98,60.98,40140.8,312314.4,748800,68.5,13.02,81920,2778.2,129232.4,73.75,25.75,819.2,120541.2,237327.8
19,68.08,10.28,9830.4,2253.2,180895,76.67,60.75,178585.6,308511.2,709989.2,68.37,13.02,80281.6,1988.2,125830.8,74.03,25.76,7372.8,121730.2,242931.6
20,69.13,10.28,40960,1951.8,178728.4,73,60.54,23756.8,311654.2,733111.6,68.55,13.02,32768,2940.2,127491.4,73.52,25.76,13107.2,124160.8,242769.4
21,68,10.28,3276.8,2648.6,181227.2,79.32,60.54,14733.81,344960.03,2309606.51,68.9,13.02,78643.2,3988.4,127526.6,73.9,25.76,0,124916.6,246288.2
22,69.35,10.29,0,1908.4,176193.4,76.53,60.56,63078.4,317660.8,842741.8,68.42,13.03,40960,3258.8,128092.2,73.82,25.75,22937.6,130079.2,246356.8
23,67.98,10.28,0,3379.4,184073.2,79.45,60.61,18022.4,310866.4,733016.6,68.48,13.03,85196.8,4758.6,130669.6,73.92,25.74,6553.6,123911.4,244436
24,67.78,10.27,1638.4,2012,178419.8,76.18,60.64,259686.4,304095,703833,68.67,13.02,40960,3079.2,127495.8,73.62,25.76,4915.2,122633.6,239790.8
25,68.28,10.27,14745.6,2166.2,177187.2,72.88,60.29,10649.6,315749,737774.8,68.42,13.03,32768,3425.8,131023.8,74.15,25.76,819.2,123858.6,246001.6
26,68.57,10.27,8192,2627.2,182224.8,71.37,60.33,39321.6,300733.4,689013.6,69.25,13.02,36044.8,1768.6,125799.4,73.6,25.76,13107.2,121207.4,241930.2
27,70.08,10.27,0,2399.8,177741.2,73.82,60.38,632422.4,312213.6,736868,68.65,13.02,54067.2,1916.6,128509.4,74.05,25.76,0,119976.8,240699.6
28,68.92,10.27,0,2264,173772.2,74.3,60.16,890470.4,308334,890629,69.02,13.03,26214.4,8242.2,136856,73.67,25.75,4915.2,121441,238276.4
29,68.05,10.27,0,2104.2,181565.6,76.98,60.22,199065.6,312230.2,727303.2,69.28,13.03,11468.8,9028.8,136084.8,73.83,25.75,40140.8,124527.8,245613.2
30,68.8,10.28,0,2393.8,176681.6,75.37,60.12,17203.2,305335,698167.4,69.28,13.02,114688,8863,143230.2,73.78,25.75,5734.4,122077.8,240381
31,68.05,10.28,42598.4,6939.2,178266.6,73.43,60.05,157286.4,310249.8,740786.6,67.58,12.99,24576,1958.6,128254,74.15,25.76,819.2,122437.6,242191.6
32,69.15,10.28,6553.6,2273.6,180156.8,71.52,60.07,513638.4,302162.4,692926.6,69.18,12.99,18022.4,8751,128863.2,73.68,25.76,8192,116351,231262.2
33,68.7,10.28,0,1966.4,178911,74.38,60.31,160563.2,310474.6,741684.6,68.73,13,21299.2,7861.8,140900.2,73.92,25.76,819.2,121284.6,241851
34,68.33,10.28,0,2200,176821.2,74.97,60.37,238387.2,311961,747323.2,69.53,13,37683.2,3246,124880,73.75,25.76,12288,123935,242517.4
35,68.5,10.29,0,1762.6,181093.8,81.93,60.55,25395.2,315032.6,778391.4,68.78,13,29491.2,8556.2,135162.4,73.62,25.75,31129.6,121519.8,239896.4
36,68.28,10.3,3276.8,2352.4,181200.2,81.47,60.36,27033.6,306704,713930.4,69.22,12.99,18022.4,3548.4,127442.8,73.65,25.76,3276.8,126861.8,247627.2
37,67.18,10.3,0,2122,178417.4,73.2,60.26,24576,315476.6,736575.4,68.3,12.99,129433.6,3372,129682.6,74.1,25.77,1638.4,124774,246173
38,68.92,10.31,0,2289.4,177235,72.55,60.26,595558.4,306176,700843.8,68.7,13,39321.6,4613.6,129601.2,73.8,25.77,5734.4,122114.2,239559.8
39,68.62,10.31,0,1977.6,175551,73.32,60.32,26214.4,309767,725846.8,68.27,13.01,32768,4154.4,131117.6,73.8,25.76,4915.2,123784.2,245618.6
40,68.4,10.29,0,2365.4,181330.6,72.27,60.45,162201.6,315648.6,905821.2,68.73,13.02,58982.4,2509.6,124252,73.97,25.76,6553.6,125844,246676.6
41,68.73,10.28,0,1972.2,178341.6,78.55,60.44,33587.2,313221.2,729064.2,68.15,13.02,34406.4,3620,132820.4,73.97,25.76,5734.4,122573.6,242136.2
42,67.88,10.29,0,2189,180915,76.03,60.45,9830.4,308448.6,705722.4,68.6,13.01,27852.8,3035.2,126017.8,73.58,25.76,819.2,122435.6,239606.8
43,69.33,10.28,44236.8,1957.4,178261.2,71.88,60.49,18841.6,309806,723965.8,68.67,13,106496,2962.6,128030.8,74.13,25.76,33587.2,123327,246883.4
44,67.95,10.28,11468.8,2783,180933.2,72.73,60.72,18022.4,306251.8,701638.6,68.35,13.01,86835.2,3702.4,128199.6,73.63,25.77,4096,123101.2,241020.6
45,68.65,10.26,3276.8,1977.2,175660.2,72.55,60.5,748748.8,313488.4,733682,68.6,13.01,27852.8,2252.2,125968.2,74.1,25.77,0,126505.4,250180.4
46,68.1,10.25,0,2695.2,181246.4,72.53,60.49,384204.8,307674.4,707966.8,68.5,13.01,39321.6,3080,130274.4,73.63,25.75,26214.4,118943.2,235141.8
47,67.95,10.26,0,1853.6,178032,77.78,60.51,72089.6,306442.8,719971,68.62,13.01,78643.2,3265.2,127925.8,73.97,25.75,6553.6,125259,246354.2
48,69.28,10.26,3276.8,2205.8,181034.6,76.88,60.36,65536,312338.2,712946.6,68.68,13,31129.6,2655,129080.2,73.73,25.76,31129.6,123963.6,243493.6
49,67.85,10.26,0,2492.8,178364,72.02,60.36,21299.2,312571.6,729900.8,68,13.01,80281.6,2979.2,126685.8,73.77,25.76,0,123031.2,244133.8
50,68.1,10.26,0,2410.8,180813.2,72.62,60.42,73728,306677.2,701672,68.57,13,36044.8,2905.4,127328.6,73.77,25.74,6553.6,120100.6,239885.6
51,68.78,10.26,0,1901.4,175451,73.25,60.61,629964.8,307690.4,719994.6,68.7,13,80281.6,1997.6,126193.8,73.75,25.75,5734.4,122579.6,242753
52,67.87,10.26,0,2673.6,181312.2,72.03,60.69,51609.6,319261,912563.8,68.15,13.01,31129.6,2172.8,128451.6,73.85,25.74,0,118028.6,236159
53,67.97,10.26,0,2085.6,178454.2,77.47,60.73,58982.4,312061.2,728758.8,69.08,13,117964.8,2216.8,126156.8,73.7,25.76,15564.8,120386.2,240186.8
54,69.42,10.26,0,2254.2,181151.6,75.7,60.56,127795.2,310004.4,706944.4,68.63,12.99,47513.6,1740.8,128063.6,73.92,25.77,83558.4,118048.4,237654
55,67.97,10.28,42598.4,1902,178160.2,72.52,60.37,22937.6,310500.6,708627,68.5,12.99,34406.4,2290,126860.2,73.95,25.77,12288,124536.8,246007.2
56,67.77,10.27,6553.6,2281.2,180765.6,72.67,60.4,600473.6,308573.8,720709.2,69,12.99,40960,3243.6,127425.8,73.82,25.78,8192,123535,244928.4
57,69,10.28,0,1937.8,175925.4,72.05,60.42,17203.2,309003.4,707516.2,68.92,13.01,54067.2,7765.8,139884,73.7,25.77,7372.8,117297.2,234700.4
58,68.13,10.27,0,2390.4,180697,79.63,60.62,9011.2,314174.4,733503.6,69.03,13,72089.6,2225.4,128847.6,73.85,25.75,819.2,120611.8,240249
59,67.97,10.27,0,1951.2,178248.8,76.03,60.11,1083801.6,304684.2,698828.4,68.8,13.01,13107.2,8659,133683.2,73.83,25.75,4915.2,124401.4,243011.2
60,68.82,10.28,3276.8,2297.6,180651,71.73,60.16,181862.4,316020.2,735800.4,69.03,13.01,32768,8794.6,144167,74.12,25.77,80281.6,124610.6,250780.8
61,68.1,10.28,0,2334,180516,72.45,60.32,18841.6,306184.2,700826.6,68.75,13.01,21299.2,3205.2,128280.4,73.67,25.76,7372.8,126917.2,243640
62,68.82,10.28,0,1904.4,175836,74.63,60.35,76185.6,311264.2,736084,69.68,13.01,21299.2,8439.6,135839.8,74.02,25.76,3276.8,122415.6,241848.4
63,68.03,10.27,0,2117.6,183608,72.75,60.3,601292.8,312996.6,900385.8,68.72,13.01,27852.8,9089.6,139234.2,73.85,25.75,27852.8,125385.6,246103.6
64,68,10.27,0,2046.4,174708.8,77.93,60.57,8192,313628,733220,69.22,13.01,116326.4,8739.6,135913.2,73.93,25.76,819.2,124849.6,245445.6
65,69.17,10.28,0,2242,180693.4,76.03,60.24,17203.2,309277,705694.2,68.75,13.02,42598.4,2449.4,126824,73.6,25.76,27033.6,115454.2,230180.6
66,68.08,10.28,40960,2049.2,178457.8,73.28,60.25,163840,312726.4,730638.2,68.4,13.02,39321.6,1768.2,128459.2,74.02,25.76,4915.2,122911.6,247015.4
67,68.58,10.29,6553.6,2651.2,181172.8,72.52,60.36,17203.2,306929.6,701991.4,69.18,13.02,54067.2,3104.4,127281.2,73.82,25.75,31129.6,125238.8,245443.6
68,68.28,10.29,0,2127.8,176059,72.03,60.44,77824,311938.2,727760.6,68.82,13.04,32768,4702,129989,73.9,25.75,0,124956.2,246895.2
69,68.15,10.3,0,2291.2,181855,72.07,60.61,632422.4,310098,708997,68.98,13.04,32768,4362.4,128974.6,74.05,25.74,5734.4,124813.4,244368
70,68.78,10.29,0,2183,178930.6,77.93,60.65,64716.8,312420.8,729077.4,69.05,13,32768,3316.4,132910.8,73.7,25.75,28672,123424.6,242911.8
71,68.03,10.29,3276.8,2103.2,180712.2,77.38,60.32,13926.4,306494.6,700745.4,67.83,12.99,109772.8,3167,125919.2,73.77,25.75,5734.4,127970,249674.8
72,69.08,10.3,0,2100.2,178773.8,72.55,60.3,38502.4,316438.6,737198.8,68.87,12.99,26214.4,3445.6,129775.4,74.08,25.76,27033.6,124126,245477
73,68.03,10.3,0,2290.8,180709.2,72.27,60.48,7372.8,307231.4,701850.6,68.7,13,45875.2,4589.4,128516.4,74.08,25.75,6553.6,123562,239115.6
74,69.03,10.3,0,1958,176196.4,73.38,60.6,24576,311283,727252.2,68.47,13,88473.6,5339.2,130444.8,73.95,25.76,11468.8,125724.2,247585.6
75,68.75,10.29,0,3554,181463.2,72.65,60.67,596377.6,316585.4,907390.2,69.33,13,78643.2,3275,127519.2,73.73,25.75,15564.8,127705.4,248989.2
76,68.38,10.29,0,2300.4,178580.2,77.32,60.73,171212.8,313313.6,744188.2,68.3,13.01,29491.2,7285.6,125531.4,73.93,25.75,0,121070.8,236669.6
77,67.83,10.29,16384,3583.2,181230.2,80.75,60.82,27033.6,310088.8,758704,68.18,13,26214.4,2162.2,127951.6,73.67,25.75,3276.8,123711.4,242220
78,67.9,10.29,42598.4,2197,178732.2,75.68,60.89,81920,315096.2,746455.4,68.95,13.02,40960,3080.4,126795.6,73.88,25.77,0,120617.6,240801.4
79,69.28,10.29,75366.4,1943.4,180983.4,77.82,60.68,110592,316011,784982.4,69.32,13.02,96665.6,3274.4,126158.2,73.75,25.77,58163.2,124986.8,243987
80,68.23,10.28,18022.4,2142.8,175993.8,76.38,60.71,111411.2,309387,757340.8,68.38,13.02,26214.4,3239.6,127481.6,73.8,25.77,819.2,121516.4,239678.6
81,67.9,10.28,0,2186.8,180900.4,76.58,60.55,642252.8,317275,766797.8,68.07,13.01,26214.4,3367.4,130115.8,74.02,25.76,13926.4,127834.6,249891
82,68.03,10.28,0,2045.6,178612.4,80.38,60.71,22937.6,312539,753590.2,68.38,13,26214.4,3618,126538.8,73.78,25.76,0,119791,236470.8
83,69.05,10.28,3276.8,3138.6,181246.8,79.37,60.66,8192,308548.6,726774.4,68.78,13,26214.4,3291.4,130273.2,73.85,25.76,2457.6,128833,245223.6
84,67.95,10.28,0,2395,179066,73.45,60.39,17203.2,313492.6,730379.4,68.12,13.01,29491.2,2922.8,126943.2,73.78,25.76,1638.4,123312.6,243379
85,68.3,10.27,1638.4,2201.8,180570.2,71.42,60.51,206438.4,303371.8,694110.4,68.37,13.01,26214.4,2275,125366.6,73.85,25.77,3276.8,122391.6,243112
86,68.8,10.27,0,2037.2,175860,72.05,60.56,20480,304483.6,713344.2,68.63,13.01,26214.4,3091.4,127727,73.83,25.77,0,127384.6,249063
87,67.87,10.28,0,2309.6,181005.8,73.17,60.43,627507.2,317067.6,905948.4,68.45,13.02,26214.4,3387.2,130312,74,25.77,0,122775.2,241147.2
88,68.08,10.29,0,2201.2,178026,77.6,60.3,113868.8,307989.8,720420.6,68.43,13.01,26214.4,2245.2,126348.8,73.47,25.77,6553.6,115323.6,229390
89,69.05,10.28,0,2109,180581.6,76.03,60.25,27852.8,305721,700812.2,68.53,13,26214.4,1814.4,128421.4,74.13,25.78,0,122664.6,246144.4
90,68.32,10.29,0,2231.8,179006.4,71,60.26,869171.2,303623.6,711784.6,69.12,13,26214.4,1821,125907.4,73.73,25.78,819.2,119216.4,238028.6
91,68.03,10.3,0,7057.2,181059,72.9,60.3,243302.4,309695,722827.4,68.18,13.01,26214.4,3106.8,125595.6,74.15,25.77,2457.6,124460.2,247030
92,69.07,10.31,0,2758.6,176726,71.45,60.39,624230.4,301766.6,692459,69.77,12.8,45875.2,2401.6,129763.4,73.63,25.77,0,118064,234035.4
93,67.97,10.31,0,2133.8,183983.6,76.62,60.38,27033.6,313103.4,729864.4,69.1,12.85,81920,8986.8,140322.6,73.65,25.76,0,122812.4,241140.6
94,67.97,10.31,0,2237.4,175310.4,74.27,60.46,198246.4,309070,700611.6,68.77,12.85,18022.4,8497,132401.6,73.92,25.76,2457.6,126577,246723
95,68.32,10.31,0,3489.4,181036,73.32,60.22,5734.4,313827.6,726295,69.75,12.9,26214.4,10757.8,144517,73.93,25.77,0,124522.6,242211.2
96,68.38,10.29,0,2066.8,180533.4,71.95,60.19,12288,302514.8,692276.6,67.93,12.9,6553.6,2475.8,126207,73.73,25.78,8192,120744.4,239285.6
97,68.88,10.29,0,2366.2,176544.4,72.67,60.19,45056,310907.8,733730,69.12,12.91,6553.6,7580.4,133920.2,73.9,25.77,0,122874.2,244996.4
98,67.82,10.28,0,2121.2,181010.6,72.98,60.17,602931.2,309814.2,892735.2,68.98,12.97,40960,8686.4,137413.8,73.75,25.77,6553.6,121864,238318
99,68.03,10.29,0,2309.2,178738.4,76.83,60.07,15564.8,312910.6,729934,69.23,12.93,18022.4,9136,135812.6,73.67,25.77,0,123818,243498
100,69.18,10.28,0,2342.6,180599.2,74.58,60.07,172851.2,305939.4,699483,68.43,12.95,126156.8,2516.6,126078.4,73.7,25.77,0,116112.8,230129.6
101,68.28,10.28,0,2690.4,179429.4,73.07,59.81,212992,309404.6,722367.6,68.37,12.96,26214.4,1958.8,128002,73.82,25.77,3276.8,124794.8,249258.4
102,67.97,10.28,0,2214.8,180382.6,71.85,59.81,21299.2,304128.2,696255.4,68.5,12.96,32768,2825.6,126358.2,73.95,25.77,0,123584.2,241357.6
103,68.78,10.28,0,2273.2,176276.8,72.53,59.9,23756.8,308838.6,720895.6,68.77,12.97,31129.6,3499,126804.6,73.73,25.76,22118.4,124398.4,244872.6
104,67.95,10.27,0,2174,184335.6,71.97,59.68,375193.6,304341.4,699048.4,68.32,12.97,27852.8,2316.6,126347.6,73.97,25.77,8192,120306.4,237784.2
105,69.18,10.27,0,2328.4,176170.8,77.37,59.66,641433.6,310332.6,723101.4,68.3,12.97,54067.2,2909.8,129656.8,73.37,25.76,20480,116858,231632.8
106,67.83,10.27,0,2018.6,180279.2,75.35,59.71,23756.8,302734.4,696365.6,68.35,12.96,32768,2571.6,126454.6,73.92,25.76,14745.6,127535.4,250786.2
107,68.18,10.27,0,2622.8,179296.6,72,59.77,73728,314516.4,728347,68.77,12.96,27852.8,3619,130670.6,73.58,25.77,2457.6,123555.6,243608.6
108,69.22,10.27,0,2179.4,180943.6,71.5,60.07,26214.4,303252.4,694161.2,68.25,12.97,27852.8,3138.4,128046.2,73.73,25.76,0,128009.4,250317.4
109,67.58,10.28,0,2058.6,175785.2,74.2,60.23,21299.2,309466.8,721000.8,69.03,12.97,77004.8,2663.2,126127.2,73.77,25.76,0,118479.2,237206.4
110,68.38,10.27,0,2275.2,181327.8,71.62,60.36,41779.2,312697.4,899287,68.57,12.98,27852.8,1779.6,125513,74.12,25.76,27033.6,122055.8,242932.4
111,68.85,10.26,0,2133.4,178762.8,76.6,60.4,607027.2,308912.6,721157.8,68.38,12.98,27852.8,2345.8,128531.2,73.65,25.75,24576,118019.2,237021.6
112,68.43,10.26,0,2429.2,181174.2,74.75,60.29,29491.2,303279.4,695157.6,68.47,12.99,29491.2,1704.2,127541,73.73,25.77,819.2,119403.6,237236.2
113,68.73,10.27,0,2083.6,179002.8,72.88,60.17,10649.6,311176.8,724954.4,69.45,12.99,26214.4,2843,126594,73.75,25.76,2457.6,118968.6,240076.6
114,69.23,10.27,0,2223.4,181005.8,71.8,60.16,159744,303218.2,694900.2,68.38,13,26214.4,3295,126653.6,73.95,25.77,0,124520.6,243012.6
115,68.03,10.26,0,2073,175957,72.28,60.18,22118.4,312071.8,727277.8,68.57,12.99,144179.2,3064.6,127046.8,73.97,25.77,0,122071.8,240707
116,67.97,10.26,0,2388.2,180760.4,72.83,60.15,2176614.4,304531.4,699085.4,68.3,12.99,36044.8,3089.6,128335.6,74.17,25.76,3276.8,126032.6,246397.4
117,68.95,10.26,0,2005.8,178672.6,76.68,60.2,13107.2,309684.4,721616.2,68.33,12.98,26214.4,3155.6,127046.2,73.67,25.76,67993.6,118204.8,232976.8
118,67.97,10.26,0,2662.4,181257,74.68,60.19,18841.6,306035.8,699952.6,71.28,13.04,85196.8,9903.8,145277,73.82,25.76,4096,126893.2,247548
119,68.98,10.27,0,2156.4,179316.8,71.4,60.25,40140.8,310957,725372.4,68.58,13.04,145817.6,2251.6,125896.2,73.65,25.76,29491.2,123306.4,242109.6
120,68.28,10.27,0,2164,180777.4,71.45,60.38,16384,303214.4,694547.2,69.15,13.05,65536,12723.6,144135.8,73.83,25.77,0,121500.8,241015
121,68.82,10.27,0,2027.4,176044.4,73.47,60.23,159744,310839,722990.6,68.9,13.06,109772.8,2560.8,128818.8,73.6,25.77,27033.6,116954.6,235609
122,68.08,10.27,0,2210.4,180253.2,74.07,60.18,18022.4,312186.4,898396.6,68.67,13.06,52428.8,8895,136579.2,73.8,25.76,1638.4,125833,246952
123,68.65,10.27,0,1873.8,178206.6,77.28,59.98,720896,307883.4,720660.6,69.03,13.05,91750.4,8926.2,138547.2,74.03,25.76,10649.6,119304.6,235378.2
124,68.33,10.27,0,3024,184721,75.35,59.83,35225.6,308315.8,703795,69,13.05,40960,7115.8,132827.6,74.07,25.77,2457.6,124278.2,249255.6
125,69.05,10.26,0,2124.6,176235.6,72.38,59.94,49152,310966,724638,69.93,13.07,86835.2,8131.2,140515.6,73.8,25.77,0,120078.4,239302.6
126,68.12,10.26,0,2254.8,180600.2,72.45,59.99,14745.6,302959.2,694103.2,68.65,13.11,178585.6,1822.2,125011.8,74,25.78,0,119097.2,239270.2
127,68,10.26,0,2189.6,176177.6,71.58,60.09,26214.4,309700.2,721748.6,69.62,13.18,96665.6,13082.6,143706.2,74.03,25.77,3276.8,118825.4,236883.6
128,69.25,10.27,0,2736,181591.2,71.38,60.16,139264,306263.8,701736.4,68.72,13.2,85196.8,2794.8,127835.4,73.65,25.76,0,118219,233822.6
129,67.67,10.27,0,2032,178530.4,75.22,59.88,23756.8,302130.8,692033.4,69.28,13.11,93388.8,8698.4,132330.4,73.82,25.77,0,125950.8,245679.2
130,68.52,10.27,0,2248.6,180337.6,72.05,59.82,27033.6,310611.2,727222.2,69.17,13.14,126156.8,8762,142607,73.83,25.77,4096,120109.2,237460.4
131,68.5,10.27,0,2292.6,178982.4,71.9,60.01,36864,305699.4,696617,68.62,13.15,67174.4,2547.4,128159.8,73.93,25.77,0,122186.8,242203.4
132,68.2,10.27,0,2124,180132.6,73.72,60.07,61440,310346.4,732136.6,68.65,13.16,72089.6,7073.4,126925.2,73.83,25.77,0,115595.6,232895
133,68.82,10.26,0,2195.2,179338.2,72.37,60.09,20480,314275,901455.8,69.18,13.23,31129.6,7735.8,138684.2,73.9,25.77,17203.2,118878.8,236035.6
134,69.02,10.27,0,2873.8,177707.2,77.27,60.19,736460.8,307285.4,718252.4,69.3,13.23,19660.8,1733.2,129863.6,74,25.76,0,116343.8,234552
135,68.45,10.28,6553.6,2791,181236,74.05,60.28,15564.8,307868.2,716605.8,68.57,13.22,27852.8,12090.6,129307.2,73.57,25.77,0,123287.8,244327.6
136,67.87,10.28,1638.4,3456.4,178311.4,73.13,60.36,20480,306697.4,733162.8,68.87,13.21,45875.2,1844.8,126918.4,73.92,25.78,2457.6,122304,238873.4
137,68.97,10.28,0,2241.8,179682.2,71.97,60.27,12288,301868.2,692153,68.88,13.22,52428.8,4486.4,125966.8,73.68,25.77,0,121311,237200.8
138,68.27,10.29,0,2189.6,175879,72.2,60.23,50790.4,312010.6,726796.8,68.43,13.22,114688,4272.6,127747.6,74.12,25.77,0,126447.4,249278.4
139,68.2,10.29,0,2261.6,180536.8,72.55,60.21,43417.6,305443,699825.2,68.77,13.23,34406.4,3604.4,126747.4,73.88,25.77,10649.6,117642.8,235626
140,69.08,10.27,0,2096.8,178320,76.72,60.23,502169.6,308072.8,720044.4,68.87,13.22,34406.4,1838.6,127462,73.68,25.77,0,116460.4,230895.8
141,68,10.27,0,2800,183567.2,74.93,60.25,166297.6,301898.4,691840.2,67.92,13.22,26214.4,2949.8,126611.8,73.68,25.77,0,126810.8,247410.6
142,67.78,10.27,0,3133.4,174665.8,72.57,60.27,37683.2,309775.4,737980.2,69.35,13.23,26214.4,5182.8,129969,73.73,25.77,0,127326.2,242823.2
143,68.77,10.26,0,2123.4,179978,71.25,60.36,152371.2,305545.8,699082,68.15,13.23,26214.4,2381.6,126519.8,73.82,25.78,2457.6,120151.6,237731.4
144,68.15,10.26,0,2271.4,175811.4,72.97,60.52,19660.8,309117.2,720894,68.7,13.24,42598.4,1690.6,124935.2,73.9,25.78,1638.4,121525.2,242868.6
145,68.17,10.26,0,2231,180409.2,72.77,60.61,22118.4,312229.2,898514.8,68.52,13.25,83558.4,1914,125708.6,73.63,25.77,36044.8,120663.4,239911.8
146,67.88,10.26,0,2055,178357.4,77.58,60.17,620134.4,306482.4,717111,68.82,13.24,26214.4,1734.6,132082.8,73.75,25.77,0,116779.4,233847
147,69.07,10.27,0,2638.2,181069.6,75.62,59.87,85196.8,308383.8,705626,68.72,13.24,34406.4,10932.4,139632.4,73.68,25.76,0,124641.4,243215.2
148,68.28,10.27,0,2090.2,179116.4,72.15,59.83,22118.4,310966,725305.8,69.62,13.24,122880,7912,134277.8,74.23,25.78,5734.4,122288.6,241838.6
149,68,10.27,0,2270,180733.4,71.9,59.98,16384,302767.4,693887.4,68.47,13.24,34406.4,3299.8,127013.4,73.85,25.77,5734.4,124148.8,244079
150,69.2,10.28,0,7189.8,176904.6,72.58,59.98,32768,310038,739659.4,69.12,13.24,85196.8,3843.4,127132.4,73.68,25.78,819.2,122792.2,242690.8
151,68.02,10.27,0,2200,180364.8,71.85,59.97,18022.4,306119,700546,68.35,13.23,40960,2485.6,129018.2,74.07,25.77,0,122204.8,240491.2
152,68.88,10.28,0,2347.8,178432,77.4,60.14,620134.4,304526.4,713728,68.35,13.22,37683.2,2412.4,126742.6,74.02,25.77,2457.6,116900.2,235301.2
153,67.93,10.28,0,2370,180412.2,75.75,60.23,698777.6,309392.2,705885.2,69.08,13.23,31129.6,2679.4,129173.2,73.63,25.77,0,121253.2,239859.6
154,67.87,10.28,0,2841,179365.4,72.32,60.03,13107.2,310062,725144.2,68.12,13.24,78643.2,3370,127518.8,73.57,25.78,22937.6,122605.8,244667.8
155,68.72,10.29,0,2047.4,180668.6,71.82,59.9,281804.8,302955,694069.8,68.85,13.25,26214.4,3253.8,127788,73.8,25.79,10649.6,125324.8,244286
156,68.43,10.28,0,2133,176465.6,72.92,60.1,82739.2,306395.8,715276.6,68.6,13.25,26214.4,3256,128058,73.65,25.77,0,125083.8,246449.2
157,67.93,10.27,0,2080.6,180957.2,72.58,59.99,16384,315521.8,905148.4,70.03,13.24,40960,3475.2,130086.6,73.9,25.77,0,125981.2,246103.6
158,68.03,10.24,0,2370.4,179334.2,77.88,60.09,71270.4,309227.6,722374.2,68.05,13.23,26214.4,2602.2,127093.8,73.75,25.76,2457.6,124696.2,245612.4
159,68.85,10.24,0,2505.8,181132,74.32,60.14,73728,306934.6,702741.6,69.88,13.22,42598.4,7450.2,142466.8,73.72,25.77,0,119522,236315
160,68.27,10.24,0,2414.8,178898.8,72.1,60.14,532480,310749.8,723581.4,68.7,13.22,86835.2,2242.2,126735,73.97,25.77,0,121939.2,245318
161,68.25,10.25,0,2131.6,179845,72.02,60.26,722534.4,302010.4,692518.6,68.9,13.23,19660.8,8457,136232.4,73.95,25.77,0,122628.8,241967.6
162,69.03,10.26,0,2228,175593,71.53,60.3,27852.8,307776.2,719131,69.1,13.23,83558.4,9058.2,138863,74,25.77,0,128559.2,250647.8
163,67.9,10.26,0,2228.2,180271.4,72.05,60.16,274432,305383.8,699655,68.95,13.23,8192,8732.2,136117.6,73.68,25.76,2457.6,123634.4,243686.2
164,68.83,10.26,0,2229,181274.4,77.4,59.94,44236.8,308152.8,720055.6,69.42,13.22,77004.8,9232.6,143141.4,73.68,25.77,0,124313,242728.6
165,68.25,10.26,0,1997.8,176549.6,75.97,59.92,400588.8,305444,698327.2,67.97,13.22,58982.4,3433.4,131040.6,73.92,25.76,819.2,126141.4,248953.2
166,68.75,10.26,0,3126.2,179179.8,72.2,59.92,35225.6,303506.4,694299,68.48,13.22,47513.6,8692,134042.6,73.72,25.78,2457.6,125293.2,246898.2
167,68.12,10.27,0,2155.6,180479.8,72.68,59.93,31129.6,309506.2,731042.4,68.73,13.23,86835.2,2515.2,127261,73.87,25.76,0,124524.4,246202
168,67.92,10.27,0,2306.4,175837,71.5,60.01,144179.2,312022.6,898442.6,68.68,13.23,44236.8,3258,128061.4,73.98,25.76,0,126132.6,246017.8
169,68.58,10.26,0,2021.6,180356.8,76.72,60.25,6553.6,304190.6,713085.8,68.37,13.23,37683.2,3332.8,130429.8,73.83,25.76,2457.6,123076.2,242663.6
170,68.65,10.27,0,2271.8,178081.2,75.05,60.09,13107.2,306606.2,700928.4,68,13.19,81920,4723.2,130311,73.65,25.76,0,119741.8,236646.6
171,68.17,10.28,0,2483.2,180773.2,73.45,59.86,611123.2,314568.6,731351.8,69.22,13.19,37683.2,2179,128223.6,74.07,25.77,13926.4,121613.4,242677.6
172,68.97,10.29,0,2010.6,180487.6,72.62,59.85,41779.2,302701,694019.6,68.17,13.2,81920,3477.6,127566.4,73.87,25.77,0,125786.6,247167.6
173,67.77,10.29,0,2233.4,179261.6,72.12,59.83,78643.2,308441,720342.2,69.1,13.21,42598.4,3343.4,127685.6,73.88,25.77,4915.2,122594.2,241982.8
174,68.77,10.28,0,2124.4,176683.4,72.07,59.96,22937.6,305190.4,698980,68.82,13.21,39321.6,2940,127301,74.05,25.76,0,127208.2,248540.4
175,68.53,10.28,0,2522.6,178477,76.83,60.19,158924.8,309246,721691.8,68.15,13.21,29491.2,3569.8,130839.8,73.97,25.76,9830.4,120896.2,243158
176,69.15,10.28,0,1925,180158.6,75.4,60.06,528384,305515.2,698117.4,69.27,13.21,27852.8,2344.2,126572.4,73.65,25.77,819.2,121209.4,235307
177,67.65,10.28,0,2233.8,178487,71.47,60.14,9011.2,306480.4,716994.8,68.18,13.21,27852.8,2269.8,127608.4,73.7,25.77,34406.4,119882.6,241004.6
178,68.25,10.29,0,2030.8,180088.8,71.93,60.28,16384,302646.2,692866,68.52,13.21,26214.4,1806.8,125531,74.12,25.78,4096,121907.6,242618
179,69.03,10.29,0,2305.8,176208.8,73.02,60.28,42598.4,309962.4,724113.8,68.25,13.22,26214.4,1892.8,125207.6,73.68,25.77,5734.4,119749.6,240949.6
180,67.92,10.28,0,2596.8,180863.8,72,60.06,21299.2,314211.4,900868.2,68.7,13.22,26214.4,2368.6,125756.6,73.97,25.76,0,123364.6,242413.6
181,67.93,10.28,0,2233.8,178511.8,77.5,60.04,9830.4,310167.8,721993,68.18,13.21,27852.8,3441,129927.8,73.45,25.76,5734.4,120147.8,237169.4
182,69.28,10.28,0,2252.4,180888.6,75.33,59.89,730726.4,302704,693562.2,69.02,13.2,27852.8,3248,128082.4,74.1,25.75,2457.6,126572.6,247653.6
183,67.98,10.29,0,2380.2,178930,72.08,59.94,10649.6,314894.8,731127.8,68.42,13.19,26214.4,1847.2,128114,73.97,25.77,0,117023.4,235945.2
184,68.12,10.3,0,2067,180255.6,73.15,59.99,18841.6,302378,693004.4,69.27,13.19,27852.8,1893,125734.6,73.78,25.77,69632,122407.8,243786
185,68.05,10.29,0,2257.8,175983.4,73.18,60.16,24576,309272.2,721380.2,69.32,13.2,27852.8,1986.6,125447.2,74.02,25.76,6553.6,120551.8,241132.6
186,69.23,10.29,0,2100.2,180347.6,71.38,60.19,18841.6,304897.8,698470.8,68.3,12.9,26214.4,2801,126546.4,73.8,25.75,0,121855.2,238219.2
187,68.95,10.29,0,2286.4,178780.6,77.35,60.39,524288,309455.6,722668,67.95,12.89,26214.4,3002.4,127255.6,73.68,25.75,3276.8,121752.8,239997.6
188,67.88,10.28,0,2122.6,183626.2,74.68,60.3,161382.4,306516.8,698891,68.52,12.89,26214.4,3610.2,129404.8,73.72,25.75,0,124524.4,243015.2
189,69.23,10.28,0,2867.6,178955.4,72.73,60.07,9830.4,310092,723386,68.62,12.89,26214.4,3778.2,127875.8,73.98,25.76,0,125029.8,246821
190,68.18,10.29,0,2062,176795.2,71.82,60.05,9011.2,304037.6,694989,68.27,12.89,26214.4,3684.2,127618.2,73.97,25.76,2457.6,127947.6,248637.4
191,68.82,10.29,0,2240.6,176081.2,72.72,60.11,1139507.2,308553.4,721085.6,68.78,12.88,26214.4,3022.8,126472.6,73.65,25.77,5734.4,123016,242733.6
192,68.18,10.29,0,2073.6,180668.8,72.38,60.16,25395.2,311495,897868.4,68.87,12.89,26214.4,3691,129230.2,74.13,25.76,15564.8,126022.8,246035.2
193,68.73,10.3,0,2280,179135.4,77.27,60.32,10649.6,309534.4,721968.4,68.73,12.88,58982.4,8559.6,140908,73.73,25.76,3276.8,119282,235207.2
194,68.57,10.29,0,2243.4,179685.8,73.98,60.36,709427.2,305702.4,698366.8,68.38,12.88,78643.2,5612.8,128013.8,73.62,25.77,0,121613.6,239589.2
195,69.25,10.29,0,3243.8,178831.8,71.43,60.43,9011.2,311383.6,738537.8,69.35,12.88,18022.4,7540.4,134077.2,73.93,25.76,0,121885.4,243647.6
196,67.87,10.29,0,3635.4,180146,72.72,60.35,18841.6,302348.6,709507.2,69.15,12.89,81920,10607.2,136663,74.07,25.77,2457.6,122890,239688.2
197,69.23,10.31,0,2184.2,175981.8,72.15,60.13,31129.6,307000.4,717171.2,69.03,12.89,21299.2,8065.8,131025,73.87,25.76,0,123706.4,243612.4
198,68.03,10.3,0,2515.4,181075.8,72.05,60.17,180224,308631,705135.4,68.85,12.92,81920,8265.4,143953.2,73.98,25.77,9011.2,121429.6,238899.8
199,68.02,10.31,0,2271.4,178509.6,77.57,60.13,16384,309642.4,722593.4,68.1,12.92,63897.6,1804.6,122786.8,73.77,25.77,0,117781.22,238376.7
200,69.03,10.31,0,2138.2,180376.2,75.47,60.19,772505.6,302557.4,694000,68.83,12.93,22937.6,8082.4,133977.6,73.92,25.77,0,124938,243620.8
201,67.87,10.31,0,2181.2,177814.2,71.43,60.19,46694.4,312437.8,726884.8,68.75,12.93,95027.2,4311.6,126791.6,73.92,25.77,0,128051.6,241903.8
202,68.68,10.31,0,3204.8,180136.2,71.85,60.24,12288,303256.2,709311.2,68.27,12.94,45875.2,3385.4,126431.2,73.67,25.77,2457.6,121886,240160
203,68.4,10.31,0,2202.4,176394.8,72.72,60.49,18841.6,308909,730116.4,68.48,12.96,34406.4,2640.2,125549.4,73.72,25.77,2457.6,120365.8,238735
204,68.15,10.29,0,2713.8,181269.2,76.07,60.6,54886.4,305388,714677.2,68.77,12.95,86835.2,3707.2,129332.2,73.77,25.75,0,118069.4,238969.2
205,69.12,10.29,0,2047.4,178426.4,75.98,60.31,589824,308954.2,705091.2,68.18,12.96,32768,2457.4,124976.6,73.68,25.76,4096,119132.6,236758
206,68.27,10.3,0,2481,180575.4,72.93,60.26,16384,307221,717936.2,68.93,12.97,114688,1825.6,127414,73.9,25.77,0,117636.6,236612.2
207,69.1,10.31,0,2068.8,178543,72.68,60.24,138444.8,301911.6,692316.4,68.93,12.96,36044.8,2974.6,126178.2,73.68,25.77,20480,123792.8,241490.8
208,67.8,10.31,0,2297.8,180481,72.22,60.29,31129.6,309182.2,721457,68.32,12.97,34406.4,3312.6,126720.4,73.78,25.77,819.2,124672.4,246225.2
209,68.1,10.29,0,2092.2,176092.2,71.42,60.29,41779.2,307869.2,705566.4,69.12,12.97,26214.4,2930.6,126564.2,73.98,25.77,0,123946.2,241987
210,67.77,10.28,0,2075.2,178229.4,77.4,60.4,13107.2,309848.6,740144.8,68.5,12.97,26214.4,4907.8,129746.6,73.75,25.76,0,123900.2,245677.4
211,68.48,10.29,0,2447.8,180721.4,74.63,60.25,6553.6,305846.6,699301.2,69.13,12.96,27852.8,3027.6,126700,73.77,25.76,2457.6,121530.4,235512.8
212,68.5,10.29,0,2060.2,179184.4,72.07,60.33,590643.2,310836.8,725525.8,68.12,12.96,26214.4,2288.4,127313.2,73.92,25.77,0,118960.8,240443.2
213,68.1,10.28,0,2816.6,180820.2,71.87,60.21,171212.8,303475,694369.6,69.13,12.97,26214.4,2067,125824,73.95,25.78,0,121029,240218
214,67.95,10.28,0,2223.2,176268.8,72.8,60.32,27033.6,309933.4,723233.4,68.13,12.97,32768,2484.4,125162.6,74,25.77,34406.4,120061,241520.6
215,69.15,10.28,0,2317.4,181152.8,72.75,60.27,40140.8,312160.4,897814,68.93,12.98,81920,2468,125552.4,73.55,25.76,1638.4,124197.8,245230
216,68.18,10.27,0,2214.6,178887.8,78.52,60.39,23756.8,309048,721682.6,69.07,12.97,26214.4,2027.8,127636.2,73.8,25.76,18841.6,114362.6,230586.4
217,69.1,10.27,0,2305.6,181354.2,74.97,60.35,869171.2,305999.2,700481.6,67.9,12.97,26214.4,2056.4,125077.8,73.72,25.76,4096,121300.6,239039.8
218,68.17,10.27,0,2294.4,178850.6,72.68,60.31,809369.6,310059.8,723529.4,68.77,12.97,31129.6,3372,128626.2,73.75,25.76,0,126166.6,248908.8
219,67.95,10.27,0,2258.6,180738,71.35,60.4,144179.2,299515,687360.6,68.68,12.97,31129.6,3037.4,126617.4,73.82,25.77,1638.4,124253.4,242708.4
220,69,10.27,0,2163.6,176169.2,72.27,60.49,31129.6,312177.4,727087.4,68.4,12.97,29491.2,3422.2,126793.4,73.87,25.77,20480,122252.8,241050.6
221,68.02,10.26,0,2352.6,184199.4,71.57,60.58,326041.6,306151.6,700933.4,68.27,12.97,26214.4,2707.4,126386.6,73.68,25.76,819.2,123805.6,244864.4
222,69.02,10.26,0,1979.2,175721.2,77.42,60.19,37683.2,309047.2,721989.6,69,12.97,26214.4,1807.4,128114.6,73.88,25.76,0,115351.6,232522.2
223,68.1,10.27,0,2125.2,180275.4,75.43,59.74,16384,306055,698411.8,68.35,12.96,58982.4,2122,125252.8,73.67,25.77,22118.4,122014.6,240469.6
224,67.9,10.27,0,2201.2,178772.8,72,59.68,600473.6,310670,724362.2,68.82,12.96,40960,3320.6,132390.2,73.9,25.77,16384,124556.4,244743.4
225,68.6,10.28,0,2268.8,180489.4,72.53,59.77,113049.6,299356.2,687813.8,68.92,12.96,22937.6,9752.8,138033.8,73.9,25.78,3276.8,126670.8,247091.4
226,68.42,10.29,0,2106.6,176103.4,72.92,59.83,33587.2,309246.2,722780.8,70.15,12.97,24576,8727.2,140358.4,73.67,25.78,0,121545.2,240052.4
227,68.07,10.28,0,2542,181095.8,72.07,59.87,36864,311505,897534.6,68.22,12.97,18022.4,2020.8,127897,73.9,25.77,0,121266.4,239309.6
228,69.25,10.29,0,2037.6,179367,76.7,60.08,6553.6,311943.8,727011.4,69.12,12.97,6553.6,8575.6,135852.4,73.9,25.76,0,120536.4,241064
229,68.03,10.28,0,2862.8,184564.8,74.02,60.12,11468.8,309159.6,703679.6,68.87,12.97,122880,7632.8,138341.8,73.77,25.77,2457.6,120941.6,237222
230,68.1,10.29,0,2838.6,176005.6,72.42,60.19,591462.4,311522.8,725646.6,68.47,12.97,24576,7674.8,131993.4,73.75,25.77,26214.4,119827.8,241820.2
231,69.13,10.28,0,2198.8,180982,71.83,60.03,56524.8,303304.4,694725.8,68.98,12.98,40960,2628.2,126483.8,73.82,25.77,2457.6,122868,242513.2
232,67.98,10.28,0,2118.8,175949.2,73.53,59.96,160563.2,309272.4,720612,68.82,12.98,39321.6,2704.8,126309.2,73.8,25.77,6553.6,121169.4,242070.6
233,67.88,10.28,0,2329.4,180848.2,71.95,59.93,65536,302936.4,694939.6,68.52,12.98,32768,3724.8,129752.8,73.72,25.76,4915.2,124132.4,242641.6
234,68.97,10.28,0,1992.8,178453.4,77.33,60.17,21299.2,311938,727292.6,68.55,12.99,29491.2,5338.6,130053.2,74.02,25.76,0,123865.6,244626
235,68,10.27,0,2169.4,180742.6,74.3,60.17,15564.8,305639.6,699197.6,68.27,12.99,34406.4,3226,129380.6,73.73,25.76,2457.6,125117.2,243443.8
236,67.93,10.27,0,2182.8,179348,72.6,60.05,631603.2,310479.6,724339.8,69.23,12.99,111411.2,3211.4,126046,73.88,25.77,819.2,121397.2,243279
237,69.25,10.29,0,2652,181525,71.42,60.1,51609.6,300683.6,689885.4,68.4,12.99,42598.4,3072.2,125369.6,74.08,25.77,27033.6,124771,242861.8
238,67.67,10.29,0,2044.2,176624.2,72.1,60.22,2538700.8,314508,740333.8,68.53,12.99,39321.6,2492,125804.6,73.72,25.76,3276.8,119450.2,235318.8
239,68.22,10.28,0,2231.2,181234.4,72.8,60.08,158105.6,311976.4,898462,68.45,12.99,27852.8,3327.8,128709,73.72,25.76,0,120381.6,237796.6
240,69.1,10.28,0,2095.4,178945.8,75.45,59.91,154828.8,308551,703872.6,68.27,12.99,31129.6,3032.2,126111,73.82,25.77,8192,122399.8,240131.6
241,68.33,10.27,0,2466,181240,73.53,59.94,603750.4,310535.8,725363,68.85,12.99,31129.6,1790.6,126965.6,74.22,25.77,64716.8,121622,244395.4
242,67.95,10.27,0,2395.6,179333.8,71.52,59.95,819.2,303975,695759,68.53,12.98,26214.4,2053,125009,73.63,25.78,16384,117030.8,236705.8
243,69.13,10.27,0,2254.4,181551.4,72.7,59.93,70451.2,309280.6,721418.2,69.75,12.98,95027.2,1709,124318.6,73.92,25.78,12288,121092,239445.8
244,67.82,10.27,0,2263.4,176597.2,71.35,59.97,151552,306237.2,701881.2,68.28,12.98,26214.4,2149.4,124797.4,73.92,25.77,29491.2,117464.4,232590
245,68.02,10.26,0,2238.8,181342.4,76.85,60.08,9830.4,309666,722047.8,68.42,12.98,26214.4,1812.8,126887.6,73.73,25.76,0,115573.6,232539
246,68.98,10.27,0,2349.6,179349.6,74.37,60.18,13926.4,306093,699620.2,68.23,12.99,26214.4,2246.2,125009,73.63,25.77,3276.8,121898.2,240120.8
247,67.97,10.28,0,2301.2,178713.2,74.1,60.02,583270.4,306023.2,716635.8,68.43,12.99,27852.8,3212.4,128723.8,73.75,25.77,13926.4,123560.8,243507.2
248,69.2,10.29,0,2205.4,180917,71.98,59.97,1077248,307830.2,702206.4,68.3,12.99,26214.4,3120.6,126194,73.97,25.77,819.2,125777,245182.6
249,67.93,10.31,0,2170.6,176200.4,73.4,60.13,36044.8,305224.4,714066.4,68.33,12.99,26214.4,3296.6,125989,73.8,25.77,4915.2,121147.4,239447.4
250,68.12,10.28,0,2042.4,180692,72.73,60.41,153190.4,318758,908945,68.47,13,26214.4,2959.4,126156.4,73.97,25.77,16384,121778,239601.8
251,68.78,10.29,0,2294.4,182361.4,76.9,60.44,50790.4,305642.4,713900.6,69,13,26214.4,2743.4,127513.6,73.88,25.76,3276.8,118536.4,240232.4
252,69.43,10.29,0,2129.8,177761.4,74.6,59.88,9011.2,310414.2,708829.6,68.05,12.99,45875.2,3172.2,126390.2,73.68,25.77,0,123755.2,237658.2
253,68.1,10.29,0,2396.6,178931.4,72.3,59.98,7372.8,309322.6,722634.6,68.95,12.99,85196.8,3108.2,131641.2,73.87,25.77,5734.4,125615.2,247804.2
254,67.88,10.28,0,3023.4,180857,71.35,60.08,628326.4,303556.2,708599.8,68.72,12.99,55705.6,12938.8,137300.4,73.77,25.78,0,121633.4,236024.4
255,68.55,10.31,0,3735,176204.2,71.82,60.19,28672,305101.6,730666.4,69.45,12.99,26214.4,8450,131208.8,73.87,25.77,18841.6,126135.8,249097.8
256,69.02,10.3,0,3014.8,181651.2,72.4,60.05,13107.2,309279,704638.4,68.95,12.99,91750.4,10512.8,140496.6,73.85,25.77,0,123985.4,237604.6
257,67.95,10.3,0,2287.6,179332.6,77.45,59.99,7372.8,308742,721457,68.82,13,32768,4243.4,129014,73.85,25.76,0,119947,236918
258,68.9,10.3,0,2041.8,181237.4,75.23,60.05,169574.4,309734.8,707185.8,68.67,13,11468.8,8469.2,131330.2,73.92,25.77,0,125899.6,245732.4
259,68.02,10.3,0,2547.8,180707.8,73.02,60.14,45875.2,307937.2,719286,69.13,13,90112,9038.6,143036.4,73.65,25.77,3276.8,121307.4,239754.8
260,68.27,10.3,0,2654.4,181068,71.35,60.2,740556.8,308495.8,703519.4,68.17,13,77004.8,3275.6,126983.6,73.92,25.78,0,126397,247121.4
261,68.82,10.3,0,3196.8,176700.8,72.8,60.24,31129.6,311209.6,740172.2,68.92,13,11468.8,10185.4,132341.8,73.77,25.78,32768,128798.4,245497.2
262,67.97,10.28,0,2070.2,180930.2,73.13,60.09,25395.2,312395,898558.8,69.72,13.01,106496,4795.6,128004.2,73.68,25.77,819.2,121424,237009.4
263,67.9,10.28,0,2372.8,179435.6,77,60.23,13107.2,306081.2,716088.4,68.08,13,34406.4,2875.4,127244,73.85,25.77,6553.6,116296.6,233260.6
264,69.23,10.27,0,2337.2,181830.4,75.45,59.84,464486.4,311774.8,710234.2,68.57,12.99,90112,3583.6,129593.4,73.68,25.77,23756.8,123455.2,243586.2
265,68.05,10.28,0,2369.6,179256,72.35,59.77,26214.4,310417.2,723845.2,68.47,13,77004.8,1992.6,125018,73.9,25.78,5734.4,120211.8,240990.4
266,68.2,10.28,0,2213,180465.2,72.52,59.91,58163.2,303264.6,694972.6,69.17,13,34406.4,1862,124656.8,73.85,25.78,819.2,116609.2,231143
267,68.82,10.29,0,2269.6,176622.6,72.18,59.95,26214.4,309184.2,721678,68.12,13,27852.8,2036,125156.8,73.9,25.78,0,119462.2,239620.2
268,67.95,10.29,0,2139.8,181148,72.08,59.96,420249.6,306359,701808.6,68.9,13,26214.4,3196.8,129183.8,73.75,25.78,2457.6,120830.8,237918
269,67.8,10.28,0,2258.6,182383.4,77.5,60.15,10649.6,305426.4,714610.6,68.38,12.99,26214.4,4275.8,126078.4,73.93,25.76,8192,121409.8,239054.8
270,69.27,10.28,0,6769.2,177922.4,74.78,60.25,6553.6,309401,724238.8,68.25,12.99,26214.4,3449,129172,73.72,25.77,819.2,127273.2,246661.2
271,67.9,10.28,0,2585.8,182583,71.37,60.27,189235.2,307591.6,719061.4,69.33,13,27852.8,3465.2,126513.6,73.65,25.77,3276.8,122123.8,241318.2
272,68.28,10.29,0,2111,177415.8,71.52,60.65,35225.6,306611.6,700806,68.07,13,26214.4,3345.4,126092.8,74,25.78,0,123625.6,241089.4
273,68.68,10.29,0,2179.6,176344.6,73.38,60.41,64716.8,307183.4,726067,68.65,13.01,26214.4,2261.2,126201.6,73.98,25.78,55705.6,124591.2,247286.6
274,67.97,10.28,0,2080.6,180689,72.08,60.35,638976,313850.6,902786.8,68.72,13,26214.4,3446.4,129583.8,73.73,25.76,0,121026,238769.6
275,68.1,10.28,0,2250.6,179137,77.92,60.31,9830.4,305894.6,716396.4,68.25,12.99,26214.4,3013.4,126327.6,73.53,25.77,3276.8,118893.6,232636.8
276,69.29,10.28,0,2113.33,180730.25,74.7,60.32,7372.8,309900,708231,68.65,13,26214.4,2190,128496,74.03,25.79,9830.4,121982.2,244434.4
277,67.86,10.28,0,2336.21,179368.68,73.18,59.96,161382.4,308451.4,718669.8,68.92,13,26214.4,1667,125227.2,73.65,25.78,1638.4,121747.2,242389.2
278,67.97,10.28,0,2220.6,180811.4,73.8,60.09,668467.2,309277.8,722130.2,68.48,13,26214.4,2630.4,126130,73.68,25.78,5734.4,121388,240707
279,68.02,10.28,0,2332.2,176797.8,71.27,60.16,376832,305894.6,700831.8,68.28,13,26214.4,2692.8,126969.6,73.95,25.78,0,123143.8,240905
280,69.12,10.26,0,2073.6,181178.8,77.07,60.42,632422.4,301820.2,708074.6,69.03,12.93,26214.4,3369.8,129773.2,73.95,25.78,819.2,124350.6,244701.2
281,67.63,10.27,0,2087.4,178878.8,74.77,60.2,7372.8,313879.6,713768.4,68.05,12.93,26214.4,2965.6,127595.6,73.42,25.77,0,122659,240108
282,68.2,10.28,0,2274,181013.4,73.48,59.96,6553.6,303912.8,712696,68.63,12.93,26214.4,3431.6,129746.4,73.95,25.78,6553.6,127720.4,250924.8
283,69.03,10.28,0,2512.6,179760,72.07,59.93,18841.6,307449.4,701983.4,68.8,12.92,26214.4,3716,127733.8,73.67,25.78,0,125172.4,244239.6
284,68.85,10.28,0,2573.4,176589.8,72.73,60.03,625868.8,306131.8,716102.4,68.33,12.93,26214.4,3362.8,127263.8,74.07,25.76,0,122743,242364.4
285,68.17,10.29,0,2241.2,181143.4,72.23,60.04,160563.2,319335.4,912932.8,69.42,12.93,26214.4,3621,127163.2,73.73,25.78,3276.8,124590.6,243069.8
286,68.87,10.28,0,2120.6,179421.6,77.1,60.13,666828.8,305757,715765.6,68.72,12.93,26214.4,3417,130475.4,73.85,25.77,0,122055,240791
287,68.2,10.28,0,2510.6,181279.6,74.28,60.2,13107.2,310862,709269.2,68.53,12.92,26214.4,2996,127183.4,73.6,25.76,0,125181.8,244797
288,68.22,10.29,0,2390.2,178966.6,71.58,60.28,13926.4,307689.8,718375.6,68.47,12.91,26214.4,2126,127968.6,73.95,25.77,16384,117802,236956.4
289,69.17,10.28,0,2402.4,180677.4,73.02,60.12,9830.4,306759.2,700577.8,70.18,12.91,39321.6,2892.2,131179.2,73.63,25.77,36864,126972.2,248672.6
290,67.7,10.3,0,2172.2,179374.6,72.35,60.13,148275.2,301074,706221.8,68.43,12.91,85196.8,8970,139814,73.82,25.77,0,123071.4,244946
291,68.3,10.29,0,2268.4,177261.2,71.9,60.04,12288,313187.6,714640.8,69.92,12.91,26214.4,8507,130711.8,73.73,25.77,11468.8,124413.6,241462.2
292,68.67,10.29,0,2123.4,178909.4,77.55,60.21,610304,300928.2,707364.6,68.8,12.91,75366.4,9400.8,146693.2,73.82,25.76,0,121085.6,239511.6
293,67.93,10.29,0,2176.2,180586.2,74.87,60.31,39321.6,312925.8,712242.4,68.55,12.91,72089.6,2579.6,124060,73.98,25.76,0,126594.8,248282.2
294,68.1,10.29,0,2043,178507.4,71.93,60.33,94208,305770.4,716084.4,68.58,12.92,21299.2,8852.6,141603,73.9,25.77,4096,122865.6,242469
295,68.83,10.29,0,2331,181625.2,72.25,60.25,9011.2,307498.6,702317.6,69.53,12.93,99942.4,8182.6,134533.4,73.8,25.77,0,122694.4,243545.4
296,68.33,10.29,0,2120.2,176535.2,72.77,60.35,22937.6,305586.2,714775.8,69.05,12.95,29491.2,7410,130859.2,73.53,25.78,0,119863.2,239295.6
297,67.72,10.29,0,2239.6,180951.2,71.62,60.51,33587.2,316457.2,906585.4,68.38,12.96,98304,3361,127790.6,73.88,25.77,6553.6,124917,243940.4
298,69.05,10.29,0,2223.6,179092,77.43,60.27,585728,305544,715209,68.03,12.97,39321.6,3475.6,129890.2,73.63,25.76,0,123259.8,243686.4
299,68.4,10.29,0,2554.2,182462.8,75.78,60,13926.4,312394,711355.4,68.02,12.97,32768,2579.4,126618.6,73.73,25.77,0,121882.6,240630
300,68.95,10.29,0,2209.8,179176,72.18,60.07,8192,307394.2,718682,69.05,12.97,83558.4,3007,129855.4,73.93,25.77,2457.6,118037.6,237697.6
301,68.15,10.29,0,2303.6,180669,71.87,60.33,157286.4,303580,694056.8,68.97,12.98,32768,2901.2,126605.8,73.7,25.78,0,118807.6,236767
302,67.8,10.29,0,2066,179526,72.85,60.4,39321.6,312356.2,727552.2,68.7,13,27852.8,2944.2,124935.8,73.73,25.78,819.2,123822,246582
303,68.08,10.28,0,2242.2,177646.8,72.03,60.43,74547.2,306197.2,701441.4,67.73,12.98,26214.4,3830.8,131827.8,73.8,25.78,2457.6,121557.6,238304
304,69.02,10.28,0,2178,179102.8,76.85,60.24,736460.8,307921.8,719794.2,69.68,12.97,26214.4,2826.6,124742.2,73.87,25.77,0,124060.2,245402.2
305,68.17,10.28,0,2404.8,181682,75.05,60.04,29491.2,308556.6,703781.4,68.22,12.97,26214.4,3111.8,129118.4,73.9,25.78,64716.8,121980.2,238221.8
306,67.82,10.28,0,2191.6,179239.2,72.22,60.17,39321.6,310099.4,724005.8,69.25,12.97,75366.4,2608.8,126480.8,73.67,25.77,12288,123831.2,244735.6
307,68.88,10.28,0,2169,181084.4,71.98,60.15,18841.6,303808.4,695004.8,68.18,12.97,29491.2,1928,125265.2,73.93,25.77,29491.2,120393.8,238645.4
308,68.17,10.29,0,2689.2,176938.8,73.45,60.04,18841.6,307303.4,725658.6,68.8,12.96,26214.4,3516.2,127193.8,73.85,25.77,0,123061.4,246142.4
309,68,10.28,0,2784.8,181746.4,71.92,59.97,15564.8,314880.2,902729.8,68.32,12.95,26214.4,3426.4,129988.4,74.05,25.78,18841.6,125465,243742
310,67.87,10.28,0,2219,179242.6,77.45,60.13,736460.8,312160.2,728066.8,68.42,12.94,29491.2,3217,126910.2,73.78,25.76,1638.4,121782.8,240864.6
311,69.5,10.28,0,2472.8,181286.6,76.78,60.01,14745.6,307440.8,704838.2,68.45,12.93,27852.8,1845,127260.2,73.8,25.76,0,118387.6,232266.2
312,68.23,10.28,0,2245.6,179203.8,73.77,60.11,312115.2,310022,724898.8,68.75,12.94,26214.4,3019.4,127064.4,73.7,25.77,13107.2,124765.4,243987
313,67.95,10.28,0,2358.4,181029.8,71.42,60.21,1081344,302844.2,694891.2,68.63,12.93,26214.4,3166.4,126257.4,73.88,25.76,0,125763.6,246485
314,69.27,10.29,0,2948.4,175723.8,71.62,60.29,214630.4,308962.6,733242,68.35,12.94,26214.4,5841,125729.8,74.13,25.76,2457.6,119873.8,238544.2
315,68.3,10.28,0,3815.6,181257,72.53,60.23,21299.2,307287.2,702392.6,68.37,12.94,26214.4,3392.8,127975.6,73.7,25.76,0,116895.6,231343.8
316,67.82,10.28,0,2109.2,178965.8,77.6,60.3,160563.2,309197,738703.6,68.5,12.94,26214.4,2069.6,125158.2,73.58,25.76,0,120023.2,241980.4
317,68.88,10.28,0,2117.2,180796.4,71.68,60.07,9011.2,311679,726571.4,68.62,12.94,26214.4,2923,129330,73.72,25.77,0,124713.6,241099.2
318,68.1,10.29,0,2435.6,178633.8,72.03,60.06,158924.8,303065,693990,68.87,12.94,26214.4,3318.2,127103.4,73.72,25.77,3276.8,125157.8,245172.2
319,68.95,10.29,0,2066,180305.2,72.63,60.1,31948.8,308188.4,720136.4,68.35,12.95,26214.4,2909,126362.6,73.57,25.77,0,122942,243155
320,68.37,10.28,0,2030,175786.6,72.57,60.18,24576,314655.2,916116.4,68.52,12.96,26214.4,2516.6,125774.8,73.9,25.76,0,124303.2,236477.6
321,67.83,10.28,0,3525.4,184705,77.15,60.49,33587.2,309405.2,721296.6,68.45,12.96,26214.4,4337,128917.8,73.77,25.77,3276.8,121009.2,238717.8
322,67.83,10.28,0,2165.8,175495.4,74.85,60.53,738918.4,306307.4,699387,69.37,12.96,67174.4,2388,128638.4,74.07,25.77,0,116905.8,231853
323,67.68,10.27,40960,2365.4,182081,72.15,60.31,31948.8,310069,723542.2,69,12.96,1638.4,7781.6,137130.6,73.77,25.77,819.2,124869.8,247993.2
324,69.23,10.26,0,1995.2,176711.4,72.68,60.28,17203.2,299603,687101.8,68.62,12.97,24576,7622,130622,73.8,25.77,2457.6,118672.6,236767.4
325,67.42,10.27,0,2214,179417.8,72.9,60.32,26214.4,307178.2,718609.6,69.35,12.98,32768,8490.8,139345.6,74.05,25.77,0,120632.8,238382.6
326,68.62,10.26,0,2215,177581.4,71.73,60.38,43417.6,309723,707504.2,68.93,12.98,6553.6,3190,126503.8,74.03,25.77,0,124312.4,242699.2
327,67.83,10.27,0,2147.6,181504.6,77.07,60.41,7372.8,304266.4,712784.2,68.57,12.99,11468.8,8658.8,134170.6,73.83,25.76,3276.8,119721.8,237240
328,68.95,10.27,3276.8,2041.8,177039.2,74.47,60.42,587366.4,309261.2,705344,69.18,12.99,26214.4,8881.8,139909.8,73.6,25.77,0,123563,245503
329,69.32,10.28,3276.8,7503.6,179181.4,72.3,60.5,140083.2,306830.4,734362.2,68.7,12.99,116326.4,4125.4,128417.2,73.92,25.77,3276.8,123637.6,237554
330,67.98,10.28,0,2270.2,180377,71.27,60.59,14745.6,306499.6,700786.6,69.13,12.99,24576,7960.2,130357,73.77,25.78,2457.6,120938,240594
331,68.95,10.28,0,2070.8,175914,73.02,60.66,109772.8,308159,719795,68.05,12.99,91750.4,1771.8,123525.2,73.75,25.77,0,116455.8,233943.8
332,68.08,10.29,0,3251.6,182019,72.53,60.24,23756.8,314544.6,902140.4,68.53,12.99,39321.6,3492.2,125267.4,74.07,25.76,0,125423.6,244278.4
333,67.67,10.28,0,2109.6,178401.4,77.57,60.25,49971.2,308204.2,720295.2,68.92,12.99,32768,4651,129365.8,73.55,25.77,2457.6,117718.2,231619.6
334,69.3,10.28,0,2274.6,180893.2,74.8,60.2,583270.4,303586.4,694444.2,68.22,12.99,37683.2,4220.2,127127,73.57,25.77,819.2,121126,237636.6
335,67.43,10.28,9830.4,2544.2,182591.2,74.67,60.69,46694.4,317293.6,759684,68.62,12.98,32768,1991,126683.2,73.85,25.77,819.2,119463.8,238785.8
336,68.53,10.28,0,2140.8,177291.8,72.63,60.67,39321.6,306558.8,706999.2,69.35,12.98,40960,3388.8,125914.8,73.72,25.78,2457.6,123178.4,240076.8
337,68.45,10.29,0,2076.2,179467.4,74.67,60.75,172851.2,312821.8,813953.4,68.55,12.99,31129.6,3038.8,124826,73.88,25.78,0,122839,242483.2
338,68.55,10.28,0,2288.4,177601,77.5,60.98,365363.2,316191.6,839760.4,68.95,12.98,31129.6,2267.2,125422.8,73.73,25.78,0,119181.6,237337.8
339,69.17,10.28,0,2158,178536.4,79.81,61,9810.78,308005.39,727936.33,68.53,12.98,29491.2,2093.6,124593.4,73.6,25.77,3276.8,118888,238089.8
340,68.02,10.29,139264,2282.6,180912.8,76.52,60.56,686223.65,310761.52,717013.43,68.33,12.98,29491.2,1804.8,126730.2,73.82,25.78,0,116486.2,232135.2
341,67.83,10.3,16384,2133.6,178316.4,73.57,60.55,13926.4,307150.6,725737,68.57,12.98,26214.4,1902.6,124538.6,74.07,25.78,0,119291.4,243139.8
342,68.63,10.31,0,2143.2,180498,74.28,60.52,29491.2,308090.2,710993.6,68.5,12.99,26214.4,1769.8,124120,73.82,25.78,3276.8,120744.8,235224.6
343,68.27,10.31,0,2057.8,175645.6,73.53,60.76,996147.2,311930.8,740367.4,68.18,12.99,26214.4,2026.2,124186,73.62,25.78,0,116438.4,234600
344,68.13,10.31,0,2220.6,181288.6,73.07,60.48,240025.6,316424.2,910565.4,68.45,12.98,26214.4,2673.4,128108.2,73.97,25.78,0,120791.4,240043
345,69,10.31,0,1992.2,178316.2,78.65,60.51,18841.6,311465,730324.8,68.27,12.98,26214.4,3308.4,126988.6,73.75,25.76,3276.8,118536.4,233981.2
346,67.87,10.3,1638.4,2188.8,181093.6,75.72,60.61,583270.4,309542.2,709602.8,68.68,12.96,26214.4,2206.2,127640.4,73.68,25.76,0,123291.6,241764
347,68.23,10.29,47513.6,2124.6,178049.4,73.98,60.5,18022.4,309729.2,725527.8,68.63,12.97,26214.4,1912.2,125523.4,73.87,25.76,4096,120271.4,243822.8
348,68.77,10.29,11468.8,2136.8,180415.8,72.15,60.62,13926.4,309665.2,710343.2,68.22,12.97,26214.4,1778,124500.2,73.85,25.77,1638.4,119213.2,234228.8
349,69.23,10.28,3276.8,2003.8,175397.8,73.63,60.15,149913.6,310300.4,728309,68.35,12.97,26214.4,1930.8,125474.6,73.75,25.78,0,121731.4,244321.4
350,68.13,10.28,0,2328.4,181505.2,72.65,60.16,54886.4,308040,711404.2,68.23,12.89,26214.4,1887.4,127299.8,73.8,25.76,3276.8,116697.8,233591
351,68.85,10.29,0,2079.2,179129.6,78.13,60.22,26214.4,310282.4,730698.8,69,12.89,45875.2,2959,127206.6,73.7,25.77,0,124246.4,242065.4
352,68.03,10.28,4915.2,2173,180936,77.52,60.31,594739.2,304640.8,703299.6,68.97,12.89,22937.6,8997.8,142490.4,73.7,25.78,0,121691.4,240210.4
353,69.02,10.29,9830.4,2199.6,178995.6,72.25,60.29,27033.6,314740.2,739122.6,68.3,12.89,83558.4,3726.4,127154.2,73.57,25.78,2457.6,123870.8,244815
354,68.1,10.28,6553.6,2239.2,183748.6,77.48,60.75,159211.38,310741.94,760491.28,69.18,12.89,27852.8,8199,136467.4,73.9,25.78,0,122558.4,242124.6
355,69.03,10.28,0,1971.4,172168.8,75.35,60.75,1717862.4,319668.8,940844.6,69.15,12.9,62259.2,8125.2,135921.8,73.7,25.78,819.2,123109,241897.6
356,68.05,10.28,0,2765.6,180996.8,81.38,60.92,94208,313174.4,757753,68.63,12.91,19660.8,8873.4,135400.4,73.53,25.78,3276.8,121147.8,243536.8
357,67.8,10.27,0,2068.2,177829.4,76.65,60.6,9830.4,304689.4,701403,69.52,12.93,80281.6,8727.8,141905.6,73.77,25.76,0,124713.2,239372.2
358,68.62,10.28,0,2206.4,180942.4,73.5,60.49,623411.2,315604.6,738271.6,68.77,12.93,34406.4,2104,129051,73.83,25.77,0,121634.6,244065.8
359,68.72,10.28,40960,2641.2,178508.2,72.33,60.37,27852.8,304752.2,701815.4,68.7,12.93,83558.4,7949.6,134639,73.87,25.78,8192,121237.2,239954.2
360,69.08,10.29,0,2041.6,175561.2,73.47,60.56,40140.8,309074,725679.8,68.77,12.96,40960,2784.4,124675,73.6,25.77,4915.2,124721.6,245733.6
361,67.9,10.3,0,2192.8,179875.4,74.02,61.15,253952,310255.4,735748.4,69.7,13.01,29491.2,8715,140301,73.87,25.8,4915.2,125681,247540
362,68.18,10.28,0,1876,177341.8,76.52,61.5,152371.2,323397,968054.2,68.8,13.01,19660.8,3331.8,126769,73.97,25.79,0,121514.4,237757.2
363,68.72,10.28,0,2188.4,179119.8,83.45,61.47,496435.2,313556.6,776719.4,68.65,13.01,8192,8557.2,134372.4,73.77,25.79,0,123036.6,242408.6
364,68.52,10.28,6553.6,4125.8,182929.8,80.78,61.3,11468.8,323131.2,801281.6,68.43,13.01,42598.4,6937.4,127118.4,73.85,25.8,5734.4,123661,241402.2
365,68.62,10.28,0,3699,179643.2,74.4,61.28,20480,315905.6,756986.4,69.02,13.01,31129.6,2229.2,127238.8,73.97,25.81,0,120751.4,239844.6
366,68.32,10.28,0,1956,180462.2,73.28,61.44,165478.4,305749.8,705065.8,68.02,13.01,155648,4538.2,127623,73.78,25.8,3276.8,123924.4,243319
367,68.02,10.29,0,2252,176205.8,75.73,61.44,47513.6,316820,778025.4,69.03,13.01,34406.4,5060,129204.4,73.93,25.8,2457.6,124716.2,246006.4
368,67.93,10.3,0,2049,181229.2,74.37,61.66,22937.6,312950.6,724837,68.77,13.01,36044.8,3003.2,126951.6,73.58,25.79,0,121599.4,237885.4
369,68.58,10.29,0,2156.8,178960,80.88,62.16,722534.4,313514.6,833125.4,68.78,13.01,27852.8,3258,127278.2,73.9,25.79,0,121072.8,238908.2
370,68.2,10.29,1638.4,1973.6,180321.8,79.63,61.37,13107.2,313124.4,757907.4,68.05,13.01,29491.2,4248.4,129515.4,73.6,25.79,4915.2,124400.8,242646.8
371,69.1,10.28,0,3220.8,179180.8,76.93,61.35,7372.8,323126.8,777551.2,68.83,13.01,26214.4,3308.8,127560.4,74,25.8,0,129458.2,246707.6
372,67.75,10.28,0,1984,183629.4,79.37,61.53,154828.8,314668.2,871995.8,68.47,13.01,85145.71,2130.52,125049.77,73.58,25.8,0,124786,245899.4
373,68.3,10.28,0,2172.2,172715.8,75.62,61.52,26214.4,314458.2,750502.2,68.4,13.02,27869.52,2878.13,126387.83,74.1,25.8,2457.6,119213.2,237420
374,69.03,10.27,0,2708.8,180995.8,89.35,62.69,83668992,316369.6,1972846.2,69.62,13.01,26214.4,2203.4,127795.2,73.73,25.79,0,121653.8,239792.4
375,67.97,10.28,0,2178,178149.8,94.52,62.72,99003596.8,312922.8,2047921.2,68.17,13.01,27852.8,2306.2,126478.4,73.57,25.8,3280.08,123096.5,243014.81
376,68.53,10.27,0,2282,181383.6,97.68,62.77,95728435.2,311049.4,2024389,68.8,13.01,31129.6,2040.8,127759.4,73.83,25.79,819.2,119739.2,240689
377,68.9,10.26,0,2160.2,178270.6,94.83,63.02,106982604.8,1601345.2,808914.4,68.58,13.01,26214.4,2451,126532,73.84,25.79,0,121440.62,240737.31
378,67.77,10.27,0,2083.2,183595.8,90.75,62.91,101557862.4,1595798.6,749650,68.35,13.01,26214.4,1948.8,125627.2,73.97,25.8,819.53,124375.75,246755.9
379,68.18,10.27,0,6808.2,181053.4,89.08,69.4,97771520,970783.4,2282486.8,68.97,13.01,26214.4,3987.8,126969.2,74,25.79,2457.6,125228.4,243976
380,69.32,10.28,0,2310.8,179145,100,71.29,149232025.6,318843,4738851,68.42,13.01,26214.4,3717.2,130572.4,73.83,25.8,0,122041.2,240955.2
381,67.98,10.28,0,2764.4,182150.4,100,69.46,147409305.6,312936.2,4651536.6,68.97,12.93,72089.6,2790.8,126735,73.6,25.8,0,123581,243287
382,69.15,10.28,0,2283.4,179320.4,100,69.77,145041817.6,372640.2,3128640,68.2,12.93,31129.6,3482.2,130137.4,73.87,25.81,2457.6,123522.4,243879.2
383,67.95,10.28,0,2224.71,181101.96,100,69.71,128990412.8,3081379.4,706412.4,68.27,12.93,26214.4,3131.6,128527.6,73.65,25.81,0,128031.4,250000
384,68.6,10.28,0,2321.73,176898.16,100,70.63,122473676.8,4192405.4,739153.4,68.92,12.93,26214.4,1774,125666.8,73.73,25.81,2457.6,118492.4,238337.4
385,68.6,10.28,0,2163.6,181259.2,90.25,64.15,129077248,3997473.8,919499.4,69.08,12.92,58982.4,9158.8,145203.8,73.85,25.81,819.2,121326.8,240168
386,67.75,10.28,0,2163,179021,100,70.34,129616281.6,314204.2,4568982.4,68.5,12.9,21299.2,3334,128174,73.88,25.8,4096,125449.8,244810.6
387,68.35,10.27,0,2986,181934.2,100,72.29,127220940.8,310094,4648626.6,68.83,12.91,34406.4,9158.6,135559.4,73.93,25.8,7372.8,123331.2,242766
388,69,10.27,0,2349.8,179393.8,100,69.64,128838860.8,1451338.4,843821.6,69,12.91,6553.6,8969.4,141612.2,73.77,25.8,32768,123860.8,242812.4
389,68.07,10.28,0,2532.2,182075.2,100,69.41,128380928,4571997.2,743793.4,68.63,12.92,19660.8,3305.8,127403,74.12,25.81,7372.8,128213.6,252613.8
390,68.1,10.28,0,2419.6,184974.4,99.98,64.13,127239782.4,4178245.4,716813.2,68.75,12.92,21299.2,8420.8,136211.2,73.9,25.8,2457.6,120428.8,237863
391,67.89,10.27,0,2235.92,175306.43,88.4,71.68,123675443.2,1734933.8,2668359.6,68.65,12.95,127795.2,7704.8,139393.6,73.75,25.8,0,117643.8,236713.4
392,68.53,10.28,0,2706.25,181812.78,100,70.02,115358924.8,307952.8,4649326.8,69.07,12.97,16384,7517,131999.2,73.68,25.8,6553.6,123913,243886.8
393,68.5,10.28,0,2219.6,178230.8,100,70.37,114710937.6,317326.2,4703482.4,68.72,12.96,94875.4,3687.1,134056.51,74.1,25.8,4096,127530.2,251792.6
394,68.1,10.28,0,2109.2,180545.8,100,67.07,126571315.2,425827.2,2718960.6,68.1,12.96,45948.72,3253.61,127037.46,73.52,25.81,0,127273.2,250459.6
395,68.7,10.29,0,2188.2,176126.4,100,70.31,128512819.2,4414678.4,738440.6,68.82,12.98,80281.6,4521.8,130705,73.5,25.81,0,118559,238646
396,68.37,10.28,0,2194.6,180657.8,100,70.5,123088896,4177350.2,909203.4,69.43,12.98,81920,3760.6,131601.6,73.77,25.8,3276.8,125643.8,246658.4
397,67.73,10.28,0,2024.2,181887,95.18,65.19,128622592,3660427.2,885609.8,68.4,12.97,39282.32,2964.84,127787.41,73.78,25.8,819.2,123594.6,243930.6
398,69.13,10.28,0,2358.2,177180.2,100,68.59,127104614.4,309993.8,4700010.8,68.28,12.97,90202.2,2014.61,128496.7,74.07,25.79,4096,122683,246953.2
399,68.48,10.28,0,2596.8,178991.6,100,71.41,110927052.8,317941.8,4672269.2,68.32,12.97,26214.4,1905.4,126869.2,73.72,25.81,0,120432,237865.8
400,68.15,10.28,0,2308.2,180879.6,100,69.17,114035097.6,2658784,734482.6,69.65,12.98,26214.4,3433,128425.8,73.87,25.82,0,126204.6,248894.8
401,68.88,10.27,0,2330.6,180916.8,100,69.71,128320307.2,4195372.4,714554.6,68.1,12.98,26214.4,3040.2,128694.6,73.83,25.8,2457.6,126824.6,252020.4
402,68.02,10.28,0,1912.4,177975.4,99.13,64.83,117115289.6,4142534.2,726826.4,68.28,12.97,26214.4,3466.6,131370,73.57,25.81,0,125710.4,243589.2
403,68.05,10.27,0,2241.2,180638,91.52,63.51,124617523.2,1694373.8,1458932.8,68.77,12.97,29491.2,3857.6,128580.2,73.77,25.81,0,124012.8,241812.4
404,68.83,10.27,0,1939.6,178347,91.47,63.4,99171532.8,309597.6,2044271.6,69.77,12.91,34406.4,4252.2,131700.4,74.2,25.81,2457.6,129793.4,255616.2
405,68.45,10.28,0,2792.6,181128.2,92.28,63.2,100830412.8,310477.2,2034610,68.22,12.92,173670.4,3681.6,128670,73.77,25.82,0,123424.2,243207.6
406,70.03,10.26,21299.2,2764.6,176586.8,92.6,63.25,98473574.4,552354.4,1345579.6,68.22,12.92,26214.4,1968,125390.8,73.83,25.81,0,117987.2,238218
407,67.83,10.25,13107.2,2222.2,181134.4,91.35,63.37,102938214.4,1684720.2,906908,69.25,12.93,26214.4,1768.4,125981.6,73.75,25.8,43417.6,122857.6,244892.2
408,69.23,10.25,0,2209.2,179608.6,95.6,63.46,95366348.8,1608647.4,747133,68.92,12.93,26214.4,3185,131025,73.77,25.78,3276.8,124125.8,245204.2
409,68.32,10.24,0,3286.2,182265.8,92.57,63.89,79059353.6,1291981.6,922741.8,68.3,12.93,26214.4,3295.4,126871.6,73.47,25.78,0,123347.8,240367
410,68.05,10.25,1638.4,2726,179002.2,91.72,63.79,104906752,314720.8,2057673.2,68.78,12.94,44236.8,2231,126251.4,73.83,25.78,5730.96,121095.34,242621.63
411,68.45,10.25,19660.8,2248,180821.8,92.62,64.04,100216832,305994.6,2034674.4,68.43,12.94,80281.6,2027.6,126160.8,74.1,25.78,44263.36,122702.42,244863.52
412,68.87,10.26,155648,2069,176030,90.67,63.96,101549670.4,312344,1860034,69.17,12.96,52428.8,9035.4,142568,73.8,25.79,4096,122420.8,244161.6
413,67.97,10.26,47513.6,1952.6,180680.8,91.35,65.43,112658841.6,1404708.2,707830.8,68.07,12.97,58982.4,3251.4,129917.2,73.71,25.8,0,123611.96,242045.38
414,68.02,10.26,4915.2,2478,179212.4,95.18,64.27,102077235.2,1603334.4,738734.2,68.49,12.96,14736.76,7106.74,130935.04,73.89,25.79,9014.81,122763.11,244256.3
415,68.33,10.26,0,2140.2,181156.8,95.05,62.09,106743398.4,1608157.6,743761.4,69.93,12.96,24590.75,7707.82,141943.37,74.05,25.85,97484.8,121731.4,242808.8
416,68.13,10.26,0,2434.2,179231.2,94.43,69.71,103081574.4,527418,3678958,68.5,12.96,44236.8,3420.2,130670.2,73.93,25.8,13107.2,125764.6,245780.2
417,68.28,10.27,0,2241.6,180598.8,100,67.63,143853158.4,313180,4665879.4,68.88,12.97,8192,8438.8,133949.8,73.77,25.8,0,123620.6,245082.6
418,68.85,10.27,0,2279.6,176589.8,100,70.54,146749849.6,853333.8,1951300,68.65,12.97,18022.4,7915.6,136267.2,73.97,25.8,0,119389.2,238353
419,67.93,10.25,0,2414.6,178662.8,100,72.19,136087961.6,4606675.4,737447.8,69.15,12.98,19652.94,7372.25,133937.82,73.59,25.79,2456.62,119599.36,238905.04
420,69.5,10.26,0,1857.8,180692.2,100,72.36,119354982.4,4127849.2,704940,68.4,12.97,116372.95,3633.85,130910.36,73.84,25.79,2455.64,123022.18,240144.08
421,68.22,10.26,0,3334.2,178982.8,87.7,63.82,128387481.6,2735416.8,1211562.8,68.95,12.98,29491.2,1787.4,126135.8,73.97,25.79,9022.03,123476.97,246501.6
422,69.33,10.26,0,3412,181319.2,91.37,64.16,113020928,307938.2,2059113.4,69,12.98,26214.4,5795.6,126014.8,73.55,25.8,3276.8,119777.4,238699.8
423,67.78,10.27,0,2179.2,175988.4,92.38,64.07,96277299.2,316059.8,2059449.4,68.52,12.99,40960,5613,128326,74,25.8,0,122537,242980
424,67.98,10.27,0,2435,180881.6,91.12,64.2,105518694.4,310668.2,1669425,69.2,12.99,47513.6,1924.8,126361.6,73.93,25.8,2457.6,117542.4,234645.8
425,68.93,10.27,0,2126.8,178758,94.8,64.37,98116403.2,1588209.2,732823.4,68.08,12.98,26214.4,1899.8,128646.6,73.63,25.79,0,119478.4,238694.8
426,67.82,10.29,0,2070.6,184304.6,96.95,64.49,98396569.6,1599738,710908.6,68.62,12.96,26214.4,3126.8,129585.6,73.83,25.8,0,128046.4,249931.8
427,68.07,10.29,0,2195.2,175830.8,85.67,61.97,94221107.2,1601280.8,744427.6,68.22,12.97,77004.8,3309.4,128406.6,73.93,25.8,0,125151.6,246341.4
428,68.93,10.29,0,3271.2,184426.8,98.08,71.11,91315404.8,356949.2,4194080.8,69.05,12.97,26214.4,4460.4,126927.6,73.65,25.81,3276.8,128063.4,241858.4
429,68.22,10.3,0,2309.8,173867.4,100,68.39,127810764.8,316280.2,4695095.4,68.18,12.97,36044.8,3533,127289.6,73.56,25.8,0,126874.45,249918.83
430,69.04,10.29,0,1892.26,180699.18,100,69.34,128475955.2,320559.4,4897876,68.66,12.98,26203.92,3879.05,131180.33,73.89,25.79,2454.16,124683.64,245890.15
431,67.75,10.29,0,2267.76,179352.01,100,70.44,124929638.4,4420963.8,712536.4,68.62,12.98,26224.89,3066.03,129468.39,73.66,25.79,0,122704.19,240737.23
432,69.32,10.28,0,3216.8,180552.8,100,67.4,123074969.6,4162883.2,730947,68.78,12.98,26214.4,1703.4,125665.2,74.08,25.8,819.2,120304.4,242362.8
433,67.7,10.29,0,1903,180404.2,77.28,62.84,120088166.4,2139492.6,729773.2,68.57,12.98,26214.4,2501.4,126565.8,73.72,25.81,4096,120563.6,239567.2
434,69.3,10.29,0,2252,175991.6,72.97,62.85,295731.2,312339,736904.8,68.32,12.98,26214.4,2967.8,126916.6,73.77,25.81,0,123111.4,243181.4
435,67.9,10.28,0,7097.4,181213.6,72.55,62.92,348160,307958.6,736869.6,69.18,13,26214.4,4105,128220.2,73.95,25.8,0,127606.2,249009.6
436,68.02,10.28,0,2083.8,178514,77.75,63.06,58982.4,311845,736129.8,68.93,13.03,32768,4926.2,130801.6,73.55,25.8,2457.6,121095.4,236950
437,68.98,10.28,0,1921.6,180479.6,76.05,63.18,326041.6,313219.4,737687.2,75.53,14.75,27852.8,3564.2,377099.2,74.07,25.79,0,127476.4,248523.2
438,67.83,10.28,0,2117.4,179136.6,73.53,61.86,7372.8,315597.4,746600.6,90.1,14.72,11121459.2,3021.2,1441143.4,73.75,25.79,3276.8,123391,244664.8
439,68.02,10.28,0,1917.6,180782,76.93,61.97,27852.8,310827.2,732357.2,87.53,14.67,11744051.2,3078,1389458,73.78,25.8,0,122217.6,238456.4
440,69.48,10.29,0,2307.8,176919.8,80.57,62.11,380108.8,323646.8,790082,90.23,14.73,23555276.8,4065.6,1176046.6,74.08,25.8,0,125445.6,248621.6
441,67.98,10.29,0,2050,181087.6,77.7,62.2,203980.8,318213,935482.4,91.38,14.75,23071948.8,1049070.4,124632.6,73.67,25.79,0,120361.2,241701.2
442,68.63,10.29,0,2025.8,178611,79.15,62.12,28672,309293.8,816756.4,78.87,14.79,12691046.4,1236922.2,126313,73.82,25.8,3276.8,120270,241631.8
443,68.53,10.29,0,2554,181943.8,76.32,62.16,344883.2,308244.6,722451.4,74.67,14.8,2936012.8,1302104.4,129416.8,73.67,25.79,819.2,120287.8,237759.4
444,69.28,10.29,0,2524.8,179875.6,76.13,62.09,35225.6,315922,953714.2,82.87,15.34,2726297.6,243318.6,865126.8,73.97,25.8,5734.4,123872.4,248431.6
445,67.88,10.28,0,1810.6,180532.4,78.8,62.23,1042841.6,317126.6,773657.2,86.65,16.43,2306867.2,2598.6,1409735.2,73.53,25.81,0,121746,240517.8
446,69,10.29,0,2333.2,176857.8,74.5,62.25,42598.4,312076.6,733365.8,87.55,16.44,2516582.4,3341.6,1435687.8,73.93,25.81,0,122374.4,242370.2
447,68.1,10.29,0,3034.4,181534.4,77.88,62.37,1347584,316564.6,783540.4,90.8,15.05,2516582.4,168555.8,128447,74.03,25.8,0,123425,246381.8
448,68.95,10.29,0,1954.8,178590.6,81.5,62.43,978944,313900.8,791612.6,87.1,15,2400256,1258862.4,123269.2,73.73,25.8,4915.2,114837.6,231609.6
449,67.9,10.29,0,2074.6,180660.2,77.3,62.04,33587.2,306540.2,778087.6,73.63,12.95,3999334.4,961095.2,132951.6,73.45,25.8,0,120144,238901.4
450,68.15,10.3,0,2047.6,178961.2,71.98,61.99,113049.6,305831,738659.4,86.07,22.96,13613465.6,3206.6,123040.6,73.82,25.81,0,121971,243320.8
451,68.85,10.3,0,2301.2,184552.2,72.12,62,18022.4,300352.4,712621.8,100,25.06,11178803.2,3746.4,1220246.4,73.82,25.8,2457.6,127508.4,248946
452,68.23,10.3,0,2039.6,172922.2,71.82,62.03,19660.8,303364.6,733497.6,99.9,25.06,12802457.6,3203.6,3970475.8,73.67,25.81,0,122988.2,243478.6
453,68.37,10.29,0,2225.4,181209.2,71.48,61.97,679116.8,309687.6,903863.6,99.97,18.28,20586496,3386,4017389.8,74.08,25.81,0,127300.8,249163.6
454,68.4,10.28,0,1920.2,178100.8,77.18,61.95,9011.2,305221,735532.4,99.95,22.34,13747814.4,2148.2,2906773,74.12,25.81,4915.2,121743.6,241421.8
455,68.58,10.29,0,2167.6,180867.2,74.42,61.97,4096,305516,709497.4,99.98,23.14,12199526.4,1437,125793.8,73.92,25.8,0,117414.8,233448.2
456,67.92,10.29,0,2241,179242.8,71.27,61.96,12288,307059.8,729942.8,85.48,16.28,2763980.8,2375723.6,126066,73.72,25.81,2457.6,119464.6,238776
457,68.93,10.29,0,2619.6,181238.2,71.55,61.94,161382.4,300327,698906.2,71.35,16.3,2516582.4,3723924.4,125647.4,74.03,25.82,0,123647.6,247353.6
458,67.97,10.29,0,2146.4,176014.4,71.55,61.91,27033.6,306037.6,734215.2,70.4,16.27,2516582.4,4136315.2,125951.2,73.92,25.81,0,119471,238359.4
459,67.83,10.27,0,2103.8,180615.8,71.28,61.96,639795.2,297909.6,707638.4,86.78,17.32,2516582.4,784773.4,1029688.4,73.63,25.81,3276.8,116134.8,232695.4
460,69.1,10.28,0,1882,178349.4,73.93,61.95,43417.6,301163.2,699819.8,78.87,17.98,2290483.2,3145.2,1421928,73.83,25.81,0,124015.6,242173.8
461,67.72,10.28,0,2078.2,180195,77.8,62.12,13107.2,317656.8,971717.2,77.63,17.99,2532966.4,3165.6,1418397,73.78,25.81,0,127023,250554.8
462,68.1,10.29,0,2156.6,179035.4,76.33,62.16,348160,311265,743111.6,77.22,18.03,2318336,445875.6,509966.4,73.62,25.81,4096,124518,243837.6
463,68.82,10.29,0,2132.6,180456.2,75.47,62.19,79462.4,314614.8,779804,77.58,14.85,3568435.2,1330690,127758.4,73.72,25.81,0,124759.4,246859.8
464,67.95,10.29,8192,2060.6,175828.4,71.45,62.19,66355.2,310416.4,907066.6,77.08,14.85,3578265.6,1274851.4,125794.8,74.1,25.81,16384,121960.2,241315.2
465,69.02,10.29,0,1909.8,178518.4,77.13,62.29,338329.6,300313.4,719114.6,71.34,14.85,4844520.07,781363.89,130428.8,73.48,25.79,2457.6,119617.2,236637.6
466,68.65,10.29,0,2793.2,181491.6,74.83,62.25,17203.2,304968.6,705460,68.66,14.84,2310101.34,3122.57,129356.7,73.72,25.8,0,124692.6,242802.8
467,68.52,10.29,0,2044,179167.2,73.65,62.13,9011.2,307483.2,729468.8,69.35,13.23,9455206.4,2694.8,126824.8,74.1,25.8,0,123654.8,246718.6
468,68.45,10.29,0,2093,180667,73.48,62.15,54067.2,306731.2,817720,68.4,13.24,5111808,3166.4,126918.4,73.65,25.81,2457.6,121799.4,238533.4
469,68.33,10.29,1638.4,2237,176397.4,73.2,62.18,193331.2,305493.4,782148.4,70.6,14.74,9157017.6,3388.4,127585.6,73.78,25.81,0,125173,246334
470,68.03,10.28,0,2168.6,181006,73.73,62.17,255590.4,308323.8,800473.2,80.93,14.89,12217548.8,3334.4,127299.4,73.88,25.8,9830.4,128024.6,248920
471,67.68,10.28,0,2174.6,178856.2,76.82,62.15,598835.2,305977,730005,76.67,14.93,18004377.6,3405.8,130329.2,73.92,25.8,0,119796,235929.2
472,68.55,10.29,0,2133.6,181063,75.08,62.19,70451.2,301628,703153.8,76.18,14.94,2516582.4,3217.6,127956.6,73.87,25.8,2457.6,128228.8,250428.6
473,68.77,10.27,0,2585,179426.2,71.78,62.16,5734.4,302405,723299.4,76.28,14.94,3145728,3220,129956.4,73.9,25.81,0,124230.2,245249.2
474,67.88,10.28,0,2705.6,180863,71.52,62.22,20480,302510.4,707592.8,76.03,14.95,4194304,2306.2,126474.4,73.68,25.81,0,117443.8,239029.6
475,68.95,10.28,8192,2497.2,176626.2,71.72,62.2,634060.8,306018.2,733358.4,75.8,14.92,3774873.6,2266.6,125799.6,73.93,25.81,3276.8,122256,238624
476,69.42,10.28,18022.4,2186.6,181073.8,73.63,62.16,76185.6,312408,1003998.4,67.92,14.93,2354380.8,2121.8,126364.8,73.62,25.8,1638.4,122573,243119.6
477,67.65,10.28,9830.4,2089,181848,81.05,62.27,5734.4,314279.6,984623.8,69.6,14.92,5247795.2,2102.6,1162531.8,73.82,25.8,0,117089,235165.8
478,68.67,10.29,0,3157.8,178838,77.58,61.95,31948.8,308621.4,789370.6,70.77,14.92,3571712,2410.2,1441170,73.5,25.81,3276.8,121145.4,241721.8
479,68.98,10.29,0,2046.4,178719.2,73.18,61.97,109772.8,308052,764792.4,70.08,14.91,5033164.8,2171.2,1390579.6,74.2,25.81,0,121982,240926
480,67.72,10.29,0,3548.8,181610.4,72.83,62.06,539852.8,303222,797008,69.77,13.45,2726297.6,1282798,128020.8,73.63,25.81,0,123374.6,241358
481,68.13,10.3,98304,3489,176342.4,72.87,62.11,16384,307405.2,765745,69.9,13.46,2306867.2,1286353.6,127507.2,73.95,25.81,3276.8,126363.6,246566
482,68.98,10.3,6553.6,2359.6,181535.4,71.13,62.23,88473.6,301332.4,735540.2,79.72,15.15,17381785.6,666005.6,622902.4,73.65,25.8,0,126627,245063.6
483,68.33,10.3,0,1954.6,178735.8,77.77,62.13,13926.4,303804.2,744744,88.15,15.15,26763264,3074.8,1427363.8,73.75,25.8,0,121985.6,240914
484,68.73,10.3,0,2016.2,184275.4,75.85,62.09,13926.4,304456.8,750933.8,88.8,15.16,34621030.4,3256.4,1422559.8,73.9,25.8,4915.2,128180.4,250150.8
485,68.05,10.3,0,2062.8,175572.6,73.1,62.08,23756.8,307966.4,752233.6,92.33,15.16,32707379.2,3525.6,914468.8,73.77,25.8,0,122866.2,242307.4
486,68.92,10.3,0,2126,180679.2,72.08,62.12,589824,305670.8,714870,90.05,15.17,36551065.6,159112.8,126386.6,74.03,25.8,819.2,129152,252388.4
487,68.22,10.31,0,3287.6,176674,74.83,62.18,224460.8,310943,849255.8,88.37,15.35,38915276.8,1400586.4,130148.8,73.75,25.8,2457.6,126178.8,249658.4
488,67.93,10.31,3276.8,2074.6,180934,73.93,62.12,51609.6,312350.6,1016767.2,81.25,13.81,29407641.6,1281101.2,139421.2,73.83,25.8,0,124614,240144.2
489,69.07,10.31,0,2252.8,178601,76.98,62.1,4915.2,304655.6,734320.4,69.05,13.83,40961638.4,951052.2,133844.8,74,25.8,0,115689.4,232452
490,68.42,10.31,0,2699.8,181986.4,76.17,62.1,14745.6,302950,709901.6,83.18,20.87,34226176,1730.6,1559227.6,74.03,25.82,0,120267.4,242414.8
491,68.5,10.31,0,2292.2,179013.4,71.5,62.14,32768,306790.6,739930.8,99.97,27.13,28033024,2084,3871403,74.42,25.84,5734.4,123413.6,243735
492,68.15,10.31,0,1987.2,180416,71.25,62.15,135168,297796.6,707556.8,99.97,27.14,38125568,3618.8,4094963.8,73.68,25.85,60620.8,126153.6,248935
493,68,10.31,0,2329.2,176812.2,73.33,62.3,606208,308010.6,751773.6,99.95,22.1,35166617.6,3495.6,2585381.4,73.88,25.84,3276.8,122973.8,245173.8
494,68.07,10.3,0,2045,181040.2,72.73,62.3,309657.6,303906,744326.8,99.92,24.06,33765785.6,1912402.8,129721,73.72,25.83,0,118016,237511.6
495,68.83,10.3,0,2049.6,179153.6,76.88,62.31,337510.4,309749,757387.6,99.98,24.65,5483724.8,4163433,126484,73.78,25.83,2457.6,123622.6,242170
496,68.07,10.31,0,6886,181692.4,72.83,62.27,5734.4,310025.4,755676.8,88.32,20.48,8912896,3877233.4,130736.4,73.65,25.84,819.2,123612.4,243526
497,67.95,10.31,0,2126.4,179236.6,73.33,62.41,56524.8,298754,743201.4,85.87,29.86,6643712,1046217.2,1918908.2,73.83,25.84,4096,122070.2,243466
498,69.12,10.32,0,2277.2,180759.8,73.28,62.32,308838.4,315298.6,760807.4,99.95,31.69,3181772.8,1954,4071777.8,73.9,25.82,11468.8,118657.6,239559.8
499,69.38,10.32,0,2256.8,179766.8,71.48,62.33,49971.2,301360.4,890790.4,99.98,31.7,2516582.4,2131.2,3937956.4,73.87,25.82,0,122785.4,244414
500,68.87,10.32,0,2176.2,179039,77.15,62.41,6553.6,313495.2,743695.8,99.98,29.37,2510056.25,1820.87,2165103.13,73.72,25.83,0,116443,233601.8
501,68.15,10.31,0,2255.6,184046,74.4,62.39,589004.8,299087.4,697831.2,100,27.91,1976133.15,3408.46,140359.94,73.77,25.83,2457.6,123712.8,243233
502,68.1,10.33,0,2251.8,175931.4,72.8,62.43,7372.8,303516.2,722498.6,99.97,29.41,1969356.8,1549.2,127881.4,73.92,25.83,5734.4,122545,245866.4
503,68.58,10.33,0,2487.4,181120.6,71.67,62.33,5734.4,305955.2,709836.2,84.93,21.84,1739980.8,1959.6,124113.6,73.92,25.83,45875.2,120109,238676.6
504,68.55,10.34,0,2470.8,176352.2,71.57,62.32,62259.2,304055.8,721201.6,68.45,18.57,2306867.2,3285.8,127500,73.97,25.83,9011.2,125859.4,247768.4
505,67.93,10.33,0,2445.2,180848.2,71.07,62.33,190873.6,305927.8,710595.6,68.52,15.29,6959923.2,3268.6,128313.8,73.82,25.82,3276.8,123270,241000.6
506,67.72,10.33,0,2212.2,178541,76.62,62.33,11468.8,302537.8,719092.6,68.08,11.98,13518438.4,3173.8,130466.4,73.72,25.84,1638.4,122697.2,241846.8
507,68.02,10.33,0,1883.4,180265,74.22,62.32,627507.2,305276.4,707815.8,69.48,11.95,21277900.8,2021287.8,128359,73.67,25.84,3276.8,124543,243896.6
508,68.48,10.31,0,2506.2,179458,71.15,62.3,8192,303696.4,722459.2,70.18,11.92,11978342.4,4033109,130291.8,73.8,25.85,2457.6,127248.6,250920
509,68.5,10.31,0,2070.8,184264.8,70.63,62.33,6553.6,303898.8,704075.6,70.98,11.88,18808832,3804722.2,127215.4,73.8,25.85,0,118980,236153.6
510,68.2,10.32,0,2186,173175.6,71.9,62.28,25395.2,305598.6,725400.6,70.33,11.89,11909529.6,3830137.2,127473.4,73.87,25.84,2457.6,125029.8,246805.2
511,69,10.3,0,1961,181200.8,71.23,62.31,33587.2,309045,911197.6,69.85,11.91,6841958.4,1608448,126157.6,73.87,25.83,819.2,122366.4,243564.4
512,67.83,10.3,0,2243.2,178614.8,76.85,62.34,135168,299362.8,713546.2,68.25,11.89,8480358.4,1888.4,128459.4,73.88,25.82,0,118988.6,238370.8
513,68.3,10.31,0,2059.4,180928.2,74.8,62.29,583270.4,310910.2,718394.4,68.62,11.89,15360000,3315.6,130704.4,73.62,25.82,3276.8,123159.8,240176
514,68.1,10.29,0,2263.2,179137.2,71.1,62.31,11468.8,303699.6,730759.2,81.55,19.78,10988748.8,2193.2,127037.4,74.05,25.83,1638.4,121040.6,242426.8
515,68.6,10.3,0,2036.6,180460.6,70.85,62.29,9830.4,299105.2,697876.2,99.98,22.74,7616921.6,3160,128687.2,73.68,25.84,0,126220,247160.8
516,68.27,10.3,0,2362.8,176560,71.87,62.32,27033.6,305140.6,723806.6,99.9,23.53,15772876.8,3415,128145.4,74.03,25.83,0,126131.2,248738.2
517,68.22,10.3,0,2145.8,180534.4,71,62.35,29491.2,302818,706238.4,99.98,24.79,5690163.2,3324.2,3973705.4,73.97,25.83,2457.6,125618.4,245684.6
518,67.9,10.3,0,2081.8,178645.8,75.78,62.33,132710.4,305283.8,724463.8,100,25.15,3773235.2,2187.4,4042692.6,73.88,25.82,1638.4,122531,241804.8
519,69.13,10.31,0,1838.4,180179,74.57,62.33,13107.2,304722,713116.2,89.7,18.26,4412211.2,133303.4,2060464.8,73.92,25.82,2457.6,124647.2,246699.2
520,67.62,10.31,0,2151.4,179088.6,71.03,62.33,594739.2,307343.4,730546.6,69.88,18.15,2936012.8,4051256.6,127567.6,73.83,25.82,0,123836,244631.6
521,68.28,10.31,0,1995.6,180172.4,71.52,62.42,9011.2,299382.6,697236,70.67,18.21,2516582.4,3700284.4,125965,73.65,25.82,0,120318.6,239537.8
522,69.35,10.31,0,2141.8,176053.2,71.33,62.47,33587.2,301621,717424.2,70.8,18.18,2516582.4,3472549.2,126713.4,73.73,25.83,2457.6,121448.2,243853.4
523,67.73,10.32,0,2094.2,180860.6,72.18,62.16,140902.4,312527.8,909339,68.27,18.19,2097152,1992.4,127905.4,73.77,25.82,15564.8,120979.6,240154.8
524,67.83,10.32,0,2121,178857.6,76.17,62.13,45056,301403.6,724886.2,68.13,18.11,2523136,2062.8,128157,73.68,25.82,2457.6,119183.6,239184.4
525,69.1,10.33,0,2461,180908.4,75.12,62.1,4915.2,307404.8,712881.4,69.25,18.11,2162688,2348.2,125818.4,73.75,25.81,0,118053.6,234861.2
526,68.53,10.33,0,2763.4,179212,70.93,62.11,624230.4,306814.8,727349.6,68.52,18.12,5285478.4,3189.2,127151.2,73.6,25.83,0,124962.4,243426.8
527,67.85,10.32,0,2108.6,180848,70.9,62.12,11468.8,301188.4,705615.2,91.73,13.27,20132659.2,3125.2,1330790.4,74.02,25.84,0,122420,243165.2
528,68.38,10.33,0,2739.6,176525.2,71.18,62.21,28672,305294,724812.8,88.27,13.47,11748966.4,3499,1422593.2,74,25.83,3276.8,126969,247683
529,68.05,10.32,0,2210.6,180724.2,70.88,62.11,159744,303593.4,705282.6,91.18,13.34,15080020.77,3680.85,1409742.56,73.73,25.83,0,121365.4,238889
530,68.97,10.32,0,2077.2,178550,73.67,62.11,6553.6,298680.6,694329,90.25,13.34,13235502.5,801402.56,214442.82,73.67,25.84,0,126585.8,246622.2
531,67.85,10.32,0,1994.4,180303.8,71.53,61.73,579174.4,306910.6,730881.8,88.73,13.29,10167910.4,1267345.2,130119.8,73.82,25.85,2457.6,127281.6,250889
532,67.97,10.3,0,2112.6,178200,70.82,61.77,175308.8,300118.2,698877.2,86.95,13.29,13038387.2,1272557.6,126445.8,73.82,25.85,0,117510.2,234704.2
533,69.03,10.31,0,1940.2,180436.6,71.37,61.82,20480,302378.6,726882.2,68.78,11.62,11467161.6,513290.4,125376.2,73.7,25.85,14745.6,120394.2,241794.8
534,69.15,10.31,6553.6,2177,176213,72.47,61.67,31129.6,312446.2,908353.6,69.48,11.63,13267763.2,1988.2,128045.4,73.88,25.85,21299.2,121927.4,242981.2
535,68.2,10.31,0,2128,180996.2,76.63,61.77,75366.4,302499.8,721747,68.65,11.54,20660224,1878,125519.4,73.8,25.84,0,114811.2,230350.2
536,68.07,10.29,9830.4,1901.6,180469.2,74.4,61.83,47513.6,305391.2,709616.4,69.73,11.78,17142579.2,8635.8,140699.4,73.77,25.84,0,122272.8,240278
537,69.03,10.28,6553.6,2191,179047.8,72.65,61.86,644710.4,302690.6,720828.4,68.57,11.8,11331174.4,2090.8,128474,73.75,25.84,2457.6,124466.2,247779.4
538,67.75,10.28,0,2127,180290.8,70.78,61.86,35225.6,303266,703704,69.22,11.8,15527116.8,8429.2,132080.8,73.75,25.85,819.2,123985,242413
539,67.93,10.29,37683.2,2133.2,175785.4,72,61.86,67174.4,300911.2,715870.8,68.35,11.81,11955404.8,2990.8,126565,73.77,25.85,819.2,123758.6,243914.2
540,68.88,10.3,0,3486.2,180886.8,70.85,61.84,49971.2,307497,727033.6,68.77,11.82,15730278.4,2406.6,125770.8,74.1,25.84,3276.8,120684,238427.8
541,68.1,10.31,0,3452.8,181632,76.27,61.87,7372.8,301050.2,733713.8,68.5,11.83,15720845.89,7243.65,128548.87,73.62,25.84,0,115930.4,234293.4
542,68.43,10.31,3276.8,2044.8,177262.4,73.92,61.86,89292.8,305647.4,709526.8,69.18,11.72,19844738.84,1825.7,125013.41,73.75,25.84,0,121723,237570.2
543,68.03,10.32,0,2010.4,182132.6,71.03,61.87,650444.8,305305.2,725269,68.55,11.74,18874368,3042.8,129086,73.88,25.85,2457.6,124553.6,245671
544,68.78,10.32,0,2308,177245.4,71.63,62.02,9011.2,300040,697865.4,68.22,11.74,22616473.6,2821.6,126483.8,73.95,25.85,0,117355,233824.2
545,67.68,10.33,0,2039.6,179105.8,71.22,61.95,77824,304562.2,730255.2,69.72,11.77,6755123.2,9249,141611.6,73.67,25.86,3276.8,120139.4,241516.4
546,68.77,10.33,0,2245,177616.8,72.45,62.01,45056,312769.8,914713.2,68.95,11.77,21482700.8,3018.4,127144.6,73.72,25.85,3276.8,128429.6,249637.6
547,68.78,10.33,0,2983.4,178688,78.29,62.04,57286.71,306222.98,772299.1,68.75,11.77,24385945.6,10667,136582.6,73.73,25.85,18022.4,124919.6,238215
548,67.9,10.32,0,2240.8,180217.2,76.13,61.93,7380.18,308711.51,712913.31,68.57,11.77,27962572.8,2908.2,126827.8,73.92,25.85,2457.6,121634.2,240390
549,67.85,10.31,9830.4,1955.2,178625.4,71.85,61.92,587366.4,308681.8,751641.2,70.07,11.71,33293926.4,1642.8,128418,73.75,25.86,2457.6,119640.4,241116.8
550,68.63,10.32,0,2416.6,180769,72.92,61.94,6553.6,300140,735140.2,69.01,11.6,32593041.12,1822.55,125936.93,73.9,25.85,4096,119314,237068.8
551,92.37,20.44,18022.4,2702.6,2882648.8,71.6,61.98,16384,300119,725082.2,69.46,11.64,20189422.04,4105.01,128230.66,73.68,25.85,0,119800.2,241111.6
552,99.98,23.63,50783846.4,2905.6,4043700,71.5,61.97,394854.4,303009,711125.6,68.32,11.58,29491.2,3306.8,130623.6,74.17,25.84,2457.6,124272.8,242859.4
553,99.98,20.89,75369676.8,1838.8,4123087,84.57,62.06,226099.2,331559.2,970210.8,68.53,11.58,26214.4,3150,127642.8,73.48,25.84,15564.8,120005.8,237130.4
554,100,19.76,69713920,2126.6,1265000.6,82.58,62.21,74547.2,312107.2,813528.6,69.02,11.59,26214.4,3628.4,130415,73.83,25.84,0,130274.8,253897.6
555,100,16.85,34493235.2,6956.2,182437.6,76.12,61.92,583270.4,311635.2,782194.2,67.95,11.59,26214.4,4150.8,128071,73.77,25.84,2457.6,124237.2,242576.6
556,99.93,18.97,46582988.8,132393.4,177345.2,75.27,62,25395.2,310193.4,742513.4,68.42,11.58,26214.4,3196.8,127089.8,73.75,25.84,2457.6,127307.6,248308
557,80.82,10.52,44195840,4067783.2,182375.8,78.2,62.12,63897.6,316558.2,794552.2,69.22,11.58,72089.6,3005.8,129980.4,73.87,25.84,0,121914.4,240846.4
558,71.83,10.44,38813696,3755652.8,177710.6,75.23,62.31,95027.2,319659.6,970209,68.13,11.58,26214.4,3596.8,128752.4,73.98,25.84,19660.8,127260.4,246936.2
559,72.98,11.62,48085401.6,3149840.2,243967,77.17,61.96,77004.8,304600,724443,69.45,11.58,26214.4,3013.2,128434.6,73.73,25.84,13107.2,123190.8,242933.2
560,99.77,17.02,63835340.8,2058.4,2758774,76.45,61.91,70451.2,302074.2,720299.2,68.15,11.58,26214.4,1884.6,128770,73.88,25.85,0,124050.2,244036.4
561,97.85,16.91,72309145.6,1899.4,2757367.2,72.33,61.93,185139.2,307770.4,770301.4,69.08,11.58,26214.4,1683.6,126230,73.88,25.86,34406.4,120188.6,239179.4
562,95.95,13.79,59542732.8,2224,2687739.4,71.6,61.93,634880,299127,703902.2,68.25,11.58,26214.4,2040.2,125454.2,73.98,25.85,5734.4,122558.8,245557.6
563,93.92,15.77,61025484.8,152228.6,175951.6,71.57,61.93,19660.8,303294.2,726998.6,69.05,11.59,26214.4,2119.8,126783.6,73.92,25.86,2457.6,119583.4,236992.8
564,99.7,17.4,56062771.2,2791853.2,181324.4,72.22,61.92,13926.4,304289.6,707570.4,68.53,11.57,26214.4,2052.2,128808,73.65,25.85,0,117460.4,236188.2
565,98.38,17.02,57494732.8,2537117.6,178378,76.85,61.9,13926.4,308613.6,800342.2,68.35,11.57,26214.4,2684.2,127471,73.7,25.85,0,125526.4,244889.2
566,75.78,16.41,65452441.6,1992842.2,532495.8,74.95,61.97,145817.6,310853.8,924587.2,68.6,11.58,26214.4,3294.2,130117.4,73.65,25.85,1638.4,125264,247201.6
567,99.05,20.35,7340032,2114.6,2775688.4,72.18,61.95,616857.6,306419.2,755843.2,68.45,11.58,26214.4,3024.4,128380.6,73.73,25.86,3276.8,123921.6,246025.2
568,99.78,15.1,26401177.6,2216.8,2727864.8,71.83,61.93,73728,307139,737790.6,69,11.58,26214.4,1831,125934.8,73.75,25.85,4915.2,120461.8,242493
569,99.72,16.6,61833216,2108.4,2413845.6,71.8,61.87,2532966.4,306275.4,900947.4,68.58,11.58,26214.4,1693,128419.6,73.77,25.84,0,120392.8,239506.4
570,97.9,17.06,70487244.8,2631889.8,178453,78.28,61.88,8192,311958.6,775977.6,67.95,11.58,26214.4,2700.4,126563.4,73.5,25.84,2457.6,115083.2,235893.8
571,92.65,17.05,71881523.2,2581811,184458.8,76.13,61.93,22937.6,302210,709029.6,69.25,11.58,26214.4,2058.8,125941.2,73.83,25.85,0,120415,234412.4
572,78.23,15.41,61929881.6,1665942.2,501479.8,72.92,61.9,8192,304568.8,750526.8,68.43,11.57,31129.6,1985.4,128004,74.02,25.85,3276.8,120672.4,242278.6
573,90.4,15.06,49274880,2286.6,1463379.8,71.77,61.89,586547.2,301365,711738.4,68.73,11.57,27852.8,2001,126724,73.73,25.85,0,123577.8,243416
574,88.18,11.51,42637721.6,1974.2,1467392.6,71.63,61.91,160563.2,308611.8,740453,69.67,11.59,101580.8,9038.8,142260.6,73.93,25.85,2457.6,125108.8,247208.6
575,91.93,12.1,47228518.4,3146.6,1147638.2,71.83,61.95,38502.4,303694,709324,68.25,11.59,44236.8,3068.6,129175.4,73.88,25.85,0,129041.8,252551.8
576,92.83,12.11,21682585.6,250146.2,179312.2,77.03,61.66,75366.4,302259.4,724019.4,69.07,11.59,8192,9335.4,140984.4,73.7,25.84,3276.8,121665.2,239744.6
577,88.92,12.12,37992857.6,1407719,181101.6,75.88,61.68,25395.2,307075.2,711843.2,68.65,11.61,18022.4,8691.8,138837,73.82,25.84,0,124832.4,244820
578,82.85,12.12,62776934.4,1276101.2,179032.2,71.33,61.66,97484.8,302711.8,720496.8,68.95,11.62,18022.4,8712.2,135802.2,73.92,25.85,0,125342,247250.4
579,74.68,12.07,48231219.2,738956.6,368917.2,71.12,61.67,600473.6,299185,705099,69.82,11.64,26214.4,8438.4,141857.2,73.85,25.86,3276.8,125798.4,247052.4
580,90.7,12.09,24790630.4,1850.6,1460866.2,71.33,61.71,48332.8,306967.6,732804,68.03,11.65,36044.8,3272.8,130800.4,73.78,25.85,0,123960.6,245123.4
581,87.32,12.3,44505497.6,2261,1467224.4,71.92,61.93,81920,309228.2,904829.4,68.5,11.66,14745.6,8349.4,131636.6,74.02,25.84,16384,128348.4,250682.4
582,93.55,12.08,38181273.6,2114,1291633.8,75.87,61.93,22937.6,300739,719864.4,69.6,11.68,114688,3524.6,130926,73.7,25.83,7372.8,120332.8,238040.2
583,93.53,12.08,44512051.2,1072370.2,178991.6,74.88,61.94,6553.6,302797.4,704002.6,70.05,11.98,748748.8,2649.4,126883.6,74.05,25.85,0,121284.2,239479.8
584,83.03,12.13,70292275.2,1275036.4,178738.8,71.88,61.92,8192,310232.6,734744.8,74.45,11.69,5321523.2,2331.8,128857.6,73.95,25.85,3276.8,122031.2,246143
585,82.15,10.41,48529408,1274785.6,180825.4,71.05,61.92,626688,298949.4,697587.4,68.45,11.68,33372569.6,3304.8,127493.4,73.98,25.85,0,120509.6,239369.6
586,85.25,11.77,63338905.6,245180.2,1055851.8,71.73,61.94,26214.4,305828,731827.8,68.37,11.68,5326438.4,2629.8,126505,74,25.85,0,118199.4,238245.8
587,89.02,10.6,21818572.8,2445.2,1469155,71.05,61.97,167116.8,302583,704043.4,68.37,11.68,31129.6,3303.4,131020.2,74.1,25.84,0,125198.6,245531.6
588,88.45,12.04,42119987.2,2041.2,1486532.4,76.75,62,9011.2,305799.6,738113,68.33,11.68,26214.4,2477.2,126736.2,73.7,25.83,2457.6,125164.8,246551
589,89.98,12.04,31016550.4,2480,573296.6,74.92,61.95,66355.2,299056,697581.4,68.38,11.68,70451.2,2004,128149,73.73,25.84,0,121180.6,240934.8
590,93.95,12.05,28408217.6,870175,178904.8,72.12,61.99,169574.4,308954,737692,69.08,11.68,29491.2,1928,126500.6,73.85,25.84,819.2,120280.4,242619.6
591,87.72,12.07,46802534.4,1280652.2,184071.6,71.05,62,666828.8,298796.2,697736,68.28,11.68,29491.2,1738.6,125581.6,73.95,25.84,3276.8,120794.6,240749
592,74.93,10.38,47412019.2,1266666.2,172048.8,71.53,62.02,140083.2,304493.2,722835.2,69.37,11.67,26214.4,2640.2,127020.2,73.63,25.85,0,120136,241344.4
593,86.28,16.09,13274316.8,546020.4,1448737.2,72.45,62.02,36864,308917,911676.6,68.27,11.66,26214.4,3366.8,130004.4,73.82,25.85,0,124785.6,244437.4
594,99.35,17,47675801.6,1937.8,2727717.4,77.37,62.01,30310.4,304806.8,725365.8,68.32,11.66,26214.4,3860.8,128753.8,73.65,25.84,2457.6,120395.4,238384.6
595,99.82,16.3,59010252.8,1948.2,2766011,74.4,62,5734.4,301579,700772.6,68.52,11.65,26214.4,2141,128599.6,73.53,25.84,0,125379,244822.8
596,99.42,14.33,71932313.6,2265.8,1512268.6,71.3,61.99,6553.6,306439.2,727196.8,68.62,11.66,26214.4,2692,129603,73.92,25.85,2457.6,120777.8,242286.6
597,99.78,16.74,50652774.4,1508739.4,177283,71.75,61.96,585728,299701.6,703783.2,68.35,11.66,26214.4,2643.2,124192.4,73.85,25.85,0,122390.4,241413.2
598,99.77,17.73,61890560,2570260.8,175760,71.63,61.95,18841.6,305194.2,724506.8,69.27,11.66,26214.4,3196,127672.8,73.97,25.84,0,127211.2,248227
599,84.73,13.78,61918412.8,2537832.6,180777,71.07,61.93,139264,303372.2,704439.6,68.05,11.66,26214.4,3575,130553,73.68,25.84,2457.6,121648.8,237699.8
600,72.65,12.38,63637094.4,1022243.6,295899.4,77.32,61.97,31129.6,306069.6,739807.6,68.62,11.67,26214.4,6971,127502,73.85,25.84,819.2,124272,245543.2
601,99.83,17.45,47202304,3306,2784173.8,74.48,61.96,67174.4,300031.6,723999.6,69.13,11.67,26214.4,3369.2,128471.6,73.95,25.84,0,121771.2,242185.8
602,98.57,17.43,57555353.6,2045.6,2721160.8,70.8,61.92,4915.2,298140.2,695931.4,68.07,11.67,26214.4,2595.6,126790,73.68,25.84,2457.6,123768.6,242294.8
603,94.43,17.41,6581452.8,1884,2649807,72.23,61.77,627507.2,302827.6,728748.6,67.9,11.67,26214.4,2957.8,126037,73.68,25.85,0,121070.8,238831.8
604,85.63,17.4,49818828.8,247219.6,175383.2,71.42,61.76,20480,311549.8,907331,69.35,11.67,26214.4,2521.4,126487.6,73.95,25.84,0,121117.2,240962.4
605,85.92,17.07,20461977.6,2821442.6,180692.4,76.65,61.78,5734.4,304385,723613.8,68.88,11.67,26214.4,2009.8,127827.6,73.67,25.84,4915.2,119345,239807.4
606,91.73,17,59219968,2550391.8,177942.2,74.98,61.6,479232,302631.4,721047.8,68.55,11.67,26214.4,2089,125534.4,73.97,25.83,0,121723.8,233528.8
607,76.97,20.24,71337574.4,1848630.2,680015.2,72.47,61.59,21299.2,306326.4,746786,68.18,11.67,26214.4,2894,127443.4,73.75,25.84,0,119329.6,240255
608,98.25,17.05,70526566.4,2117,2745400,71.75,61.58,7372.8,295147,690186,69.37,11.68,49152,8566,140369,73.62,25.85,2457.6,126221.8,247158.2
609,88,17.03,60938649.6,2165.6,2269191.6,71.4,61.64,102400,308520,730817.6,68.85,11.68,83558.4,3323.4,127119.2,74.03,25.84,0,125242,246663.2
610,87,14.08,47076147.2,980165.2,180659.2,71.2,61.62,296550.4,302964.8,723818.8,69.02,11.68,9830.4,8127.2,135325.2,73.97,25.84,0,118121.4,234250
611,95.22,12.91,50767462.4,2615198.4,178270.2,76.55,61.65,43417.6,304980.8,724886,69.13,11.68,80281.6,7717.4,138311.8,73.65,25.83,7372.8,116851.6,235391.2
612,94.57,14.28,47816704,2559479.2,180137.6,74.42,61.66,37683.2,302016.2,701546,69.12,11.68,19660.8,7255.6,131317.6,73.77,25.83,0,122256.8,243641.4
613,69.45,11.6,13215334.4,1267628.4,178441,71.9,61.64,681574.4,305642.2,725675.4,68.97,11.68,83558.4,7600.6,142488.6,73.93,25.84,0,120758.4,242762.6
614,82.57,11.6,59583692.8,7263.6,847855.2,71.62,61.68,23756.8,297508,713608.4,68.22,11.68,65536,2053,126408.4,73.88,25.85,6553.6,119956.2,238864.4
615,85.5,12.84,71653785.6,2147.6,1466723,72.25,61.75,194969.6,308403.6,730663.4,68.55,11.69,26214.4,8504.2,130868.2,73.73,25.85,0,122987.4,243272.6
616,78.62,12.2,40824012.8,2177.4,1464220.2,71.57,61.74,77824,305250.4,901621.2,68.42,11.69,108134.4,3532,127053.2,73.75,25.85,0,122307.8,238882
617,77.1,12.21,5049548.8,2269.6,802961.6,76.58,61.81,21299.2,307847,726210.8,68.48,11.69,40960,3369.2,130089.8,73.95,25.83,3276.8,124441.2,245601.8
618,76.42,12.17,25062604.8,2085.8,180003.2,74.78,61.68,5734.4,301595.2,701524.2,68.58,11.68,34406.4,2792.6,126848.4,73.88,25.84,0,119690.6,236166.8
619,81.97,12.15,47910092.8,1084410,178606,72.03,61.65,13107.2,305960,725559.8,68.18,11.67,81920,2874.4,129588.2,73.87,25.86,15564.8,119610.2,240933.2
620,77.05,12.16,40479948.8,1285120.2,180151.2,71.03,61.66,672563.2,296257.4,690458.4,68.82,11.67,32768,4009.8,128214.4,73.62,25.84,0,125589,246084.4
621,69.98,10.46,37650432,1268903,174957,72.13,61.55,18841.6,306696.2,728656.8,68.73,11.69,85196.8,3298.8,126110.2,73.95,25.84,7372.8,124202.8,244974.4
622,68.83,10.41,38620364.8,236225.8,181253.6,71.3,61.56,175308.8,302955.6,707451.2,69.92,11.69,26214.4,3504.2,127030,73.85,25.84,819.2,123235.6,240069.6
623,68.68,10.39,31734169.6,2332.2,178154.2,76.98,61.61,13107.2,303813.6,750626,68.47,11.68,26214.4,3274.6,127339.2,73.93,25.83,9011.2,124779,245773.6
624,68.35,10.4,65536,2089,180651.4,75.78,61.61,22118.4,301100,706958.4,68.87,11.68,26214.4,3280.2,128708,73.58,25.84,2457.6,124021.8,241962
625,68.47,10.4,0,2098.6,178236.2,72.98,61.67,13926.4,308758.8,754039.2,68.27,11.69,26214.4,3215.6,127108.6,73.67,25.85,72908.8,121378.4,239569.2
626,67.9,10.41,0,2152.4,180101.6,73.52,61.7,627507.2,306711.6,755655.4,68.13,11.69,26214.4,2947.4,127418.8,73.97,25.84,4096,127199.8,248267.8
627,69.07,10.43,0,1969,175555.8,71.43,61.65,18841.6,301130.8,721169.4,69.42,11.7,26214.4,3242.2,127959.8,73.72,25.85,0,124811.6,246566
628,67.98,10.41,0,2788.2,181378.4,75.15,61.84,140902.4,309197.2,945119.8,68.22,11.68,26214.4,4195.6,131287,73.9,25.84,2457.6,123012,240459.8
629,69.23,10.41,0,2052.2,178248,76.35,61.82,32768,306503.8,739456.8,69.32,11.67,26214.4,3515.6,127916.4,79.65,26.78,83051315.2,127088.6,1246957
630,67.67,10.41,0,2122.2,180537.2,75.53,61.84,5734.4,303358.6,707164.2,68.03,11.67,26214.4,1529.4,127656.8,87.8,26.84,105039462.4,122308.6,1539470.6
631,68.07,10.42,42598.4,2500.6,178546,71.17,61.86,18022.4,304678.8,726488.8,68.6,11.67,26214.4,2064.8,126027.4,87.7,26.92,107391385.6,119257.6,1530460.4
632,68.95,10.41,6553.6,1961,180315.8,78.38,62.11,794624,314131.8,925333.6,68.67,11.69,29491.2,1594.8,125142.6,87.52,26.77,107394662.4,1403446.4,240297.8
633,68.02,10.41,0,2144.2,175194.6,78.1,62.52,271155.2,320613.8,784839.2,68.57,11.69,27852.8,1759.6,126091,87.42,26.75,101510348.8,1409058.8,243523.2
634,68.08,10.4,0,2263.2,181367,80.33,62.29,143360,315902.4,801725.4,68.38,11.69,26214.4,1665.4,128282,83.32,26.86,99374694.4,1040722,239366
635,69.12,10.4,0,2188.8,178772.4,80.73,62.37,34406.4,312528.6,751798.4,69.13,11.68,26214.4,3068.8,127304.6,87.72,26.25,92676096,1411727,250031.2
636,67.82,10.41,3276.8,2057.8,180420.6,81.62,62.14,8192,311124,738937,69.32,11.68,88473.6,10727.8,145469.2,87.62,26.8,92921856,1423744.4,255106.8
637,69.23,10.41,0,2011.8,178293,73.43,61.98,641433.6,299542,707623.8,69.13,11.69,73728,3693.8,127054.8,88.5,30.99,97113702.4,1215753.4,480683.8
638,67.8,10.41,0,2206.8,180176.2,72,62.01,49152,308249,743786,68.9,11.7,36044.8,6971.2,133619.2,100,32.48,90794393.6,116483.6,4097343.6
639,67.98,10.41,0,2104.2,175274.6,71.95,61.98,174489.6,311125,905439.4,68.75,11.7,80281.6,7572.4,136125,100,32.24,101874892.8,119403.6,4108313.6
640,68.85,10.4,0,2221.4,181094.4,76.73,62.02,31129.6,299370.4,716561.4,68.67,11.69,8192,7000.6,133348.6,100,32.5,90756710.4,116942.6,3890289.4
641,68.27,10.4,0,1879.4,178085.4,74.72,62.01,9011.2,306855.4,745505,69.92,11.69,77004.8,8843.6,141473.4,100,32.68,93048832,2803423.4,249127.4
642,67.9,10.41,40960,2466.2,178565.4,72.38,62,4915.2,305542.2,727375.4,68.2,11.69,31129.6,4687.8,132074.6,100,32.53,94101504,3979037,251714.4
643,68.92,10.41,6553.6,2226,181077.8,71.83,61.79,4096,298105.6,700586.8,68.67,11.69,73728,9152.4,134275,97.07,30.82,88227020.8,3982465.8,247056.8
644,68.35,10.43,0,2021,175661.8,71.75,61.78,639795.2,303829.6,733763.4,68.77,11.69,40960,1875,125964.2,91.53,36.48,88448204.8,1260068.2,2597526.6
645,67.93,10.41,0,2292.6,180717,71.15,61.76,185139.2,299243,700267.6,68.72,11.7,85196.8,2811,127379.4,100,31.83,77772390.4,129401.8,4143105.6
646,69.12,10.41,0,2415.4,178405,78.65,61.91,1923481.6,306365.4,727973,68.3,11.69,32768,5657.8,132956,100,33.11,71686553.6,124585.6,4085792.8
647,67.87,10.41,3276.8,2381.2,184186.8,74.4,61.83,104857.6,307602.2,717049.4,68.8,11.7,37683.2,6295,131117.4,100,31,85161574.4,311768.6,1778418.2
648,68.12,10.41,0,2013,174637.6,71.17,61.85,10649.6,306199.4,726588,69.35,11.7,27852.8,4987.8,132184.4,100,32.92,87459430.4,4202881,251955.2
649,68.93,10.41,0,2322.8,180705.4,71.5,61.88,124518.4,299340.2,696466.2,67.97,11.69,45875.2,3854.8,128819.8,100,32.46,89334579.2,3982123.8,248244.2
650,67.97,10.42,0,1921,175769.8,71.53,61.89,602112,305737.4,733040.8,68.47,11.7,34406.4,1809.4,125963,85.85,35.85,90846822.4,3205951.4,621030.6
651,68.18,10.42,0,2323.8,181018.6,73.42,62.07,7372.8,311407.8,925406.6,68.85,11.69,34406.4,1665.8,125965.8,100,34.08,91618508.8,120392.8,4115868.2
652,68.93,10.42,0,1840.4,177978,76.38,62.08,32768,305807.6,728419.8,68.1,11.69,78643.2,1947.4,128917.2,100,32.7,76755763.2,117489.8,4105666.4
653,68.2,10.42,18022.4,2209.6,180326.4,74.9,62.01,552140.8,302741.8,702435.6,68.93,11.68,29491.2,1782,128842.2,100,31.55,72364032,123352.4,3736717.6
654,68.85,10.43,42598.4,2426.6,178570.2,71.3,62.04,31129.6,306006.6,727930.2,68.47,11.68,37683.2,1740.8,126326,100,32.05,77103104,2563981.4,241772.2
655,67.77,10.43,3276.8,2353,180281.2,71.75,61.75,9011.2,295634.2,690505.6,68.6,11.68,26214.4,1897.6,126637.8,100,32.73,77399654.4,3720708,248843.6
656,68.15,10.43,0,2007.8,174955.4,71.37,61.74,594739.2,307810.2,729141.4,68.87,11.69,26214.4,1962.6,126303.2,97.88,29.19,90072678.4,3764113.2,240935.2
657,68.75,10.43,0,2279.6,180901,71.27,61.73,14745.6,303731.8,713526.8,68.07,11.69,26214.4,1864.2,126003.2,81.1,26.81,83968819.2,1450597.2,897539.2
658,68.23,10.43,0,1904,178137.2,76.73,61.59,5734.4,300711.4,717241.4,68.37,11.68,60620.8,1870.4,126187,80.02,26.68,102540902.4,117115.8,1530541.4
659,67.98,10.42,3276.8,3234.8,181113.8,75.07,61.58,9011.2,307201.6,725513,69.57,11.68,26214.4,5503.4,128998,88.05,26.74,101204787.2,120697.4,1532393.2
660,69.17,10.43,0,1832.6,178211.6,71.25,61.62,167936,306035.6,752345.4,68.27,11.68,26214.4,3008.4,126119.8,87.88,26.67,97689600,389310.2,881598.4
661,68.13,10.43,0,3725,180685.6,71.63,61.57,12288,300787.4,716151,68.23,11.68,26214.4,1657.4,125307.4,87.8,26.66,103517388.8,1410013.2,242789
662,68.77,10.43,0,1835.2,176032.4,72.08,61.66,611123.2,305084.8,723878.2,68.48,11.68,26214.4,2040.2,126460.6,87.68,26.67,107402854.4,1409890.6,244969
663,68.32,10.42,0,2396.2,181036.2,71.57,61.73,29491.2,309309,907672.6,69.07,11.69,26214.4,3471.2,130702,82.67,27.4,101028659.2,1223184.2,317646.4
664,67.88,10.42,0,1965.2,178279.2,77.77,61.89,4915.2,302681.6,826236.8,69.12,11.69,26214.4,1774.2,127129.6,87.28,26.74,104433254.4,120787,1531762.2
665,68.85,10.42,0,2471.4,180740.4,78.18,61.83,9830.4,311138.6,787214.6,68.6,11.68,47513.6,1782.8,132096.2,88,26.74,99296870.4,121615.8,1537223
666,68.5,10.42,0,3246.6,178231.4,72.47,61.87,7372.8,309028.4,763310.6,68.65,11.69,40960,8503,136997.8,87.73,26.65,107927961.6,120248.8,1463304.2
667,67.92,10.41,0,2123.4,180274.6,73.82,61.88,177766.4,307213.2,936689.6,68.7,11.7,6553.6,7174.4,131181.6,87.52,26.69,106888396.8,1412455.2,246227.8
668,68.83,10.41,0,2039,176004.8,75.1,61.92,635699.2,308924.6,856100.2,69.42,11.7,24576,7571.8,140745.8,86.13,25.84,107910758.4,1405403,243579.2
669,68.28,10.41,0,2209,180840.4,72.85,61.86,348979.2,306261.6,788990.4,68.1,11.7,19649.01,1809.31,128184.29,92.28,32.83,56645222.4,471038.8,2713708.6
670,68.63,10.42,0,2426,179190.4,78.68,61.8,19660.8,312957.4,913254.8,68.75,11.69,81969.18,7777.47,134892.74,100,31.76,94301388.8,120199.8,4121383.2
671,68.18,10.42,109772.8,2224.2,181020.4,76.02,61.74,9830.4,306260.6,724893.6,68.9,11.71,55705.6,7529.6,138748.4,100,32.35,101026201.6,119633.4,4102686.8
672,69.1,10.42,13107.2,1941.4,181805.6,71.25,61.71,509542.4,298315.8,707255.6,69.05,11.7,80281.6,7419.4,131649,100,29.87,100863180.8,443173.4,1632683.8
673,68.07,10.43,0,2162,177362.2,71.9,61.73,304742.4,307326.2,760988.4,68.37,11.7,96665.6,1780.2,125477.6,100,33.08,98114764.8,4409241,249136.6
674,68.77,10.42,3276.8,7045.2,176019.6,72.18,61.76,43417.6,307040.2,907363.4,68.42,11.7,44236.8,3513,126210.4,100,32.44,98906931.2,3979294.4,243383.4
675,68.12,10.42,0,2143,184072.6,77.25,61.78,87654.4,303610.2,735824.8,68.03,11.7,32768,4503.2,133647.2,86.33,28.4,94291558.4,2882606,454254.4
676,68,10.42,0,1974.6,174984.4,75.17,61.43,20480,302018.4,716828.4,68.33,11.69,109772.8,5009.8,127636.2,86.77,26.76,92909568,125087.8,1539820
677,67.97,10.43,9830.4,2279.2,178909.2,72.2,61.44,445644.8,302277.2,729617.8,69.05,11.68,77004.8,2847.6,129731.8,87.92,26.68,96012697.6,119515.2,1533872.2
678,67.92,10.43,6553.6,2144.2,180307.2,71.12,61.44,8192,296711.2,700641.6,68.45,11.67,36044.8,1855.2,125534.8,87.62,26.68,107118592,119821.2,1323668.8
679,68.03,10.44,0,2106.2,175659.8,72.25,61.47,73728,309481,737803,68.22,11.67,29491.2,1791.8,125455.4,87.5,26.69,110750105.6,1249934.8,245598.8
680,68.6,10.43,0,2563.8,180774.4,71.12,61.5,19660.8,298258.8,699768.6,69.07,11.68,26214.4,1695.4,125820.8,87.47,26.68,110169292.8,1405932.4,242655.2
681,68.53,10.42,0,1950.4,178422.2,77.13,61.61,30310.4,308811.4,735209,68.2,11.69,26214.4,1735.8,127885,84.77,25.86,111267020.8,1407391.8,238004.6
682,67.98,10.42,0,2222.2,180421.2,74.55,61.59,80281.6,302203.6,716324.2,68.48,11.65,26214.4,1915.4,125122.8,95.27,28.74,92891545.6,312712.2,2192599
683,68.77,10.42,0,1876.6,178122.8,71.27,61.58,667648,302459.2,723047.8,68.68,11.66,27852.8,1757.8,128305.4,100,29.27,104304640,119625,2823654.6
684,68.12,10.42,0,2036.4,180201.6,70.83,61.71,22937.6,302587.6,706477,68.25,11.67,27852.8,1627.8,125693.4,97.25,28.73,93382246.4,121815,2835286.8
685,67.83,10.42,0,2334,176198.8,72.07,61.81,60620.8,305539,735068,68.42,11.67,29491.2,1673.4,124928,95.57,29.17,102941491.2,1141574.2,856323.2
686,68.4,10.42,0,2050.2,180728.4,71.05,61.81,1712947.2,308320.8,901964.2,68.8,11.67,26214.4,1729.2,125349.2,94.45,29.23,106669670.4,2689236.4,241997
687,68.82,10.43,0,2283.6,178358.6,76.88,61.82,8192,305582.8,726440.8,68.52,11.67,26214.4,2790.2,129014.8,100,29.11,110592000,2703840,245061.6
688,68.2,10.43,0,2363.4,181563.8,74.1,61.76,5734.4,304494,715180.4,68.5,11.68,31129.6,3930.2,127784,79.78,25.8,73120972.8,1631480,251374.8
689,69.07,10.44,0,2640.8,178632,70.98,61.91,582451.2,306939.6,733054.8,68.47,11.67,62259.2,3536.8,129352.2,73.6,25.81,0,124113.8,245037.6
690,67.85,10.44,0,2022.4,180420.8,71.48,62.08,27033.6,294600.6,691475.2,68.43,11.67,27852.8,3473.4,129554.4,73.62,25.81,35225.6,127241.2,246847.8
691,68.12,10.44,0,2214.8,175961.8,71.88,61.94,149913.6,309156.4,737075,68.48,11.69,27852.8,3476.6,125366.8,74.1,25.82,0,125626.4,247818.2
692,69.13,10.43,0,1970.8,180673.6,70.98,61.93,21299.2,298387.8,698982.4,68.43,11.7,27852.8,3128.2,126527,73.83,25.81,4096,123834.6,242786.2
693,67.85,10.43,0,2183,178362.4,76.47,61.96,36864,308819.2,735151.8,70.07,11.71,26214.4,9742.8,143299.8,73.83,25.81,0,119150.4,235318.2
694,68.75,10.44,0,2437.8,180302.4,74.08,61.95,69632,301537.6,701247.2,69,11.7,52428.8,7798.6,137030.8,73.82,25.8,31129.6,122503.2,241619.4
695,68.18,10.44,0,2337.8,178791.8,71.03,61.96,585728,307345,732287.4,68.7,11.7,73728,8211.4,136797.6,74,25.81,2457.6,121997.2,246225.6
696,68.25,10.45,0,2122.2,180132.4,71.27,61.94,17203.2,299293.4,700599,69.35,11.7,21299.2,8784,131783.4,73.85,25.81,0,121808,241020.6
697,68.77,10.45,0,2196.8,176081.4,71.97,61.76,37683.2,302478.6,722566.2,69.27,11.7,27852.8,8171.6,140275.8,73.78,25.81,819.2,124720.2,245705.4
698,68.38,10.43,0,2074.6,180571.8,71.27,61.76,18022.4,313230.2,910119.8,68.05,11.7,9830.4,1932.8,127955.4,73.85,25.81,16384,120183,238390.8
699,68.73,10.44,0,2399.6,178957.4,77.5,61.81,6553.6,304524.6,725043,68.93,11.71,21299.2,7779,131513.6,73.77,25.8,0,116511.4,235009.2
700,68.23,10.44,0,2431.4,185305,74.17,61.78,162201.6,304798.2,707062,69.12,11.71,39321.6,3305.8,129982,73.77,25.8,0,120703.6,237813.8
701,68.25,10.45,0,2342.6,176030,70.98,61.76,637337.6,311088.6,735560.2,68.22,11.71,142540.8,3873.6,127859.2,74.02,25.8,9830.4,128044.4,252140.2
702,68.58,10.45,0,2352.6,181044.2,70.67,61.8,63078.4,298949.2,699391.8,68.72,11.71,42598.4,3517.2,126700.8,73.83,25.81,0,122091.6,238739
703,68.8,10.45,0,2169,176486,72.07,62.14,79462.4,306702.6,729619.2,68.8,11.71,37683.2,5665,130761,73.97,25.81,2454.16,127788.1,251523.27
704,67.82,10.43,0,2477.6,184698.6,70.73,61.99,19660.8,302290.4,707086.2,68.37,11.7,44236.8,2217.8,128560.2,73.77,25.8,0,117063.8,233439.2
705,67.98,10.42,0,2253,175831.2,76.12,62,5734.4,307576.6,729554.6,69.02,11.7,29491.2,3456.2,129323,74.07,25.81,0,127504.6,248382.2
706,69.15,10.42,0,2099.2,181321.2,76.42,62.11,4915.2,303888.6,732013.8,68.52,11.7,31129.6,3284.4,127597.6,73.82,25.81,2457.6,122487.6,242215.2
707,67.87,10.43,0,2212.2,179451.2,72.52,62.13,585728,309334,759720.6,68.22,11.7,26214.4,3090.6,127119.4,73.43,25.82,819.2,122540.6,241361.4
708,70.95,12.36,18022.4,2203.4,263855.6,72.75,62.06,201523.2,309315.8,762945,68.43,11.7,77004.8,1845.4,124106.8,73.98,25.81,1638.4,119045,243723.8
709,99.82,17.03,15099494.4,2234.2,2781253,90.02,67.48,77336576,309080.4,916188.8,68.72,11.7,27852.8,2253.8,127439.6,73.85,25.81,2457.6,122508.4,238279.2
710,97.72,16.11,51676774.4,2204.6,2661361,100,70.75,147335577.6,300854,728026.4,68.12,11.7,26214.4,1950.8,125066.6,73.7,25.79,0,116612.4,234569.4
711,94.18,16.23,64957644.8,20842,181979.4,100,69.86,143657369.6,299749.8,712857,69.19,11.69,26182.98,1916.3,124566.72,73.75,25.8,0,119672.2,236567.8
712,99.47,17.44,34881536,2214997.2,179068.8,100,71.42,130043084.8,306275.2,739189.6,68.36,11.69,26245.9,1890.47,127986.18,73.95,25.8,3276.8,117262.8,236014.6
713,96.87,13.76,59747532.8,2564587.4,181123.6,100,69.85,144322560,295352.2,699055.2,68.65,11.69,26214.4,2035,125026.4,73.73,25.81,0,121322.8,241328
714,70.03,10.42,53383987.2,2572807.6,179791.2,100,70.12,136295219.2,305804.6,731825,68.85,11.69,26214.4,2152.8,124289.6,73.83,25.81,4096,119798.4,239379.6
715,96.43,22.48,73695232,152528.6,3324152.4,84.5,62.64,141375897.6,297572.8,720535.4,68.2,11.69,26214.4,2338.4,125327.6,74.07,25.8,3276.8,119765,235676.2
716,99.98,23.7,23488102.4,2199.2,4051619.8,87.33,63.7,86890086.4,308325.8,748043.2,68.55,11.69,26214.4,3155,129508.6,74.1,25.8,2457.6,123851.6,244676.6
717,99.85,23.77,60248883.2,2385.4,4038651.6,95.75,63.32,104787968,306368.4,717959,68.78,11.69,26214.4,3216.8,127618,73.7,25.8,0,124978,243874.4
718,99.9,16.36,43973017.6,3216.2,914294.4,90.38,63.21,97509376,312439.2,746227.4,68.48,11.68,27852.8,5836,126010.4,73.88,25.8,3276.8,124007.6,245909.6
719,99.93,21.91,75284480,1787437,184407,89.82,63.28,100592844.8,301775.8,722698.6,69.27,11.69,26214.4,3527.6,124404,73.75,25.81,0,120841,238179
720,99.95,21.69,56690278.4,4010319.6,182329.2,89.85,63.28,107316019.2,305618.8,746924.6,67.87,11.69,26214.4,1856.6,124526.4,73.93,25.81,0,118185.2,238833.4
721,77.88,17.07,23699456,3804604,180794.6,89.65,63.33,111188377.6,315880.6,919706.6,68.77,11.7,26214.4,2252.2,127546.6,74,25.81,2457.6,121577,238031
722,85.47,17.27,48639180.8,1661126.2,1402500,84.18,62.03,70520832,304286.8,744404,68.6,11.7,26214.4,1766,124431.4,73.77,25.81,819.2,115773.8,233169.4
723,99.75,17.29,57963315.2,1948,2708429,92.18,70.78,61253222.4,307223,730543.2,68.48,11.7,27852.8,1882.4,126922.2,73.95,25.81,3276.8,122375.2,244928.8
724,99.8,17.26,72066662.4,1910.4,2767546.4,100,71.06,128454656,306508.4,734119.8,68.67,11.69,27852.8,3362,126014.4,73.9,25.81,0,123303.8,241268.2
725,99.5,16.06,72957952,8138.4,1585511.4,100,72.65,121951814.1,308723.7,749055.9,69.15,11.69,47513.6,10377.6,139850.4,73.88,25.81,0,125994.8,241612.6
726,99.77,16.28,24325324.8,2261380,178953,100,70.6,126839193.6,304764,720378.6,68.5,11.69,81920,2626.4,125221.6,74.1,25.79,0,121368.4,236553
727,84.54,10.64,26596595.17,2575266.03,184842.22,100,70.79,128393216,306764.2,735844,68.93,11.7,9830.4,8471,137300,73.77,25.79,2457.6,121903.4,240127.8
728,71.26,11.75,31973902.66,93514.72,194022.63,88.43,61.98,129225523.2,299078.4,708565.2,68.76,11.69,80249.5,9069.77,136576.17,73.83,25.8,819.2,123442,241011.2
729,99.98,23.39,39637811.2,2360.2,4068002.8,90.5,67.96,87678156.8,308489,756661.2,69.52,11.69,21307.72,8350.74,133538.82,73.77,25.79,819.2,122828.2,242774.4
730,99.97,23.89,74214604.8,2089.2,3988299.4,99.25,65.8,103713996.8,300623.2,710878.4,69.22,11.7,83558.4,9260.2,140482.2,73.67,25.8,13926.4,120080.6,235011
731,99.98,23.84,72002764.8,1836,4076176,100,66.44,110050508.8,311138.2,749732.6,67.75,11.71,40960,3240.8,127136.6,73.6,25.8,8192,124842,247143.2
732,99.97,17.97,17196646.4,1862978.4,180610.6,100,66.55,128154009.6,310467.6,914701.4,69.1,11.71,14745.6,7754,128478.4,74,25.8,0,121648.2,240093.2
733,99.98,20.39,32979353.6,4069999.6,184448.6,100,66.8,127868928,307524.8,753022.2,67.97,11.7,40960,4547.2,130603.4,73.73,25.77,2448.3,120498.11,235306.44
734,99.93,21.55,65609728,3521048,181401.8,100,66.65,116468940.8,298257,706626.4,68.19,11.7,32781.11,2532.41,125081.23,72.46,25.78,4933.95,120477.82,235583.62
735,85.15,18.7,71847116.8,1701170,687168.6,83.78,61.89,116737638.4,313771,759989,69.55,11.71,113049.6,5457.2,128857.2,75.13,25.78,8192,122210.4,245198
736,81.67,12.16,23761715.2,2112.8,1478146.4,88.42,67.46,62282137.6,301905.8,716831,68.12,11.71,77004.8,3408.6,125107.8,73.78,25.79,9830.4,123646.6,241812
737,77.37,12.2,6502809.6,1890,1460410.8,100,66.58,113835212.8,306873,735228.2,68.28,11.72,37683.2,1986.2,123880,74.1,25.79,7372.8,121303.8,240783.2
738,77.45,12.21,37812633.6,2259.8,968293,100,66.1,113836851.2,303090.6,713450.6,68.4,11.7,26214.4,1952.8,128977.4,73.75,25.78,4096,113515.2,228461
739,77.38,12.19,71629209.6,156003.4,181776,99.98,67.06,113518182.4,307493.8,735315.8,68.67,11.71,26214.4,1923,122242.2,73.73,25.8,41779.2,121207.4,241071.6
740,78.15,11.96,63951667.2,1416477,184455,100,66.31,100297113.6,305092.8,715450.2,67.93,11.71,26214.4,2437.4,129654.8,73.73,25.79,1638.4,118247,236318
741,79.77,10.49,33108787.2,1270560.6,181361.8,83.25,62.15,121489817.6,302087.6,707909,69.33,11.71,26214.4,3413.6,124849.2,73.92,25.8,2457.6,126708.2,247298.4
742,68.92,10.49,19367526.4,1281459.4,183223,89.02,67.46,67002368,306116.2,750435,67.55,11.71,26214.4,3092.8,128437.8,73.55,25.79,6553.6,122917.4,243332.6
743,88.05,20.57,54604595.2,205410.2,2131407,100,66.35,105058304,314917.8,925774.6,68.92,11.72,26214.4,2023.4,122647,73.93,25.79,0,119342.4,237747
744,99.97,23.65,58744832,2032.4,3831163.4,99.98,66.86,103000233.5,306842.66,733599.36,68.42,11.73,27852.8,2605.2,128119.6,73.88,25.79,3276.8,116719.6,231586.6
745,99.93,20.5,72551628.8,1979.8,2247384.2,99.98,67.08,102993338.1,302117.45,712094.24,69.03,11.7,27852.8,2198.8,126629.6,73.45,25.79,0,118770.2,235505.2
746,100,20.04,17511219.2,2935403.8,181659.4,100,66.44,108483379.2,307829,738345,68.58,11.69,26214.4,1797,124599.2,73.9,25.8,0,119662.4,239653.6
747,99.97,21.89,43668275.2,3848377,183102.2,100,66.37,115032883.2,299723,705896.8,68.35,11.69,26214.4,2650,125931,73.68,25.8,2457.6,123752.8,244625.2
748,84.75,14.02,55387750.4,3701751.4,178373.2,84.27,61.89,72180531.2,307671,735843.4,69.3,11.69,26214.4,3474.4,127378.8,73.83,25.8,0,125354.6,247172.2
749,92.43,21.08,41025536,813519.8,2839211.6,87.92,66.46,50581504,306419,723590.8,68.15,11.69,26203.92,3184.93,127767.29,73.87,25.8,819.2,126197.8,245065.6
750,99.95,24.17,55261593.6,1989.8,4065149.4,100,65.04,107583897.6,305717.8,732211.2,68.42,11.68,29473.52,2112.53,125266.64,73.58,25.78,3276.8,121390.4,239428.2
751,99.97,24.19,7340032,2153.8,4072247,100,64.78,102928384,303631.8,713504.8,68.98,11.69,62334,1843.81,131066.68,73.72,25.79,0,117244.4,237541.2
752,99.87,18.72,40751923.2,101787.2,1356085.6,100,66.93,106940006.4,307597.2,737081.4,68.88,11.69,24576,8913.2,137578.6,74.02,25.79,0,121840.8,240074.4
753,99.93,19.45,60817408,3029578.2,179133.8,100,66.52,107288166.4,301305.2,706811.6,68.82,11.7,14745.6,7421.6,130034,73.63,25.8,2457.6,123194.8,241711.8
754,99.95,19.79,68858675.2,3403107.4,181074.4,100,66.48,123142963.2,307176,736340.2,69.45,11.71,24576,7678.8,139454.8,73.88,25.79,16384,118991,237074.8
755,78.27,17.57,16359424,3594092.6,180793,86.15,61.98,118029516.8,311793.6,919749.8,68.87,11.71,18022.4,1822,128012.2,73.83,25.78,7372.8,115886,231514.8
756,92.5,22.09,54561996.8,40407.8,2849475.8,96.55,63.39,100528947.2,305963.8,712074.2,68.73,11.7,6553.6,8492.2,136131.4,73.72,25.79,2457.6,123274.6,241769.6
757,99.97,24.34,41590784,2131.4,3382432.2,90.32,63.25,106033971.2,307777.8,733732.8,69.18,11.69,103219.2,7526,138553,74.28,25.79,0,121632.6,244092.8
758,99.97,20.27,28108390.4,1831.2,4731138.2,89.57,63.26,110082457.6,301597.4,709319.6,68.62,11.69,32768,7018,130360.2,73.67,25.79,0,118750.6,236195.4
759,99.98,21.21,57421004.8,3307351,178307.6,89.85,63.36,104660992,307271.4,733339.2,68.6,11.71,47513.6,2774.2,125162.2,74.12,25.79,3276.8,120953.2,241253.2
760,99.95,21.53,13916569.6,3570197.2,183493,89.9,63.27,97210368,304101.8,712630.8,68.43,11.71,26214.4,1911.2,127437,73.93,25.78,0,119142.4,237167.6
761,82.38,14.35,72353382.4,3688340.2,181127.2,84.27,62.01,73247129.6,307094.8,737300.8,68.2,11.71,32768,2175,125314.6,73.9,25.79,0,116288.4,232055.2
762,85.48,14.67,56541184,334595.8,991371.8,92,66.51,59717222.4,304691.2,721604.4,69.33,11.7,31129.6,4512.2,128474.8,73.63,25.79,2457.6,127048.4,247809
763,91.35,12.51,44775833.6,2477.6,1473251.4,100,66.03,109700710.4,308319.2,739428.4,68.6,11.7,36044.8,5197.6,132130.8,74.05,25.79,0,123721,244636.8
764,88.32,12.53,6291456,2110.8,1495752.2,100,66.56,119495065.6,301885.8,709181.6,68.62,11.7,93388.8,3191,130711.6,73.55,25.79,0,129171.8,251707.8
765,88.95,12.53,35989094.4,2171.6,634735.2,100,67.13,115373670.4,307699.6,736792.8,68.82,11.7,27852.8,3402.6,126058.6,74.07,25.79,3276.8,125700.6,247915.6
766,91.13,12.54,64846233.6,1136117.4,186329,100,66.57,127596134.4,311182.8,911338.4,69,11.7,27852.8,3357.2,130181.2,74,25.79,0,125185.8,244517.8
767,86.4,12.53,21592473.6,1280375.8,178907.8,100,66.02,114129305.6,303899.6,729424.6,68.48,11.7,26214.4,2982.2,127296,73.93,25.79,0,121852.29,240322.61
768,75.7,10.88,71616102.4,1262402.4,177854.6,92.87,62.08,107613388.8,297480.4,709419.6,68.47,11.68,26214.4,1907.4,128930.6,73.62,25.78,4098.46,120744.65,237412.45
769,91.48,23.17,73834496,190414.2,870091,87.52,71.27,58499072,310810.2,749875,68.62,11.68,26214.4,2903.6,127516.8,73.98,25.8,819.2,125576.4,245688.4
770,99.98,24.19,51562086.4,1821,4010859.8,100,69.8,128068812.8,297240.2,700183,68.85,11.68,26214.4,2242,127843.6,74.05,25.8,2457.6,120632.2,241760
771,99.98,23.61,6348800,1943.6,4050415.4,100,69.91,121309593.6,303556.8,699103.8,68.12,11.68,26214.4,1896.8,124017.8,73.77,25.78,0,118172.8,235375.6
772,99.92,15.4,58657996.8,2207.2,3386115.2,100,71.75,126245273.6,304048.4,732051.8,68.9,11.69,26214.4,2990.8,130342.2,73.78,25.79,0,124122.2,246152.6
773,99.98,23.25,61517004.8,3799181.4,180868.4,100,68.57,127379046.4,302524.2,713577.6,68.5,11.69,29491.2,2685.4,126593.2,73.67,25.79,2457.6,121755.6,239843.8
774,83.32,10.96,67833036.8,3744945.4,178953,84.97,62.41,127992627.2,304994,736768.2,68.37,11.69,26214.4,3119.2,129823.4,73.88,25.8,0,124702.2,246133.2
775,69.63,10.9,39447756.8,1099702.4,181019.2,71.63,62.04,42187161.6,299534,709401.6,68.3,11.69,26214.4,1993.4,126432.8,73.48,25.8,0,117912,234248.2
776,68.52,10.83,73845964.8,3093.8,176191.4,72.28,61.8,69632,307814.4,757743,68.45,11.69,27852.8,6684.4,127827.6,73.88,25.79,4915.2,125798,246912.8
777,69.48,10.82,66736947.2,3874.2,181195.6,71.97,61.78,40960,308573.4,924054.4,68.82,11.7,26214.4,3528.8,126766,74.03,25.79,0,124181.8,243889.2
778,69.08,10.87,47348121.6,2286,178586.4,77.77,61.89,303923.2,305699.4,757247.6,68.13,11.7,26125.57,2890.37,129151.48,73.93,25.79,0,122254.2,240788.4
779,70.65,10.76,65069056,2242.4,181131.8,75.07,61.87,8192,300454.4,714885.2,69.78,11.69,46031.71,9116.4,142449.93,73.67,25.79,2457.6,121749.8,239119
780,68.43,10.77,7510425.6,2347.2,179111.2,72.98,61.87,4915.2,305605,731167.8,68.68,11.7,78643.2,1945,128557.6,74.27,25.8,819.2,123833,247343.2
781,68.17,10.74,1445068.8,2365,180984.2,71.52,61.85,9830.4,298391.8,709049,68.85,11.71,24576,8494,137224,73.77,25.8,0,125496,245224
782,67.88,10.75,45875.2,2260.4,175958.6,72.92,61.84,31129.6,307651.6,751550,69.07,11.71,80281.6,9065.4,138543.4,74.07,25.8,2457.6,125693.4,247913.2
783,69.3,10.76,0,3125.2,181057.4,97.23,66.28,97239040,303525,2987506,68.65,11.71,8192,9478.2,133824.8,73.78,25.8,0,129582.2,245794.4
784,68,10.75,0,2336.4,178636.8,100,68.12,113177395.2,301638.6,3349093.4,68.72,11.7,80281.6,2033.4,128844.2,74.02,25.8,0,122442.4,242154.8
785,68.3,10.75,93388.8,2215.2,180998.2,100,66.7,143451750.4,299267.8,3358441.8,68.57,11.7,4915.2,8377.8,133518.4,73.73,25.79,3276.8,121498,241172.8
786,69.13,10.76,13107.2,2929.8,180028.6,100,67.07,136604876.8,1039367.8,1120397,69.37,11.7,101580.8,3935.8,130453,73.92,25.79,2457.6,125069.2,246788
787,68.07,10.76,9830.4,2495.6,181659.4,100,66.57,126399283.2,3080429,713167.4,68.42,11.69,26214.4,3139.8,125079,73.8,25.8,0,125607.4,246799.8
788,72.42,12.99,11468.8,2651.2,176623.8,100,66.53,128679936,2868270,736636.2,68.4,11.69,34406.4,3622.6,129276.6,73.92,25.8,0,120430.6,238026.4
789,99.98,23.99,48024780.8,1987.8,184036.2,100,71.07,127454901.8,4087041.3,729401.64,68.65,11.69,86835.2,4402.2,131573.8,73.67,25.8,18022.4,125575.6,247438.4
790,99.93,19.09,38666502.3,6847.51,179049.83,100,70.19,127541192.1,4061085.04,728316.29,68.23,11.69,27852.8,3384.6,126077,73.97,25.8,13107.2,118971,234967.8
791,99.95,23.97,6291456,2102,178880.4,100,65.72,128154828.8,3411650,747022.6,68.47,11.69,40960,1997.6,128133,74.1,25.81,819.2,121918.8,243651.6
792,99.92,24.02,34603008,1917,181097.2,100,67.45,126522163.2,298190.6,3247324.2,69.23,11.69,60620.8,2081.8,129224.2,73.48,25.81,27852.8,123396.8,244535.4
793,96.8,19.65,69145395.2,2357,176444.4,100,67.65,116038041.6,305799.8,3368832,68.38,11.69,27852.8,3017,124813.8,73.92,25.81,2457.6,123259,244096.2
794,72.25,23.3,43048960,2074.8,181002,100,66.19,130815590.4,301361.4,3342408,68.88,11.69,27852.8,1920.8,125594,73.75,25.8,0,119243.6,238147.4
795,99.97,32.71,13968998.4,2321.4,178958.6,99.98,66.75,99169075.2,1633300.4,829794,68.45,11.69,26214.4,3111.4,128328.8,73.77,25.81,0,117597.4,234781
796,99.98,29.99,10906828.8,2071,181887.4,100,66.65,105723494.4,2895108,709909.2,68.7,11.69,26214.4,3082.6,130551.2,73.62,25.8,0,127524.6,249167.2
797,99.95,22.48,70582272,2238.6,182193,99.77,63.32,116646707.2,2878837.8,731518.6,68.43,11.69,27852.8,3904.2,128582.8,73.68,25.8,3276.8,125854.4,247969
798,99.73,19.02,72318976,2133.2,177188.2,88.72,71.15,122383564.8,1310854,2738173.4,68.23,11.69,27852.8,3230.8,128177.2,73.72,25.8,0,129075,254183.2
799,99.92,23.52,33941094.4,2224.8,176488.2,100,70.88,128978124.8,303255.4,4649832,68.5,11.7,27836.1,3423.55,128574.86,73.77,25.8,3276.8,123737.4,241619
800,96.32,17.22,7602176,2076.8,181169.6,100,68.05,134147684.9,440576.97,2670680.93,68.7,11.69,26214.4,3119.2,130054.6,73.67,25.8,0,119485.8,236258.6
801,72.27,12.92,45733896.59,2562.79,179321.62,100,69.62,127519346.9,3940138.86,730434.57,68.03,11.69,27869.52,2740.84,127015.01,73.78,25.79,819.2,125803.2,246725
802,99.9,22.57,65763737.6,2556.8,176156.2,100,69.02,130401894.4,4043337.6,732396.8,68.53,11.69,26214.4,2386.4,128954.8,74.2,25.8,2457.6,122395.6,243468.8
803,99.98,19.18,72432025.6,1969.8,181099.4,85.17,64.41,120798412.8,3455441.2,708446,68.5,11.7,26214.4,3306.6,127697.6,73.68,25.8,0,127214,248199.2
804,99.95,19.01,30220288,2297,177054.4,100,70.65,126456627.2,305909.2,4581944.2,69.5,11.7,26214.4,3227.4,127108.4,73.73,25.81,0,122658.8,241876.2
805,99.8,23.8,37748736,2335.8,181848.8,100,69.28,126307532.8,302083.6,4650741,68.07,11.7,26198.68,3253.05,127222.87,73.9,25.81,2457.6,126351.8,247144.4
806,97.08,17.28,26350387.2,2659.8,180150,100,68.21,119482777.6,308155,4693979.4,68.66,11.7,27847.23,3445.91,127703.06,73.8,25.8,0,119573,236186.2
807,71.65,12.37,70785433.6,2747.8,185362,100,69.35,122376192,1568822.2,804895.6,68.98,11.7,39321.6,2997,129783.2,73.63,25.8,2457.6,127153.2,246849.4
808,88.3,12.38,70742835.2,2328.4,175215,100,71.13,123659255,4052434.65,734776.18,68.19,11.71,27875.1,4370.3,128647.92,73.5,25.81,0,123142.4,244435.2
809,86.08,12.57,35600793.6,2610.8,184786.2,86.05,68.82,127573196.8,2175922.8,1864912.4,68.67,11.71,26214.4,3280.4,127774.4,73.83,25.81,0,123868.8,239792.2
810,86.42,12.38,5924454.4,2198.6,173610.8,100,65.39,114020352,311511.4,3546052.8,68.02,11.71,26214.4,2735.6,126860,73.87,25.81,24576,124392,246814.4
811,85.92,12.37,21728460.8,2294.2,179023.4,99.98,65.02,113329766.4,301065.2,3346439.4,69.15,11.71,44236.8,7686.4,142176.6,73.87,25.8,819.2,116415,234328.2
812,87.53,10.73,70872268.8,2900.6,181992.6,100,69.03,119137894.4,374994.2,2230760.8,68.33,11.71,22937.6,1971.6,126377.4,73.67,25.8,0,120887.2,240104.4
813,71.8,12.41,51431014.4,1904,178293.4,100,66.54,128513638.4,2864864.2,732385,69.13,11.7,81920,7171.4,137007,73.93,25.8,2456.62,119358.46,240507.4
814,99.83,17.31,53847654.4,2396.2,181205.8,100,66.53,120389632,2882406,707052.8,68.75,11.71,21299.2,8692.4,138475.2,73.64,25.81,0,128106.44,250062.42
815,99.8,16.37,16028467.2,2040.2,176247.6,89.97,63.42,126767923.2,2671637.8,738186.6,68.82,11.72,21299.2,8733.4,133386,74.13,25.81,0,122740.6,241945.8
816,99.87,15.3,25809715.2,2247.4,184103.8,100,71.02,121664307.2,301753.2,4623761,69.82,11.72,6553.6,1860,128462.8,74.07,25.8,3276.8,123121.2,244700.4
817,99.55,17.18,49674649.6,2054.2,174486.4,100,67.66,124959948.8,304068.2,4667060,68.22,11.72,19660.8,7951,132191.8,73.79,25.8,0,117813.07,236770.89
818,93.07,17.61,23070310.4,2490.2,181372.2,100,69.75,139429478.4,301647.4,4639641.6,68.65,11.72,113049.6,1832.2,127795.4,73.87,25.8,0,121568.63,240337.33
819,91.8,13.97,33924710.4,2306.8,179461.2,100,69.86,127380684.8,2082168.8,776262.8,68.9,11.72,40960,3546.8,130118.6,73.73,25.81,0,125162.4,244179.4
820,71.58,13.11,53338112,2176.4,180638,100,71.25,127773900.8,3989634.2,705041,68.48,11.72,42598.4,3156.4,125299.6,73.93,25.81,0,125114.2,246797.4
821,99.83,17.65,71198310.4,2192.8,176556.8,87.05,70.9,129606451.2,2078065.8,2702105.8,68.37,11.72,29491.2,3778.4,128298.8,73.78,25.81,3276.8,121182.6,240141.6
822,97.9,15.89,24730009.6,2369.6,181928.8,100,71.43,126883430.4,305029,4690375,68.98,11.72,39321.6,2801.4,129579.6,73.77,25.79,0,117283.4,236102
823,85.34,17.48,36946689.59,2249.05,184144.91,100,68.82,123479654.4,302121.2,4675544.8,68.07,11.72,36044.8,2328.2,126331.6,73.52,25.8,0,120991.6,239544.8
824,85.12,17.25,52789792.28,2159.7,175489.09,100,68.87,125983129.6,394628.4,2859129.2,68.37,11.72,47513.6,1696.2,127843.8,73.97,25.8,2457.6,119963.2,241606.6
825,84.3,17.1,49002905.6,1926.6,180711,100,69.96,124358656,3414577.4,703519.6,69.37,11.72,26214.4,2986.4,128423.8,73.68,25.8,0,126681.2,247112.8
826,69.6,18.49,18454937.6,2393.8,176129.6,100,70.92,124560998.4,4246005.8,730302.8,68.18,11.72,77004.8,3255.6,127128.2,74.08,25.8,0,124906.8,245919.6
827,89.77,12.15,44793856,2400.2,181044.4,86.53,62.67,124385689.6,4085110.8,720008.4,68.29,11.72,26156.85,3186.19,129482.34,73.73,25.81,3276.8,122441.2,241556.2
828,78.58,12.18,51481804.8,2270.6,178953,99.55,67.61,121244876.8,305730.4,3187384,68.68,11.71,26272.2,3562.24,127638.6,73.82,25.79,4915.2,122800.2,241953.6
829,76.35,12.2,13215334.4,2088.6,181107.8,100,66.39,98947072,301868.4,3339756.2,68.71,11.71,26203.92,3238.1,129508.8,73.47,25.79,4096,121920,238074.4
830,76.52,12.19,42023321.6,2194.8,182261.2,100,67.15,104332492.8,305591.2,3360531.6,68.5,11.72,26224.89,3055.42,127890.56,73.53,25.79,5734.4,123351.4,240430.2
831,76.57,12.2,33103872,2412,177457.4,100,66.56,108486656,1365849.6,884899,68.58,11.72,26214.4,3980.4,128494.8,73.95,25.8,819.2,128049.4,251807.4
832,76.62,12.21,36942643.2,2108.4,175840.8,100,66.46,98175385.6,2883006,921755.8,68.55,11.72,26214.4,2278.4,128867.8,73.95,25.79,0,122996.6,241578.6
833,72.18,14.19,31727616,3065,184700.4,88.37,66.76,119719526.4,1361724.8,2057114.2,68.17,11.72,26214.4,6023.4,126878.6,74.02,25.79,23756.8,119037.4,236639.6
834,99.88,17.02,38436864,3945.6,181402.24,100,65.49,116629504,302762,3350080.8,68.33,11.71,26214.4,3544.2,126579.4,73.73,25.79,3276.8,121615.2,240524.6
835,99.92,16.29,36747673.6,2489,179224,100,66.46,117677260.8,304071.4,3359124.4,68.65,11.71,27852.8,2090.4,127997.8,73.95,25.79,0,117937.2,238113
836,99.92,13.34,30422511.4,1939.98,180142.06,100,66.9,116076544,408835.4,2032419.6,68.5,11.71,27852.8,3157.6,127220.6,73.83,25.79,5734.4,125156.8,242801.8
837,99.77,17.84,37193318.4,2098.8,176007,100,66.52,117428224,3063994,727306.2,68.37,11.71,27852.8,3316.4,127563.4,74.27,25.8,2457.6,127881,252036.8
838,98.38,13.4,50561024,1883.2,180588,100,67.49,118247424,2899358.6,706625.4,68.28,11.71,27852.8,3339.6,127491.8,73.87,25.79,0,122382.4,239363
839,70.97,11.46,30113792,3254.2,178365.6,91.03,62.03,92844032,2548704.8,753811.2,68.97,11.71,26198.68,3776.13,128583.85,73.98,25.79,2457.6,125003.2,241312.2
840,87.68,10.59,8519680,2070,180564,75.5,61.91,244940.8,302607.6,715959.8,67.95,11.67,27869.52,2965.98,126554.73,73.57,25.8,0,124648.2,242914.2
841,79.55,12.12,28734259.2,2289.4,178781.4,71.88,61.9,4915.2,306800.6,729038,69.62,11.67,26214.4,3759.8,131723.6,74.02,25.81,0,124214.2,245052.4
842,76.57,12.14,26620723.2,2042.6,180604.8,72.97,61.96,18841.6,302606.8,729626,68.28,11.31,27852.8,3108,125317.6,73.52,25.8,3276.8,125180,244216
843,79.22,12.32,72838348.8,2214.4,179086.6,72.32,62.01,17203.2,306262.8,742184.2,68.63,11.54,50790.4,8292.4,140056.8,73.75,25.81,1638.4,123972.4,244373.6
844,77.58,12.25,55117414.4,2123.6,177193,72.6,61.97,135987.2,310371,932557.8,68.33,11.54,24576,3879.2,129457.2,73.95,25.81,0,121749.2,240085.8
845,79.88,10.46,10623385.6,2221,178235.2,77.85,62.15,7372.8,303267.8,740012.6,69.43,11.55,8192,7899.8,134554.8,73.9,25.8,2457.6,118909.2,235041.6
846,70.35,12.03,7972454.4,2604.2,181035.8,75.52,62.09,632422.4,306047.6,725048.8,69.18,11.57,19660.8,7658,138538,73.58,25.8,0,122789.4,242835.8
847,99.9,17.06,6289817.6,7252.6,179384.2,74.58,62.14,84377.6,307835.6,760010.8,68.9,11.59,11468.8,8269,130915.8,74.03,25.81,0,121377,241365.4
848,99.85,14.8,28100198.4,2105.6,181193.6,72.15,62.11,12288,298122.6,705100.6,69,11.63,26214.4,8123.4,138168,73.5,25.81,9011.2,116866.4,232809.4
849,99.58,16.78,72409088,3446.6,176593,71.53,62.12,319488,309264,732885.2,68.23,11.65,88473.6,4532.6,128946.4,73.93,25.81,0,125153,245699.2
850,99.75,15.38,67983769.6,2234,180751.8,72.42,62.13,15564.8,304914.2,718680.4,69.52,11.64,27852.8,7366,133891,73.85,25.8,0,123885.2,243809.2
851,99.97,17.83,6466764.8,2355.2,177811.8,77.68,62.17,4915.2,306102.2,744232,68.3,11.64,96665.6,2106,125454.2,73.65,25.8,9011.2,116907.2,235707.4
852,99.6,17.01,6399590.4,2132.6,183289,75.1,62.09,4915.2,297947,708370.6,96.43,23.31,10529996.8,2193.8,3303540.6,73.58,25.8,0,120179.8,238688
853,69.62,10.38,32884326.4,2690.2,179155.6,71.42,62.05,163840,309704.8,741157.6,99.97,25.07,35268198.4,1855.2,3971944.8,74.25,25.79,4096,117086.4,234159.6
854,69.7,10.36,48940646.4,1973.6,176246.6,72.92,62.04,4915.2,301505.8,731274.2,99.97,25.08,28223078.4,1756,3962132.2,77.92,28.25,4464640,119754,242270
855,68.75,10.36,44236.8,2205.2,175042.6,71.95,62.13,593920,302632.4,732416.2,99.98,14.4,26528972.8,1823,867275,100,28.57,103055360,121415,245831.2
856,68.23,10.37,24576,2050.8,179986.8,74.3,62.14,31948.8,315364.8,920930.4,100,20.09,30044979.2,710187.8,127801.6,99.22,31.03,100451123.2,114040.6,233856
857,68.85,10.38,0,2432,178085.8,76.67,62.13,7372.8,304136.8,700752,99.97,25.07,28562227.2,2998888,126131.4,95.05,29.19,103351091.2,120817.2,243580
858,68.63,10.37,0,2561,180584.2,71.12,62.09,140902.4,307115.8,731526.6,76.58,15.16,29787750.4,2853564.2,129247,95.4,27.99,105581772.8,119182,244252.2
859,68.83,10.37,0,2195.6,178574.8,71.2,62.06,15564.8,296847.2,700182.4,70.63,12.64,6494617.6,2888713.2,126652,95.18,29.12,81975705.6,119456.4,242344.8
860,67.82,10.38,0,2022.4,183259.8,72.38,61.9,689766.4,304208,736422.4,70.45,12.64,4099276.8,2236674.8,125688.2,95.28,25.88,103690240,122224.2,249703.6
861,68.22,10.38,0,2226.6,172131.2,72.97,61.91,24576,301502.8,737698.6,72.72,14.83,5414912,1992.6,481085.4,77.43,32.46,140902.4,118110,235535.6
862,68.98,10.38,0,2060.6,180633,75.93,61.96,102400,308383.2,736703.2,99.93,25.97,5033164.8,1837.6,3974404.2,100,32.34,97284096,119547,245403.2
863,67.87,10.39,0,2030.6,180233.4,74.9,61.96,42598.4,301523.4,706598,99.97,25.98,3986227.2,2161.4,3997969.8,100,34.55,100972134.4,121535.4,245316.8
864,68.55,10.39,0,2017.4,178247.2,72.27,61.98,9011.2,307207.8,745315.2,99.97,25.96,2516582.4,1970,3656725.2,100,33.26,93163520,119492.4,245351.6
865,68.22,10.39,0,2309,180492.8,71.68,61.99,5734.4,296507.8,698409.6,99.97,19.26,2097152,1531798.4,126157.6,100,31.99,91117977.6,117612.4,238874.2
866,67.83,10.4,0,2200.2,176056.6,72.87,62,592281.6,311706,736439.2,100,23.95,7469465.6,3200121.6,126130,100,33.56,90370867.2,122706.4,250993.4
867,68.37,10.4,0,2644.6,181120,72.15,61.99,13926.4,308337,912707.8,96.75,19.33,12645171.2,2884361,126191.8,96.33,29.13,86862233.6,120547,243253.8
868,68.78,10.4,0,2090,178361,77.35,62.07,9830.4,309195,746022.2,76.3,20.99,2554265.6,1455896.8,515981.2,78.32,32.5,88814387.2,118065.4,238591
869,69,10.4,0,2556,181307,76.48,61.93,32768,305297.4,719472.2,87.23,20.26,12582912,1982,1403611.2,100,32.68,91536588.8,119195.2,240835.6
870,68.43,10.4,0,2135.8,181592.4,73.02,61.95,153190.4,308535.6,808492.6,87.45,20.94,2516582.4,2140,1409481.4,100,32.41,92103475.2,120400.6,247209.6
871,68.23,10.4,0,2044.6,176858.4,72.87,62.06,5734.4,300761.6,743623,90.52,17.75,2306867.2,2646.2,1050647.4,100,31.61,89197772.8,121697.6,245603.6
872,69.3,10.4,0,2566.8,176145.2,73.45,61.72,606208,306751.6,752338.6,92.18,16.63,2097152,1164272.6,126713,100,32.55,89820364.8,120969.6,247513.8
873,67.93,10.39,0,2190.2,183638.4,73.02,61.78,17203.2,305065.2,821939.2,86.93,17.75,3357081.6,1268404,127039.4,100,32.54,90488012.8,123941.4,249335
874,68.02,10.4,0,1932.6,174845.6,76.95,61.78,5734.4,305165,732624.4,81.35,12.86,2097152,1283001.2,129148.8,96.88,29.21,90514227.2,117448.4,240632
875,68.77,10.4,0,2061.8,180495.2,75.08,61.79,228556.8,301164.6,719195.8,74.02,17.5,16228352,49588.8,126980,78.23,30.95,80048947.2,122582.2,241718.8
876,68.02,10.4,0,2276,178873,71.28,61.79,132710.4,306682.6,738226.6,99.68,19.48,12958105.6,4589.6,132040.8,100,34.74,86929408,133594,262547.2
877,67.95,10.4,0,2172.8,179972.6,71.85,61.87,27033.6,298884.4,700946.8,99.83,18.79,21569536,3212.4,128732.6,100,31.58,83678822.4,120102.4,241521.6
878,68.78,10.4,0,2088.2,175601,71.62,61.83,153190.4,306328.2,739873.4,99.77,17.43,21017395.2,1707.4,126670.8,100,33,91544780.8,120668,246773.2
879,68.33,10.39,0,2609.8,180585.4,72.5,61.9,11468.8,309315.2,904435,99.4,20.32,12373196.8,4853.6,2699117.4,100,33.61,92650700.8,128678.6,253157.6
880,67.88,10.38,0,2162.8,178352.8,76.68,61.94,31948.8,305400.8,728025.4,94.8,16.16,16023552,3108.2,2720215.8,100,32.46,90749337.6,128590.6,253357.8
881,69.22,10.39,0,2473.2,181735.6,74.68,61.91,626688,304221.8,711283.6,70.35,13.17,15235481.6,1669.8,2642915.2,97.05,29.59,90945126.4,124823,251073
882,68.43,10.38,0,1987,178154.4,72.22,61.99,108134.4,307590.2,734729.4,68.28,13.18,8067481.6,1915.8,126842.8,78.95,30.66,55839948.8,120158.8,243869
883,67.87,10.39,0,2338.4,180677.6,71.05,61.98,22937.6,298564.6,704413.2,69.9,13.19,8821145.6,2181049.2,126824.6,100,32.24,82762956.8,120870.8,244633.4
884,67.95,10.39,0,1952.4,175896.6,72.25,62.05,312934.4,305983.8,730176.4,69.93,13.16,2726297.6,2554243,127543.6,100,32.68,89762201.6,118481.4,242622.2
885,69.27,10.39,0,2096.6,180491.4,71.75,61.98,17203.2,301667.8,702943.4,70.88,13.13,1638400,2560691.8,129706.8,100,32.69,89609011.2,124752.8,251307.2
886,67.6,10.39,0,1994.2,178081.8,76.08,62.03,5734.4,304571,728252.6,68.15,13.16,5462425.6,213964.4,127405.2,100,32.52,87587225.6,115939.6,237709.2
887,69.18,10.39,0,2036.2,180284.4,74.9,62,323584,301961.8,705723,75.15,14.84,18230476.8,1661.8,131536.8,100,31.86,87914086.4,121671,245904.6
888,67.97,10.39,0,2087.6,178388,71.2,62,157286.4,306785.4,736862,81.83,14.48,21236940.8,2820.2,453628,96.73,30.73,88394956.8,120505,246792.4
889,67.82,10.38,0,2106.8,180603.2,71.27,62.03,4915.2,301306,714032.8,78.27,14.5,2516582.4,4454.2,1416765.8,77.88,31.83,78679244.8,128899.2,253630.8
890,68.98,10.39,0,2000.2,179551.4,71.57,62.08,357990.4,306605.8,734160.2,77.43,14.5,2936012.8,3314.6,1419136.2,100,31.12,97191526.4,123522.8,247078
891,69.27,10.38,0,2215,177305.2,72.05,62.21,14745.6,308700,906977.4,77.57,14.51,2097152,1818.4,1091251.6,100,32.37,103675494.4,119979.4,245476.2
892,68.17,10.38,0,3084.4,181600,76.15,62.2,6553.6,302656.6,728849,76.98,14.51,2516582.4,1235685.8,126877.4,100,33.91,95037030.4,122655,243902
893,68.43,10.39,0,4653.2,178768.6,70.66,62.21,18864.24,306319.18,727340.01,74.43,14.51,3756851.2,1275363.6,129139.8,100,32.53,98329395.2,118146,242598.8
894,68.97,10.39,0,2144.6,178289.4,70.97,62.23,158105.6,298496,701564.6,69.15,14.5,5033164.8,1289690.8,126876,97.18,29.18,99246080,122918.8,248890.4
895,67.8,10.4,0,2135,180136.8,71.3,62.27,318668.8,305675.8,729989.2,69.23,14.5,3565158.4,1263548.2,125485.4,76.72,26.93,92397568,118020,238682.4
896,68.08,10.39,0,2171.2,175422,71.3,62.29,13926.4,303135.6,715387,69.78,12.84,7556300.8,1287599.4,126450.6,82.55,26.71,87132569.6,122803.4,248029.8
897,69.22,10.38,0,2722.4,180819.6,76.32,62.32,339148.8,304460,727889,70.17,12.86,20061639.82,1280786.33,129199.48,80.25,26.85,95322931.2,115199.6,236736.6
898,68,10.39,0,3104.4,179982.6,73.88,62.32,31129.6,301977.6,718110,69.23,12.79,22656281.77,1270891.53,126666,87.9,26.81,92599910.4,124945.4,244839.6
899,68.48,10.4,0,2054.4,178487.8,71.02,62.29,27033.6,306498.4,730739.6,69.75,12.78,27849523.2,1281737.6,128533.8,87.37,26.71,99587686.4,122491.4,250507.6
900,68.27,10.4,0,2145.8,180661.4,72.18,62.22,21299.2,299325.8,701132.6,69.85,12.78,27616870.4,1279840.8,126117.8,87.55,26.71,97216102.4,117577.2,238465.8
901,68.02,10.4,0,2171.4,175843.4,71.43,62.17,23756.8,305372,732909,69.97,12.83,27756134.4,903285.4,125447,85.68,25.88,104428339.2,121839.4,249025.6
902,69.45,10.36,0,2138.6,180525.6,71.37,62.21,674201.6,308753.4,912615.4,78.48,14.43,27145011.2,2530.2,542590,76.5,31.13,6923878.4,124487.8,244872
903,67.92,10.36,0,2010.2,178166.6,77.6,62.12,182681.6,304721,727646.6,87.1,14.43,18320588.8,4257.4,1424345.4,100,32.6,84188364.8,127062,250097
904,68.35,10.36,6553.6,2227.8,183376,74.42,62.13,9830.4,300892.6,707644.4,77.97,14.47,17373593.6,3435.8,1419664.8,100,32.94,89901465.6,122599,245915.4
905,68.05,10.36,1638.4,2579.8,175380.8,75.2,62.25,18530304,306105.4,730800.4,77.72,14.49,8608153.6,21332.4,995439,100,34.42,86772121.6,119064,244516.8
906,69.02,10.37,0,1962.6,180430,79.6,62.24,138560307.2,297762.4,703170.8,77.13,14.51,2306867.2,1306380.6,127236,96.08,32.41,84815872,125757,249569.2
907,67.88,10.38,0,7267,175859.8,80.57,61.96,96185548.8,304563.8,747712.8,77.53,14.51,3984588.8,1290097,128938,93.78,32.43,80969728,130622.2,252268.4
908,68.15,10.36,0,2197.6,180139.2,80.52,62.22,88455577.6,301600.8,713258,74.33,14.51,3565158.4,1260377.4,128242.4,92.37,32.41,85177139.2,125590,250753
909,68.95,10.38,0,1868.8,180855.8,80.52,62.38,126589337.6,304876.4,738017,99.2,26.91,2516582.4,2040.4,3673378.4,77.5,31.25,62620467.2,113936.6,231801.2
910,67.95,10.37,0,2016.6,176907.6,81.73,62.55,105317990.4,299898.4,705665.8,99.92,27.84,2097152,1836.4,4060961,100,33.18,83793510.4,119949.4,242971.6
911,68.98,10.38,0,2158.4,182382.6,73.22,62.17,8633548.8,306586,732645.4,99.97,23.82,2516582.4,1607.2,3944882.8,100,32.43,88262246.4,118781.2,244244.8
912,68.82,10.38,0,2127.2,176873.4,71.1,62.35,28672,299354.4,702147.8,100,22.96,2097152,1638476.4,421977.2,100,32.72,87713382.4,118951,241003.2
913,68.3,10.39,0,2150.6,175997.2,71.25,62.49,18022.4,305216.6,739423.6,99.97,27.65,2518220.8,3533702.2,125758,100,32.45,88517017.6,121305.2,248563.4
914,68.15,10.38,0,2143,180530.8,71.1,62.63,13926.4,307420.2,903576.8,84.1,27.82,9032499.2,1909595.2,1068226.2,100,31.36,88755404.8,117770.8,238168.8
915,68.93,10.37,0,2032.2,178394.8,77.35,62.57,4915.2,305977.8,741061.4,99.85,19.63,20650393.6,2459.6,2715314.4,97.47,30.78,90443776,115716.4,237886.6
916,68.45,10.37,0,2116.6,180549.2,75.13,62.57,752844.8,302497,723078.8,96.3,19.52,8178892.8,2003.4,2699202.6,77.33,29.13,81438310.4,123337.6,243456
917,68.07,10.37,0,2194.8,178256.6,73.27,62.09,143360,306822.6,736880.6,94.98,19.02,14929100.8,25311.4,1760456,97.98,28.47,94248140.8,121483.2,249871.2
918,69.07,10.39,0,2082.4,179872.2,71.17,62.12,11468.8,298414.2,702972.4,95.67,19.97,13488947.2,2509373,127814.2,95.2,29.41,92550758.4,124862.6,246806.2
919,67.83,10.39,0,2219.2,175633.4,71.43,62.08,18841.6,305449.2,726016,91.95,19.57,23488102.4,2559172,127748.8,95.45,29.22,100177510.4,130073.4,255156.8
920,69.08,10.39,0,2491.4,180578.4,71.23,62.11,13107.2,302566.8,708680.8,79.88,19.61,6078464,2540049.4,128570.6,92.12,29.16,99151872,120831.2,241684
921,67.97,10.39,0,2320.8,178031.8,76.73,62.13,4915.2,305050.6,729221.2,68.05,19.58,2516582.4,1787.4,125634.2,89.72,27.62,93248716.8,117168.2,239871.4
922,67.98,10.39,0,1932,183371.4,74.62,62.11,587366.4,302644.2,705887.8,68.73,19.59,2516582.4,1936,127745.4,93.15,27.51,99916185.6,122158.4,246866.6
923,69.18,10.4,0,2196.4,175019,72.07,62.2,265420.8,307450,735909.6,68.58,19.59,4618649.6,2755.4,126752.2,73.7,25.9,29491.2,123768.2,243031.2
924,67.82,10.4,0,2008.8,180196,72.38,62.22,172851.2,303065,732643.2,68.58,13.52,5244518.4,3298.2,127020.6,74.08,25.91,0,124571.6,246014.6
925,68.88,10.4,0,2090.8,175479.4,72.28,62.2,48332.8,304270.2,731382,68.32,13.52,3270246.4,2732.6,126427.4,73.88,25.9,18841.6,121873.4,240806.4
926,68.27,10.4,0,2013.6,179784.8,71.5,62.23,11468.8,308743.2,907252.8,68.82,13.52,2516582.4,2020.4,128201.4,74.07,25.9,8192,117186.2,236366.4
927,68.83,10.39,0,2147.6,177869.8,77.37,62.24,67993.6,305865.6,727434.2,68.1,13.52,3150643.2,2125.6,125622.4,73.58,25.9,0,120282.6,236948.4
928,68.47,10.38,0,2183.4,180686.6,71.57,62.17,1688371.2,308952.8,743261.6,78.23,15.14,2097152,3813.6,517196.6,73.92,25.9,40140.8,126161.6,249063.6
929,67.97,10.38,0,2780.4,178267.8,71.3,62.21,31129.6,297800.2,704190.2,87.63,14.38,2775449.6,3347.8,1406113.4,73.98,25.89,0,124916.4,243338.2
930,68.85,10.39,0,1962.8,183088.8,73.17,62,44236.8,306324,749773.4,87.08,15.13,2937651.2,3244.8,1422377.4,74.15,25.89,0,125024.4,245951.8
931,68.5,10.4,0,2226.6,172220,71.6,61.99,173670.4,298496.6,706459.4,91.27,15.13,6689587.2,3845.8,1034661,74.05,25.88,2457.6,128607.8,250285.8
932,69.18,10.38,0,2396.2,180145.2,76,62.19,14745.6,308134,733241.4,89.97,14.59,8264089.6,4456.8,131326,73.97,25.89,0,125043,246273.4
933,68.37,10.38,0,1966.6,182777.2,75.35,62.1,590643.2,301001,704588.8,85.85,15.1,16264396.8,2752.6,126334.6,73.62,25.88,0,119524.4,234837
934,68.45,10.39,0,2232.6,174223.6,71.33,62.04,176947.2,302312.4,724740.6,80.08,13.46,7454720,1728.2,128057.2,73.87,25.89,4096,121722,244798.4
935,67.83,10.39,0,1908.6,179570,71.03,62.06,5734.4,302244.2,705893.4,69.18,13.45,8834252.8,832789.2,126523.4,73.65,25.9,0,124084.6,242699.2
936,68.15,10.38,0,2193.2,175527.4,71.65,62.08,38502.4,305923,728324,69.75,13.48,8811315.2,1274028.2,127077,73.85,25.9,0,122659.8,242298.4
937,69.03,10.38,0,2071.8,180281,72.88,61.87,13926.4,304098.8,897479.4,69.52,13.47,9931980.8,1281182.2,126556.2,74.07,25.89,2457.6,124460.2,246022.4
938,68.15,10.37,0,2190.8,177866.6,76.38,62.03,89292.8,308359,733748,68.53,13.48,7911833.6,479472,128469.6,73.85,25.89,0,114696.4,230883
939,69.23,10.36,0,2097.8,180389,74.88,62.02,584089.6,302548.6,708996,69.13,13.49,13213696,1840.6,125682,73.58,25.89,0,122198,242881.4
940,68.18,10.37,0,2329.2,177896.6,71.23,62.03,13926.4,302409.4,724000,68.37,13.49,9222553.6,1854,128205,73.92,25.9,4915.2,119750.2,242024.8
941,67.85,10.37,0,1931.6,179286.6,71.03,62.04,6553.6,300596,709397.6,69.9,13.55,9941811.2,2203,128719.2,73.65,25.9,0,122780.2,241082
942,69,10.39,0,2223,175024.2,71.25,62.04,26214.4,301854.2,721991,99.97,26.77,16596992,3593.2,3796883.4,74.05,25.9,3276.8,125835.4,247870.8
943,68.03,10.38,0,2521.4,180048.8,71.5,61.94,31948.8,304671,710050.4,99.97,26.78,10629939.2,2853,3986609.6,73.72,25.89,2457.6,121952,241705.2
944,67.88,10.38,0,2543,178216,76.5,62.07,5734.4,306253.6,730437.2,99.92,21.81,10179379.2,2932.4,3964403,73.98,25.88,0,120600.6,239784
945,68.83,10.38,0,1979.4,183136,75.07,61.81,149094.4,301636.6,705256.2,100,20.83,13023974.5,3216.93,359155.38,73.78,25.89,819.2,124443,243558.8
946,68.08,10.38,0,2219.8,174659.6,71.17,61.53,590643.2,307040.4,741757.4,99.98,21.42,9165828.11,1211165.46,131395.58,74,25.89,2457.6,125271.4,247457.8
947,68.93,10.38,0,1922.4,179786.6,70.93,61.61,5734.4,296567.2,694255,99.97,23.76,13431603.2,3719138.2,126613,73.62,25.9,19660.8,121958.4,240680.4
948,68.07,10.38,0,2373.4,175510.6,71.33,61.73,31129.6,305534.4,736648,73.37,20.02,13236633.6,3923235.2,124969.4,74.12,25.9,10649.6,119480.6,240881.4
949,69.38,10.39,0,2041.8,179997.8,71.35,61.83,18022.4,311692,909977.2,70.08,13.45,8468889.6,2496.4,128341,73.73,25.89,2457.6,120660.4,239806.8
950,67.72,10.39,0,2180.4,181429.8,77.95,61.67,24576,305558,757598.4,68.5,13.45,2605056,2974.8,126642.2,74,25.88,0,116942.6,235929.6
951,68.55,10.39,0,2050.6,176944,76.02,61.71,5734.4,301512.8,712435.2,68.25,13.48,10718412.8,8039.8,131518.8,73.67,25.89,2457.6,125098,244123.8
952,69.2,10.4,0,4678,178329.2,74.25,61.76,789708.8,305516.4,783989,68.68,13.49,13071155.2,4654,127698,73.92,25.89,2457.6,126127,247128
953,67.73,10.4,0,2004.4,179783,72.17,61.76,11468.8,301899.8,727405.4,69.05,13.49,5627904,1709.4,125501.8,80.12,26.84,94804377.6,125278.6,1379770.4
954,68.88,10.41,0,2189.8,178624.2,72.28,61.74,31129.6,303136.4,728368.6,68.1,13.51,13670809.6,1532.2,125491.6,88.08,26.88,93220044.8,119869.2,1536357.6
955,68.02,10.4,0,1963.8,176255.4,71.25,61.74,16384,298465.6,704878.2,68.82,13.51,12874547.2,1820.4,128288.8,87.27,27.03,105367961.6,119242.8,1530135.4
956,69.13,10.39,0,2295.2,177881.4,76.48,61.74,344064,303818.2,726946.8,68.67,13.5,10797056,2410,126744.8,87.55,26.79,102617088,854053.6,390774.6
957,68.03,10.39,0,1989.2,179728.8,75.02,61.61,54067.2,300068.4,706001.4,85.45,25.86,12627148.8,4887.4,131501.8,87.82,26.78,101312102.4,1421200.8,252913
958,69.3,10.39,0,3727.6,178122,71.5,61.75,599654.4,305233.8,755401,99.95,26.78,21009203.2,4298.2,132649.2,87.62,26.79,60414361.6,682407.4,2110584
959,67.72,10.39,0,1966.6,182663,72.03,61.57,105676.8,297936.2,709988.8,99.9,19.06,7613644.8,1764.8,121044.2,100,33.13,81362124.8,119034.8,4092983.4
960,69.05,10.39,0,2226.8,172097.4,71.45,61.57,36864,299709.6,720521.6,100,22.69,21533491.2,1599,126525.4,100,33.5,91322777.6,120547.8,4110340.4
961,68.23,10.38,0,2101,183239.2,71.35,61.55,66355.2,311373,910122.2,99.98,22.56,13690470.4,1727.6,128241.4,100,32.82,87783833.6,232249.6,2259301.8
962,68.98,10.38,0,2212.4,174983.8,77.12,61.65,8192,305382.2,730011,99.95,26.58,6299648,2116.4,126555.4,100,33.87,86386278.4,4050811.2,247890
963,68.27,10.37,0,2164,180823.6,74.52,61.71,5734.4,306864.6,737028.8,83.13,16.82,2518220.8,1696.6,128321.8,100,32.53,87092428.8,4211569,244812.8
964,67.83,10.38,0,2258.6,178327,71.92,61.7,9011.2,298868.6,709097.6,85.37,26.1,17322803.2,1929.6,128506.4,87.52,31.35,88973312,3742820.8,237815.2
965,69.12,10.39,0,2265.4,179852.8,71.58,61.7,22118.4,301547.2,724085.2,99.98,26.88,7549747.2,1690.4,126435.4,100,29.34,79144550.4,120746.8,2800540.2
966,67.97,10.39,0,2201,175339.8,71.07,61.74,13926.4,306745.2,734930.6,99.98,25.02,5834342.4,4101.8,124381.8,99.63,29.69,86523084.8,123294.8,2814831.8
967,69.17,10.38,0,7367.8,184026.8,76.42,61.71,38502.4,302646.2,725127.8,99.98,20.64,19995033.6,2321.4,128512.6,94.18,29.26,80194764.8,119796.6,2832529
968,69.27,10.38,0,2583.2,175091.2,74.02,61.74,158924.8,305007.2,719628.6,100,25.67,18628608,2603.4,126678.6,95.45,27.68,89665536,1779078.4,266123.8
969,67.83,10.38,0,2176,177852.8,70.87,61.71,625868.8,302244.4,722237,99.95,23.83,13811712,4508.4,131453.2,94.98,29.31,102966067.2,2709464,255259
970,69,10.38,0,2231.2,179968,71.83,61.7,33587.2,303734.2,723496.4,83.85,16.99,13547929.6,3938.8,128006.8,99.02,27.61,105161523.2,2698115.8,245763.6
971,67.97,10.38,0,2048.2,175597,72.45,61.74,18022.4,306673.4,737155.4,77.77,15.34,15731916.8,1943.6,125420.4,90.43,30.53,91457945.6,999438.4,1718026
972,69.37,10.35,0,2258.6,183720.8,71.62,61.74,23756.8,308535.6,911189.6,87.1,13.7,7808614.4,1989.8,126557.8,100,29.61,94200627.2,120853.6,2814707
973,68.4,10.36,0,2108.4,175400.6,76.52,61.77,419430.4,305089.8,726882.8,87.18,14.9,10582425.6,1575,128394.2,100,29.74,87523328,114818.8,2808275.8
974,68.12,10.36,0,2881.8,182230.4,75.25,61.72,159744,307515.2,723377.8,89.5,15.33,15725363.2,2358.6,127002.6,100,29.32,87789568,409323.4,1371806
975,68.23,10.36,0,2114.8,178347.6,71.17,61.73,26214.4,302879.6,723483.2,88.67,15.3,9561702.4,1710.4,129022,100,27.24,94866636.8,2944393.6,247386.4
976,68.8,10.37,0,2218,180332.6,71.03,61.76,320307.2,302537,707598.6,85.88,15.32,19909836.8,2417.2,126693,100,29.2,90622361.6,2695924,243035.6
977,68.13,10.38,0,2135.8,175842.8,72.42,61.57,20480,302459.4,733925,76.95,15.34,11531059.2,1614.2,125439.4,88.83,31.11,68907008,2201150.8,645295.6
978,69.15,10.37,0,2086.8,180427.4,71.4,61.57,11468.8,306329.2,719923.8,77.18,15.08,10541465.6,1844,126782.2,100,34.28,77621657.6,120556.6,4096788.6
979,68.05,10.36,0,2201,177684,77.1,61.69,15564.8,297565.6,712992.2,85.17,15.18,2726297.6,1682.8,128415.6,100,32.85,108923289.6,128832.4,4565749.6
980,67.88,10.37,0,2186.6,183325,74.13,61.64,7372.8,310315.4,719231.6,85.4,14.42,8250982.4,2009.2,126784.6,100,32.8,80176742.4,112928.4,3269962.4
981,68.15,10.37,0,2059,174750.8,71.1,61.64,151552,304975,729663.8,92.48,15.45,9219276.8,4761.6,134446.8,100,33.45,93582950.4,1784442.4,256046
982,68.77,10.37,0,2163.6,180065.2,70.9,61.7,12288,296244,694940.8,90.03,15.48,11432755.2,3956.4,128751,100,33,89020825.6,3925836.6,248113.2
983,68.07,10.37,0,2156.2,175413.4,71.97,61.71,603750.4,309268.2,744064.2,86.47,15.49,16347955.2,1745.4,124036.6,96.12,29.24,81210572.8,4219855.2,244741.2
984,69.33,10.36,0,2653,181282,71.77,61.74,23756.8,310069.4,918717.6,76.88,13.84,7759462.4,3676.8,128699.4,91.38,30.75,76481331.2,1304121,1785431.4
985,68.07,10.36,0,2022,178369,76.54,61.78,13912.49,305228.37,730325.27,99.95,27.06,12874547.2,2164.6,126646.4,100,28.86,81281024,117400.4,2823660.4
986,68.18,10.36,0,2381.8,182061,76.56,61.81,1960667.87,307648.25,721572.97,99.93,25.21,9573171.2,1723.6,130683,96.68,29.43,78698905.6,118410.6,2811217
987,69.08,10.36,0,2110,182280.4,72.3,61.78,604569.6,306896.4,739600.4,99.97,26.16,10310451.2,1831.4,124266.2,95.63,29.21,94534041.6,354581.4,1295732.4
988,68.03,10.36,0,2200,177555.8,71.77,61.9,4915.2,299840.2,701789.4,99.98,24.57,16562585.6,1612.6,127829.4,94.9,29.28,98200780.8,2944624.4,243485.2
989,69.43,10.38,0,2011,176546.4,72.02,61.88,76185.6,304992.8,727285.8,99.93,27.08,24169676.8,1760.6,123770.2,99,29.27,95164006.4,2697877.2,240790
990,68.17,10.34,0,2495.4,181014.6,71.33,61.9,333414.4,303801.2,713808.2,84.35,17.21,7397376,2015.6,128706.4,88.62,31.32,100153753.6,2055780.2,780310
991,67.75,10.35,0,2714,182286.6,76.6,61.9,8192,306110.4,737613,84.03,23.79,1720320,2532,126714.8,100,33.53,88397414.4,118288.4,4112028.6
992,69.05,10.35,0,2072.2,177237.4,74.53,61.9,439091.2,300907.2,712437.8,99.68,18.28,2084044.8,1632.8,128732.2,100,32.67,80642048,118567.8,4110764.4
993,67.95,10.36,0,2045.2,178830.4,71.08,61.89,328499.2,309617.2,736292.6,98.5,23.82,2097152,2046.6,126869.4,100,32.58,86607462.4,120870.6,3570662.6
994,67.9,10.38,0,2228.8,180438,71.13,61.89,208896,301252.6,705896.4,92.85,23.82,2516582.4,1656,125384.2,100,32.68,81068851.2,2647920.4,248439.6
995,68.87,10.39,0,2004.8,179756.2,71.58,61.87,31129.6,305328,727162,84.87,20.61,3158835.2,2120.8,126350.2,95.48,30.8,83549388.8,3955428.2,246384.6
996,68.2,10.38,0,2182.4,176963.4,72.27,61.88,401408,310016.6,906172.6,84.7,20.62,10485760,4247.2,131219.6,81.18,26.81,72207564.8,1114263.2,1086247.6
997,68.1,10.38,0,2040.2,178274.8,76.33,61.92,78643.2,304824.8,737391.6,76.72,20.63,14104985.6,4465.8,129105.8,80.72,26.97,98471936,127948.2,1542671.2
998,69.2,10.37,0,2353.4,182209.6,76.02,61.85,28672,303562.4,710064.6,83.88,21.35,4405657.6,1606.6,128240.6,87.97,26.82,89719603.2,117576.8,1532725.2
999,67.83,10.37,0,2062.8,178591.6,71.15,61.82,21299.2,299748.8,696128.6,99.6,19.85,2514944,2259.2,126969,87.75,26.77,95965184,592094.6,693349.2
1000,68.17,10.38,0,2351.2,183885.4,71.28,61.77,72908.8,304757.6,726474.2,99.85,19.41,2097152,1563,127880.6,87.52,26.78,94076108.8,1405515,240689.6
1001,68.07,10.38,0,2021.4,172346.4,71.23,61.82,29491.2,303800.6,714609,99.93,18.9,3565158.4,1872.6,123886,87.18,26.86,96233881.6,1409607.8,246377
1002,69.25,10.37,0,2259,181423.2,77.1,61.95,54067.2,306801.6,739157.2,95.02,21.53,2767257.6,4162.2,131628.8,86.27,32.12,78423654.4,982644.8,1247082.8
1003,67.62,10.37,0,1959.2,182322.8,76.35,61.71,7372.8,301236.4,703586.4,92.95,20.41,3602841.6,4044.4,128894.8,100,33.49,78531788.8,123010.6,4116104.8
1004,69.08,10.37,0,2044,177341.2,71.37,61.7,584908.8,307899.6,740054.8,81.92,18.02,2745958.4,1712.6,128653.6,100,32.25,91235123.2,122346.4,4121018.6
1005,68.25,10.38,0,1985.2,177024.4,72.27,61.71,8192,302705.8,748923.4,83.67,24.63,1833369.6,1821.6,126720.4,100,31.53,88612864,118284.2,3103177.2
1006,68.6,10.38,0,2300.6,179108.2,72.37,61.75,33587.2,301031.2,738416,99.7,24.29,4613734.4,1676.8,125412.4,100,32.92,90426572.8,2887852.8,245102
1007,68.37,10.37,0,2165.6,180559.6,71.58,61.78,12288,309775.6,917126.4,99.82,22.19,3357081.6,2298.8,126592.4,100,32.56,88825856,4153540.8,247512.8
1008,67.13,10.38,0,1969.8,178317.2,76.75,61.82,44236.8,302649.4,728546.6,99.78,22.53,2570649.6,4549.2,131309.4,92.22,32.41,84916633.6,4009404.2,252706.8
1009,68.98,10.37,11468.8,2080.8,176772.8,74.58,61.94,225280,304056.8,719680.4,99.87,23.13,3565158.4,3873.2,128874.8,85.95,26.97,76198707.2,487473,1202367.4
1010,68.8,10.38,44236.8,2643.4,178648.2,72.72,61.74,13107.2,304130.8,733903.6,99.9,22.28,2097152,1567.6,127932,78.15,26.87,84281753.6,117209.4,1526394.6
1011,68.32,10.38,8192,3193.2,180364.2,71.32,61.74,583270.4,300334.6,724148.2,86.03,14.84,2516582.4,5829.6,127491.4,83.2,26.85,87237427.2,123951.2,1543828.4
1012,67.73,10.4,3276.8,3605.2,178896.8,71.53,61.74,36044.8,302407.6,749606.8,83.48,25.69,8683520,3008.6,125658.4,87.73,26.85,90371686.4,533886.4,578108.6
1013,68.08,10.39,0,3066.4,177728.8,71.43,61.79,13107.2,304590.2,710782.4,99.98,28.1,6684672,2041.2,128536.8,86.97,26.94,106519756.8,1473581,240838.4
1014,68.78,10.39,0,2136.2,181384.4,76.42,61.77,411238.4,304061.4,727296,99.97,27.53,8798208,2620.4,129359.2,87.55,26.81,92549939.2,1410790.2,245142.2
1015,68.25,10.39,3276.8,2583,177632.4,74.43,61.83,64716.8,303807.4,716936.6,99.95,27.41,9322496,2212.4,124035.4,76,25.93,35448422.4,866710.2,240933
1016,68.02,10.39,0,2140.6,181812.4,71.3,61.78,5734.4,305610.2,730013.6,99.98,26.31,8855552,1896.8,130431.2,73.83,25.92,6553.6,119187.2,238746.8
1017,68.97,10.39,0,3141,177035.8,72.3,61.73,677478.4,298171.8,696066.8,99.97,24.74,10149888,2393.4,124874,73.52,25.92,0,125427.2,246678.4
1018,67.1,10.4,0,2171.4,179087.6,71.38,61.88,27852.8,309166.4,767918.8,84.88,23.64,6463488,4676.4,127659,74.1,25.91,0,130070.4,248717.8
1019,69.73,10.38,0,2101.4,180803.6,71.33,61.76,85196.8,305972.8,911069.2,83.35,27.11,6853427.2,3385,128695.2,73.85,25.91,2457.6,121608.4,238691.2
1020,68.27,10.38,0,1988.4,174902.2,76.48,61.85,4915.2,306103.8,739706,99.8,23.64,7557939.2,2108,128784.4,73.93,25.9,819.2,120046,241249
1021,69.12,10.4,0,2114.4,180908.4,74.03,61.82,395673.6,300511,709271.4,94.02,18.45,5039718.4,2079.4,128119.8,73.6,25.9,18841.6,121652.8,243401
1022,67.78,10.39,42598.4,2248.2,178628.6,71.9,61.91,9830.4,303975,727831.6,93.4,22.11,2482176,1824.6,126698.6,73.98,25.9,28672,119590.4,241148.2
1023,68.08,10.4,6553.6,2163,180646.4,72.02,61.99,166297.6,297411,701998,93.62,21.7,9358540.8,1983.8,126559.8,73.9,25.9,0,121198,236103.4
1024,69.23,10.4,0,2094.4,175651,71.22,61.96,312934.4,304825.6,729154,76.88,21.71,3535667.2,1999.2,126087.2,74.08,25.91,0,123158,247331.4
1025,67.77,10.39,0,2417,184195.8,71.13,62.06,15564.8,303293.8,710929.4,68.73,18.31,8613068.8,3777.2,130185.6,73.82,25.9,2457.6,122711.4,241129.8
1026,68.07,10.39,0,7084.2,175508.6,76.95,61.99,4915.2,307900.6,751361.4,68.05,18.32,15925248,4164.4,126839.2,73.82,25.9,2457.6,122820.6,239606.4
1027,69.07,10.4,16384,2030,180843.6,84.2,63.28,45103513.6,300820.6,726739.6,68.67,15.09,7566131.2,3560.6,129921,73.8,25.89,0,123706.4,242070.6
1028,96.02,21.78,1292697.6,2010.2,3305810.8,89.88,63.13,104510259.2,307648.4,767076.8,68.8,15.1,9389670.4,3308,130632.2,74.07,25.9,2457.6,125164.4,247052.2
1029,99.98,23.66,71560396.8,1962.8,4100961,89.95,63.23,100503552,299467,703333.8,68.42,15.11,17514496,1911.4,122888.8,73.67,25.91,0,124439.2,244457
1030,99.97,19.87,50123571.2,1990.6,3997434,90.78,62.78,103712358.4,303047.6,728470,69.98,15.07,12825395.2,1833,128244.2,73.92,25.89,4915.2,123745.8,244487.6
1031,99.92,18.72,18731827.2,2102.8,914950.6,90.05,62.78,105540812.8,310361.4,911659.4,68.55,15.08,27549696,2015.6,126175.8,74,25.89,0,116445.2,234938.6
1032,99.97,16.21,5673779.2,1031326.2,180901.6,94.32,63.19,100672051.2,308800.96,757634.29,69.12,14.96,26828800,2173.8,125715.8,73.62,25.9,0,122180.8,239825.8
1033,99.98,23.67,18787532.8,4137524,185934,83.45,66.57,32984268.8,308231.4,734829.4,68.67,14.93,27610316.8,2622.6,128117.4,74.17,25.92,2457.6,119431.2,239581.6
1034,76.9,20.38,73226649.6,3786447.6,177221.2,100,64.64,96588595.2,299756.8,708326.8,69.38,14.88,27921612.8,1922.4,127516,73.55,25.91,0,119294.6,236717.4
1035,68.8,10.66,6501171.2,2316.4,178596.2,99.98,66.73,110110069.5,306995.01,735482.82,68.85,14.9,27638169.6,2087.6,122740,73.98,25.92,0,121606.6,242515.6
1036,87.6,10.67,65596620.8,2192.4,998893.2,99.78,65.39,115711589.9,305269.92,721276.13,68.6,14.9,28208332.8,2982.6,126696.2,74,25.92,3276.8,123994.2,242186.8
1037,87.32,12.28,57244057.6,2101.6,1453614.4,100,66.67,110320025.6,306123.2,735734.8,69.1,14.89,26655129.6,3633.4,129557.2,73.77,25.91,0,121590.2,239913.4
1038,88.05,12.28,6266880,2517.6,1483457.2,100,66.51,108996198.4,304325.8,713895.4,68.92,14.9,26018564.86,3311.01,128667.6,73.75,25.91,0,123924.4,242029.2
1039,91.68,12.29,41900441.6,104024.4,659443.2,89.32,61.97,83197132.8,308005,749635.8,68.6,14.82,26003903.14,3954.77,127293.58,74,25.92,4096,123250.8,246542.2
1040,91.15,12.3,71755366.4,1386288.4,183218.4,79.67,63.09,46039859.2,306811.2,722797.8,69.02,14.78,15527116.8,3775.4,128214.8,73.75,25.92,0,126290.8,242596.2
1041,89.13,12.3,69271552,1280958.8,177764.2,89.95,62.98,111084339.2,306319.2,735293.4,68.75,14.8,17639014.4,3388.2,125955.4,74.37,25.93,819.2,123740.4,244179.2
1042,74.9,10.66,9227468.8,1098374.4,182579,90.68,62.92,106906419.2,313793.8,921806.2,69.13,14.69,26248806.4,2889,126522,73.75,25.91,16384,123333,241459.4
1043,68.22,10.67,6111232,1981.2,183509.2,93.75,62.99,97522483.2,306152,736470.6,69,14.63,25690112,3547.8,129404.8,74.03,25.92,0,120804.2,238321.8
1044,72.48,12.26,31904563.2,2188.6,289987.6,95.98,62.92,97624064,300395.8,737391.8,69.14,14.57,11493058.02,2309.52,128499.4,73.65,25.91,0,122410.2,240244.2
1045,99.8,17.16,50203852.8,1963.4,2787408.2,90.75,62.93,104272691.2,308381,759602.8,68.62,14.53,240844.8,1981.8,125421,74.23,25.92,2457.6,120829.4,241968
1046,99.73,14.25,45590118.4,2222,2730987.4,82.63,61.84,82701516.8,303133,717584.8,69.05,14.55,24576,1943.8,125094.8,73.7,25.92,0,119417.4,237486.2
1047,99.78,17.02,40286617.6,2115.2,2640566.4,83.1,66.62,29645209.6,306193.8,736462.4,68.1,14.55,122880,3224.2,126316.2,74.07,25.92,3276.8,121669.8,242959
1048,99.73,14.58,6922240,1335485.8,181749.4,100,66.53,117795225.6,302318,737288.2,68.6,14.55,29491.2,3157.2,129220,73.72,25.91,9830.4,122853,241293
1049,99.83,17.97,6291456,2544140.4,178536.4,100,66.03,103015219.2,303000.8,740780.8,68.72,14.55,22937.6,2954,126227.8,84.3,26.83,96503398.4,123524,243439.8
1050,97.22,10.6,52731904,2568326,181500.4,100,66.91,105040281.6,302064.6,710967.6,68.32,14.55,414515.2,4124,129725,82.08,26.77,91993702.4,126054.8,250357.2
1051,90.35,21.31,52658176,732601.4,2624775.4,99.98,66.78,114189926.4,298982,699002.8,69.15,14.55,50790.4,4634.6,128480.4,86.9,26.8,102880051.2,129379.6,251747.8
1052,100,23.78,6291456,1979.4,4024784.2,90.5,63.06,114366873.6,304660.6,741038,68.38,14.56,26214.4,3167.2,126006.4,87.63,26.78,99522150.4,120782.6,244757
1053,99.88,20.66,4210688,1800.2,4033687.4,83.53,68.3,37526732.8,309102.8,918666.2,69.43,14.56,26214.4,1481.8,127219.4,87.52,26.77,96261732.11,121095.56,245721.91
1054,99.97,19.04,14283571.2,4047479,177385.2,100,69.22,114129305.6,306597.2,737125.6,68.76,14.55,26203.92,1920.83,125984.01,86.88,25.94,92900853.14,117266.11,239673.47
1055,99.98,20.21,71134412.8,3841504,183424,100,68.75,114346393.6,303562.8,723153.2,68.64,14.55,26224.89,1697.48,124778.11,75.03,26.92,37644697.6,116775,232215.6
1056,82.82,13.83,63039078.4,3449111.2,180731.6,100,69.85,114769920,305999.4,735780.8,68.35,14.55,26214.4,1939,127855.6,87.27,26.76,102454886.4,120453.4,245765.2
1057,68.73,10.56,28326297.6,2346.6,183169,100,71.84,123324006.4,298959.6,704984,69.12,14.55,26214.4,1690.6,125499.4,87.88,26.93,88987238.4,120798.4,245446.4
1058,69.18,10.57,6653542.4,2126.2,177802,100,69.28,121852723.2,306214,731042.2,68.25,14.55,26214.4,1753.6,124779.2,87.43,26.79,97324236.8,116656.4,238243.2
1059,99.85,23.77,42269081.6,2428.4,204817.8,90.5,62.76,121565184,305486,732535.4,68.77,14.55,26214.4,1820,127550,87.5,26.78,93756620.8,120651.2,245252
1060,99.87,23.79,29251529.98,1839.73,4015732.61,84.67,66.95,91061452.8,306488.4,738999.8,68.13,14.55,26214.4,1708.4,125025.4,86.98,26.82,100896768,114128.4,233894
1061,99.92,22.46,24977729.38,2515.81,4096331.87,100,65.83,108198297.6,303627.2,714226,68.22,14.56,26214.4,2546,130447.2,86.58,26.72,98808627.2,118518.4,249072.33
1062,99.98,22.49,37453824,1949.8,4011599.4,99.8,66.31,105628467.2,308507.6,746022.4,69.1,14.56,26214.4,4579.8,128483.8,90.86,29.24,81346806.01,130221.02,253389.79
1063,99.82,21.59,63524044.8,1750638.2,187730.8,99.42,66.16,106827776,303012.8,710454.6,68.05,14.56,26214.4,4621.2,128559.8,87.42,29.24,86836838.4,126035,251156
1064,99.93,23.84,68011622.4,4206829,174812,100,66.29,112381132.8,314497.2,914303.6,69.12,14.82,49152,7411,139754,86.77,29.2,82568806.4,120600.2,244457
1065,72.87,17.17,57378406.4,3836104.6,185909.4,93.67,61.8,77076070.4,306634.2,736538.8,68.4,14.85,55705.6,2297.2,132907.4,86.57,29.19,88155750.4,120727,246763
1066,69.37,17.15,25359155.2,1532145,179976.4,82.62,63.14,32921190.4,303452.2,713305,70,14.85,8192,7407.8,132613.6,87.57,29.27,86106931.2,117972,238349.8
1067,68.8,17.16,65678540.8,1903.8,2540292,90.48,62.73,86497689.6,305774.6,740175.4,68,14.87,44192.61,7443.16,143945.45,87.38,28.68,91919974.4,123225.6,251763.2
1068,99.78,14.2,48028057.6,2149.8,2740597,89.97,62.93,98685747.2,301688.6,717774.2,69.52,14.87,11480.28,7101.7,127640.84,75.32,26.93,20437401.6,117921.4,236705
1069,96.57,15.35,5872025.6,2633.8,2773717.6,89.95,62.73,104937062.4,304232.2,745178.8,69.38,14.92,45875.2,11421.8,140591.2,87.3,26.86,95112396.8,123704.6,250761.2
1070,93.2,17.21,6501171.2,3654.6,406393.4,89.4,62.71,99362406.4,303790.2,730225.8,68.65,14.93,37683.2,3134.4,126740,87.75,26.82,88204083.2,121943.4,244457.2
1071,93.98,17.57,29288038.4,51261.2,176746.8,94.1,62.6,95066521.6,305339.2,732789.8,68.65,14.94,24576,7167,134624.8,87.48,26.79,90066944,119712.2,242369
1072,95.5,16.15,51607961.6,2472707.4,183340.8,88.82,61.72,75003494.4,304320.4,718013.4,68.53,14.94,73728,2394.4,126660.4,86.88,26.94,100066918.4,119976.2,243753.2
1073,70.78,13.83,702873.6,2568502.4,183755.2,82.62,66.82,31895552,308791.6,739537,68.32,14.94,39321.6,1689,130736.4,87.52,26.78,92812083.2,120626.8,245929.8
1074,69.87,10.56,32627097.6,2421561.6,179340.8,99.7,66.69,108665241.6,300882.8,707527.6,68.6,14.94,39321.6,2518.2,124779,86.93,26.04,93177446.4,119113.4,242097
1075,99.55,17.19,73259417.6,1983.8,2660779.8,99.98,65.82,106882662.4,304949,739082.6,68.17,14.97,50790.4,4635.4,131075.2,74.82,26.91,31458918.4,123546.6,245718.6
1076,98.38,14.05,34116403.2,3249.8,2725671.6,99.9,66.85,116160102.4,310006.2,927679.4,69.7,14.97,58947.03,1710.37,132805.72,84.28,26.88,88405606.4,121880.6,239634
1077,95,17.17,19496960,1983.6,2772208,100,67.27,96410828.8,305899.4,732136,69.15,14.95,37683.2,1895.6,121210.8,82.17,26.85,99674521.6,119544.4,244631
1078,93.1,14.39,8142848,2422.6,294514,100,66.48,95585075.2,303494.6,712671,68.71,14.94,26230.14,1570.14,128496.9,87.38,26.79,92288614.4,117909,238485.6
1079,93.33,17.6,39577190.4,2039.6,179598,89.67,61.93,90641203.2,307455.4,735973,68.6,14.94,26214.4,1934.4,126897,87.63,26.88,89210060.8,122943.4,251550.6
1080,89.32,17.22,48247603.2,1887499.6,185099.6,82.43,69.26,34140160,301451.6,708180,68.23,14.94,26214.4,1567.4,125369.4,86.15,26.04,101829836.8,122707.6,250435.8
1081,68.18,10.37,0,1873,180192.6,70.58,61.93,194969.6,299503.6,700025.8,68.65,14.99,19660.8,1867.8,118914,73.53,25.96,819.2,113427.6,225353.4
1082,68.25,10.38,0,2199.8,183010,75.32,62.19,1044480,312573.2,864865.4,68.47,14.99,0,8070.8,123520.8,74.45,25.95,0,117104.2,231883.6
1083,68.52,10.37,0,1943,180534.6,75.42,62.16,72908.8,309452.4,774738,68.87,14.99,39321.6,8170.8,133240.6,73.88,25.95,2457.6,115365.6,228011.2
1084,68.22,10.36,0,2343,182577,85.35,63.46,53785395.2,309052.4,1365942.8,68.55,14.99,36044.8,4133,125957.2,74,25.95,0,115723,228297
1085,68.2,10.35,0,2227.2,184322.8,97.08,63.41,102125568,304307.6,2039236.8,69.4,14.97,88473.6,8357.2,127549.4,73.77,25.95,0,119347,233832.2
1086,85.55,11.76,15294464,2178.8,185873.6,90.98,64.59,113254400,307701.4,2057125.2,68.2,14.97,42598.4,3278.2,121797.6,73.93,25.95,3276.8,119814.2,235954.2
1087,82.33,12.14,63653478.4,2424.2,184614,91.02,63.52,105526886.4,409158.4,1430931,68.63,14.98,42598.4,3324.8,123696.6,73.7,25.94,0,117787.4,230661.2
1088,76.4,12.13,19203686.4,2002.6,176261.8,91.05,63.54,101705318.4,1623162.4,748525.4,69.13,14.97,36044.8,3573.4,120728,73.85,25.96,0,114554.8,229601.2
1089,76.28,12.09,16569139.2,2273.6,187137.8,91.37,63.52,105843916.8,1620726.4,906975.4,68.25,14.98,36044.8,3285.4,118297.4,73.7,25.94,2457.6,115425.2,227848.4
1090,84.15,12.05,33488896,2183,179292.2,88.82,65.56,63843532.8,1393652.2,1039280.6,68.73,14.98,32768,3700.6,126119.6,73.93,25.94,0,114597.8,226599.2
1091,85.02,12.1,51629260.8,2430,187685.2,100,69.77,138450859.7,304687.52,4652094.56,87.68,15.38,7586276.58,1959.83,119887.89,73.7,25.96,0,117245.4,231049.2
1092,71.17,12.07,56744345.6,2287.4,179637,100,70.16,128232336.1,310508.2,4705675.87,85.42,16.95,11123804.64,3744.2,121251.8,79.72,29.27,10095001.6,115065.6,235151.8
1093,84.87,12.14,56444518.4,2121.8,187884,100,69.77,132802969.6,301025.4,4374694.6,86.17,16.74,18333696,1878.6,121113.6,98.05,29.32,98094284.8,113581,232832
1094,79.42,11.81,65414758.4,2061.8,175825.2,100,71.46,127855001.6,3351202.6,707180.8,88.12,16.75,16152985.6,1648.8,117636.4,87.93,29.32,88900403.2,113618.8,231120.6
1095,85.67,11.54,34175385.6,2209.6,187289.2,97.65,65.1,128276889.6,3220767.4,732780.6,87.58,16.73,20406272,1792.6,124239.8,87.62,29.26,86568140.8,113567.2,230139.2
1096,76.33,12.16,5869677.73,2390.44,184556.18,93.12,67.02,129857126.4,1596762,2072442.6,85.92,16.73,19519897.6,4049.8,122114.8,85.78,29.26,86324019.2,118024.6,234666
1097,76.16,12.17,6293973.59,2154.86,182246.5,99.82,66.22,111868622.2,309018.39,3360268.69,72.1,15.1,14598144,1926.8,122423.8,85.32,29.25,91394048,115444.4,233825.6
1098,70.72,10.45,27308851.2,2134.4,187142.2,99.23,67.45,111091912,302883.95,3365222.69,94.3,21.67,75366.4,3791.8,122094.4,80.22,29.55,66538700.8,120653,237012
1099,91.2,22.39,12011110.4,2085.8,178994.8,99.75,67.17,106750771.2,412502,2024195.2,97.83,20.6,22652518.4,4489.2,122704,99.98,29.12,105920921.6,123022,242206.6
1100,99.97,23.67,12163481.6,2484.2,184134.4,99.38,66.76,109152665.6,3059945.8,912468.2,93.7,21.71,20373504,3860.2,121082.6,95.42,29.57,98597273.6,117642.8,234030.4
1101,99.98,18.86,45144473.6,2225.6,181825.4,100,66.75,105690726.4,2884264.8,734004.2,87.65,21.72,2516582.4,1841.2,124252.8,95.12,29.35,106712268.8,111265.4,227558.4
1102,99.92,22.44,22649241.6,2466.6,180451.2,93.37,65.26,69509939.2,2447699.8,943319,84.8,21.72,2097152,1628.6,119462.4,95.5,28.07,105574400,113191.6,229554
1103,99.88,23.7,13018726.4,2168.2,186037.4,100,66.55,111625830.4,310976.4,3357348.4,71.7,21.73,7151616,1913.8,122387.4,96.42,29.27,113013555.2,114755.8,233984.2
1104,99.92,22.44,51593216,2143.8,179790,99.7,66.56,112106700.8,298826.2,3359751.4,93.42,25.14,4200857.6,1768.8,119070.8,90.45,27.67,100641996.8,113280.2,229721.2
1105,77.88,17.15,70855884.8,2076,179290.8,99.85,66.95,111483289.6,307738.8,3142014.4,99.87,17.42,2475622.4,1760.8,116784,80.15,31.36,54123724.8,113875.8,231060
1106,91.27,22.7,51449036.8,2660.4,187408.6,100,66.74,129375436.8,2211465.6,716118,97.75,20.45,3540804.48,1802.28,126501.4,100,31.95,103638630.4,113570,230074
1107,99.85,23.76,20769996.8,1927.4,181705,100,66.82,142928281.6,2870125.8,733105.4,93.13,21.36,7792070.43,4261.9,117523.21,100,32.69,104651980.8,122881.6,239299.8
1108,99.98,22.31,45999718.4,2074.8,180527.2,87.42,63.24,104864972.8,963476.8,1596404.6,93.48,22.33,6165299.2,4657,126863.2,100,33.16,100046438.4,121065.2,240251.6
1109,99.97,21.24,16986931.2,2115.8,181862,90.33,63.18,104137523.2,302186.2,2020839,94.55,21.92,3188326.4,2330.4,120597.4,100,31.57,101863424,113578.4,230719.4
1110,99.97,23.77,5872025.6,2515,186565.2,90.65,63.22,104491417.6,309303.4,2067368.8,74.33,18.62,3827302.4,2627,120005.4,95.15,27.8,101489868.8,116613.4,234880.4
1111,78.25,11.05,37335859.2,2087,184434.8,90.5,63.3,107586355.2,773529.2,1380489.2,93.6,25.28,2937651.2,3552.8,121432.4,77.98,26.86,96855654.4,120741.8,236827.6
1112,82.08,12.66,68917657.6,2023.2,181746,94.5,64.36,111754444.8,1593385,732281.4,97.53,22.99,3984588.8,3324.4,124387.6,87.22,26.88,95649792,112946.6,229284.6
1113,78.37,12.69,6293094.4,2532,181416.6,95.58,63.25,117132492.8,1596814.4,716369.4,93.05,25.25,2516582.4,1624.2,119124.6,84.25,26.87,98858598.4,113050.8,229652.8
1114,76.42,12.68,6291456,2085.8,182095,86.5,66.49,67500441.6,1160821.4,1387032.2,93.22,25.28,2516582.4,1753.2,122214.6,83.5,26.88,104102297.6,113844.4,233355.2
1115,76.15,12.69,5862195.2,2118.4,183435.8,99.78,65.39,117170176,300713,3331750.2,93.33,25.69,2097152,1543.4,117098.4,87.63,26.85,105711206.4,112386.2,228778.6
1116,77.72,12.54,65149337.6,2541.4,179367.6,100,66.99,117109555.2,307928.6,3368362,93.8,25.28,2097152,1867.8,120814.2,87.78,26.85,106758144,115036,234497.8
1117,77.3,12.48,60533964.8,3106.2,183905.8,99.27,66.97,117717401.6,306193.6,2712562.2,74.59,18.78,3981403.68,1779.78,118912.47,84.88,26.1,98316288,112479,228570.8
1118,70.42,12.44,1223884.8,3679.2,182168,99.88,66.5,87011328,2609419.6,757413.4,99.87,20.4,8875212.8,3000.8,117298.6,77.16,26.99,11177608.96,117237.31,231510.8
1119,90.4,19,62259.2,2274,187388.6,100,66.59,104835481.6,2910393,715868.2,99.88,20.64,24197983.22,1935.68,124219.14,87.73,26.9,103304396.8,114639.2,229949.8
1120,99.73,15.98,41325363.2,2070,178745,91.87,61.92,98949529.6,2876224,745377.2,99.93,19.96,26169799.84,1603.48,118966.77,87.6,26.94,100615888,113828.93,233071.03
1121,98.22,17.28,21572812.8,2386.6,184570.8,96.37,70.88,99360768,561351.6,3923875.4,99.73,22.97,17559202.88,1797.12,118692.88,87.33,26.9,107399577.6,112473.6,228879.6
1122,92.93,14.02,6651904,2126.6,182169,100,70.72,122561331.2,307059.4,4663494,97.85,20.66,22165913.6,1710,117616.6,87.63,26.85,93370777.6,113360.2,230700.2
1123,93.02,17.69,6683033.6,2174.2,180450,100,70.34,142563714.7,1162523.28,1482515.48,74.97,18.51,12282273.62,1745.96,121985.22,85.18,25.99,103806566.4,115139.8,226759
1124,93.83,17.33,42293657.6,3625.8,182642.8,100,69.68,127076862.5,3154021.42,721930.73,80.81,20.12,3780165.83,3171.64,121442.82,78.4,29.6,18866995.2,114177.8,228330.2
1125,90.43,30.33,60162048,2268.8,185878,100,68.87,119448371.2,3278441.8,741769.4,76.67,20.13,2516582.4,1955.6,122246.8,100,32.61,91193344,113342,232289.4
1126,99.97,30.48,18112512,2092.8,183778,85.43,70.12,127898419.2,2540030.6,1509729.2,76.83,20.13,1720320,1510.2,117386,100,32.4,103809843.2,112922.8,229363.4
1127,99.97,29.28,4682547.2,2029,175568.6,100,70.99,128513638.4,304700.4,4654731.8,76.18,17.15,2675507.2,1726,120634.6,100,31.72,94701977.6,115777.2,234872
1128,99.95,28.04,75366.4,2206,184529.8,100,70.67,124461875.2,307465,4680698.4,76.9,17.15,2308505.6,4144,119661.2,100,32.98,94729830.4,122663.2,239003.4
1129,99.97,21.98,62983372.8,2194.8,181978.2,100,69.9,127757516.8,308420.2,3875698.2,76.48,17.15,4404019.2,4657.2,125747.8,100,32.97,96967884.8,118022,234991.8
1130,99.95,21.04,50878873.6,2454.2,184497.2,100,72.2,128289996.8,2553036.4,720236.4,92.65,30.28,1815347.2,1989.2,123653.8,95.4,29.28,94316953.6,113258,229097.4
1131,79.87,14.1,5662310.4,2405.4,185666.8,100,70.42,127209472,3623773,748818.8,99.92,30.37,1204224,2825.4,119765.6,79.03,29.48,91445657.6,113901.4,231208
1132,89.75,17.43,2454323.2,7668.4,189405.6,92.67,62.68,125350707.2,3600560.8,733165,99.98,27.3,9802547.2,2441.2,119163.2,100,29.64,89258393.6,115568.8,234784.8
1133,99.33,15.54,47048294.4,2199,172610.8,90.85,68.33,122713702.4,1299770.6,3185749.2,99.73,27.8,7713587.2,3728.6,120459,100,29.3,113888460.8,121232.2,238752.8
1134,94.43,17.2,71924121.6,1943,187021.6,100,70.12,124401254.4,306593,4680821.4,99.78,28.76,5242880,2780.4,124016.6,100,29.77,106613964.8,110024.2,224687.8
1135,91.32,17.42,45719552,2124.8,177967,100,68.07,123383808,703141.4,2236263.4,92.5,28.78,2516582.4,1845,118759,100,29.38,116321484.8,112329.2,228214.2
1136,84.48,17.48,6239027.2,2182.8,184652.8,100,68.03,117388902.4,3504479,749109.8,74.58,28.77,5097062.4,1679.4,120660.8,96.08,26.02,115823411.2,113114,231901.4
1137,73.49,17.44,8755159.07,1882.29,185047.76,100,71.27,113326489.6,3597949.2,719889,92.5,42,3057254.4,1969.2,124142.4,76.07,26.96,53186560,114726.4,229843
1138,89.89,17.44,72157156.12,2386.91,179830.66,84.13,64.17,97327513.6,3073283.4,743463.4,99.97,35.7,2726297.6,1720,116775,78.07,26.9,107326668.8,113918.8,233033.6
1139,99.77,15.75,31180390.4,2176.2,186539.8,88.63,64.11,88788992,302176.8,1986523.2,99.95,27.21,3774873.6,1796.2,118979.4,86.83,26.87,94312038.4,112484,228950.4
1140,99.88,15.55,5916262.4,2213,177818,93.78,63.64,80779673.6,307330.2,2048518,99.98,31.93,2723020.8,1789.4,119190.4,78.87,26.87,106088038.4,110623.6,226341.2
1141,99.82,14.94,28447539.2,2128.4,186520.2,96.45,63.38,78553088,301982.6,2025896.6,99.97,27.96,2306867.2,1713.8,121566.4,87.52,26.91,100606771.2,112659.4,228971.8
1142,96.25,17.76,25323110.4,2077.8,178570.2,90.27,63.26,87914086.4,1196386.2,776625.8,99.95,26.87,2315059.2,1778.2,117219.8,87.42,26.87,104575795.2,113088.4,231513.2
1143,93.85,17.35,70649446.4,2060.6,186912.6,89.42,63.26,94153932.8,1596673.2,714586.8,92.08,25.79,2264268.8,2136.8,121079.8,85.48,26.04,104962457.6,113025.6,228585.2
1144,76.68,14.12,19749273.6,2142.8,178966.4,89.1,63.06,86577152,1597363,760310.8,98.1,24.57,2516582.4,4301.2,121229.8,78.17,32.48,16042393.6,116799.2,234712
1145,89.23,20.68,7436697.6,2036.6,183230,72.85,62.13,29682892.8,749023.2,919730.4,86.62,25.8,2246246.4,4769.8,125666.2,100,31.71,84654489.6,123418.6,240798.6
1146,98.77,20.55,24787353.6,2122.4,180608.8,76.8,62.08,52428.8,307425,731746,84.45,25.81,2485452.8,1951.4,121601.4,100,30.4,103706624,118274.8,234736.6
1147,94.23,14.49,41143500.8,2817.2,183656,75.25,62.08,54067.2,307166,711108.2,84.9,25.81,1284505.6,1720.6,119055.2,100,31.97,102092800,113472,229709.4
1148,93.9,16.7,27007385.6,2338.6,177667.8,72.1,62.05,8192,307308,728323,84.7,25.82,1676083.2,1633.4,119013.6,100,34.65,92567142.4,113238.4,231858.8
1149,93.12,17.82,1515520,2002.6,186400.4,71.22,62.06,5734.4,301514,706605.6,72.48,25.82,3145728,1792.8,118504.2,100,32.12,93845094.4,112852.6,229252.6
1150,93.82,17.42,43448729.6,2380.6,179085.2,71.6,62.06,18022.4,309068.6,739684.4,79.4,17.63,20258816,3431.8,122955.8,95.95,30.94,94086758.4,114883,233134.4
1151,77.57,14.12,1603993.6,2167.4,180765,71.47,62.06,589824,307390.4,724503.2,76.58,17.64,9383116.8,4167,126733.8,78.28,29.37,94587289.6,121317.6,237457.4
1152,69.28,14.06,42873651.2,2552.4,181504.4,76.92,62,71270.4,309419.6,739227,76.3,17.64,3817472,2250,117632.4,95.18,29.73,92709683.2,113554.8,230109.8
1153,69.42,10.72,25013452.8,2012.8,182772.8,75.53,61.8,6553.6,305014.6,709702.2,76.2,17.64,5455872,1746,121010.4,94.08,29.37,105159065.6,115231.8,234388.6
1154,68,10.72,17072128,2238,184626.6,71.05,61.82,132710.4,309497.6,742131.4,77.03,17.6,3633971.2,4403.6,125090,96.72,29.27,106149478.4,120682.6,236534.8
1155,69.12,10.72,32004505.6,1980.8,182961.4,70.95,61.85,19660.8,303177,701684.2,76.45,17.6,4626841.6,4158.2,118186.4,95.38,29.33,102666240,119585.8,238681.8
1156,68.75,10.73,35417292.8,2691.6,175190.4,71.17,61.82,22118.4,309040.6,734100.2,70.38,17.58,7136870.4,2595.8,119830.8,92.57,27.64,105200025.6,113244,228970
1157,69.02,10.73,73621504,2875.8,186991.8,76.53,61.84,12288,310062.8,735965.2,68.93,17.53,6982860.8,1745,123567.2,74.77,25.97,86657433.6,111291.8,224717
1158,68.22,10.73,32287948.8,2129.6,177919.6,74.38,61.86,7372.8,306865.4,712036.8,68.13,15.97,3948544,3064,121615.2,73.43,25.98,129433.6,117567.8,230685.8
1159,69.5,10.72,7480934.4,3032.4,184246.2,72.58,61.77,5734.4,309674.2,733322.6,68.93,15.93,6094848,2060.8,119342,74.4,25.98,45875.2,116061.8,230878.2
1160,69.12,10.71,45957120,2473.8,184754.2,71.18,61.73,181862.4,300564,705039,69.02,15.94,10030284.8,3688.8,121728.2,73.55,25.98,0,118203,231402.8
1161,69.82,10.62,18073190.4,2357.8,175053.2,71.62,61.66,33587.2,308464.8,731603.6,68.15,15.95,10102374.4,3062,122299,74.03,25.98,0,117629.8,233117
1162,68.52,10.63,5755699.2,2105,186254,71.27,61.57,637337.6,304889,709541.2,68.88,15.96,6240665.6,3104,118979.2,73.75,25.97,2457.6,117872.4,230964.6
1163,68.33,10.52,12674662.4,2277.8,181523.8,77.15,61.59,334233.6,308501.2,733877.8,68.98,15.96,15135539.2,2990.6,122926,73.87,25.97,819.2,112343.6,226567.6
1164,68.33,10.51,44236.8,1951.6,182901.8,76.05,61.65,36864,307182,733730.6,68.33,15.98,10913382.4,3132.2,123247.2,73.65,25.98,4915.2,120249.8,231139
1165,68.05,10.52,0,2238,181437.6,73.07,61.64,6553.6,313031.8,737260.8,67.95,15.98,1441792,3213.6,122338.6,74.1,25.98,2457.6,119038.6,235762.6
1166,69.1,10.52,0,1989.6,182636.8,74.15,61.69,21299.2,304194,751916.8,68.67,15.99,11621171.2,1979.2,119446.8,73.55,25.98,0,112872.8,225622.4
1167,67.83,10.53,0,2150,178763.8,72.53,61.7,121241.6,308464.8,758767.6,69.05,15.99,16508518.4,1814.6,118122.4,73.85,25.98,0,113503.6,228630.2
1168,68.85,10.53,0,2132.2,179781.4,71.57,61.67,603750.4,310918.2,909563,68.1,16,6279987.2,2048.2,119225,73.98,25.97,3276.8,112686,225130.4
1169,68.35,10.54,40960,2070.4,184384.4,79.13,61.79,61440,309226.2,783123.2,68.43,15.99,17949516.86,1807.7,122842.61,73.73,25.97,0,110683.8,222667.4
1170,68.58,10.55,0,2414.6,180213.2,77.07,61.81,9011.2,309304.4,731504.4,68.53,15.94,19373661.12,2090.23,119966.91,73.73,25.98,3276.8,114151.4,226418.8
1171,67.88,10.54,0,2393.6,185088.4,72.43,61.81,5734.4,309765.6,762269.6,68.7,15.94,13823180.8,1773.8,119676.6,74,25.98,7372.8,113910.6,229247.2
1172,68.33,10.55,0,1920.2,182707.6,72.92,61.74,6553.6,301943.4,714451,68.98,15.94,15400960,2036.4,119698.8,73.72,25.98,0,113257.8,226234
1173,68.53,10.55,0,2245.2,174726.8,72.68,61.73,18841.6,306474.8,732747.6,68.22,15.94,16800153.6,1738.6,118111,73.98,25.99,7372.8,113839.6,228806.6
1174,68.02,10.54,0,2032.2,185892,71.68,61.73,603750.4,303781,710118.2,68.8,15.94,12645171.2,1836.2,121813.6,73.72,25.99,2457.6,112977.4,226540.8
1175,68.02,10.54,0,3009.4,181214,77.62,61.61,7372.8,308372.4,746479.6,69.07,15.87,27223654.4,1846.4,118954.6,73.93,25.99,46694.4,110283.8,222277.2
1176,68.35,10.54,0,3414.4,179452.2,76.33,61.65,149094.4,307366.8,725111,68.6,15.9,21105868.8,6439.4,122699.2,73.65,25.99,7372.8,117932,230283.2
1177,68.68,10.54,0,2210,181105.8,73.17,61.67,20480,311923.6,790591,68.67,15.79,28026470.4,4589.8,121614,73.92,25.99,4096,120780.6,235330.4
1178,68,10.53,0,2026.2,185715.2,73.4,61.52,67174.4,304465.8,719683.4,68.35,15.79,16277504,3262,123994.2,73.53,25.99,0,117665.4,230647
1179,68.83,10.54,0,2595.8,178608,72.12,61.5,20480,310115,754177.2,68.18,15.79,2306867.2,2743,120170.8,80.62,29.94,5829427.2,119280.8,997348.6
1180,68.07,10.54,0,2161.8,179723.8,73.42,61.5,14745.6,312008.4,931780.6,68.73,15.79,12502544.58,1593.36,121203.52,100,34,102495846.4,113147.2,4109752.4
1181,67.85,10.53,0,2128.2,181484,94.5,62.26,86242918.4,309676.6,770440,69.02,15.79,21825664.67,1913.57,121203.28,100,32.66,100009574.4,110457,4086547.2
1182,69.15,10.53,0,3764.2,184480.6,97.3,62.85,90827980.8,308044.6,745762,68.7,15.79,12297830.4,2553.8,119053.4,100,33.06,91499724.8,112415.2,3327754.6
1183,68.47,10.52,0,2693.4,181500.4,91.78,62.88,98980659.2,307303.6,733807.6,69.67,15.75,21656371.2,1902.4,119320.4,100,33.08,96048540.26,2577640.16,232855.14
1184,97.02,17.2,16411852.8,2010.2,189253.2,89.22,62.87,97795276.8,299988.2,709553,69.03,15.78,11752243.2,1620.8,118960.6,93.87,29.47,97591296,3831996.6,231045.8
1185,99.73,16.31,6555238.4,1903,175263.6,90.78,62.82,104629043.2,306426.4,728000,68.85,15.73,15201075.2,2008.2,119366,83.72,27,83139788.8,1142914.8,1041748
1186,99.75,17.19,52892467.2,2145.4,182712,91.3,62.84,101264588.8,306396,743345.4,68.1,15.72,17827430.4,2215.2,120502.4,86.57,26.9,96950681.6,112016.6,1518178.6
1187,99.78,15.97,62939136,2102.6,177164.4,99.37,70.97,97467596.8,303191.4,715206,69.17,15.64,15692595.2,4252.2,122775,87.95,26.89,101391564.8,122362.4,1529368.8
1188,99.87,17.99,59601715.2,2508.6,183799.6,100,70.25,124744499.2,307461.2,737573.4,68.62,15.64,27852.8,4132.2,123878.6,87.78,26.89,102093619.2,343543.6,711120.4
1189,74.18,10.82,38921830.4,2259,183766.2,100,71.13,122309017.6,301925.4,713533.2,68.63,15.64,80281.6,1985.4,119356.6,87.63,26.89,106022502.4,1537628,228168.2
1190,96.52,23.99,19310182.4,7103.2,179463.6,99.98,73.25,119282892.8,307007.6,758144.8,68.1,15.65,26214.4,1587.2,118013.8,87.77,26.89,106341990.4,1400433,227398.6
1191,99.98,24,21469593.6,2027.8,180040.6,100,71.01,113700044.8,308654,915957.2,68.72,15.65,26214.4,3294.6,118968.8,86.32,29.43,78048460.8,1000873.6,854072.6
1192,99.85,18.66,48724377.6,2152.4,184870.8,100,71.55,113762304,308568.4,740190.6,75.17,17.36,460390.4,1653.2,121100.4,100,29.23,100083302.4,110480.8,2813521.2
1193,99.85,23.92,72979251.2,2116.6,180844.6,82.12,64.48,112153395.2,304952.4,713203.6,88.05,17.35,19896729.6,2169,122027.4,100,29.6,92862873.6,111684.2,2795049
1194,100,19.83,49346969.6,2328,184420.2,99.22,70.93,104056422.4,307737.2,743159,85.97,17.35,27792179.2,1771.2,119512.4,100,29.37,111445606.4,115074.2,2189142
1195,99.97,23.46,60298035.2,2222,183485.8,100,69.97,110938521.6,301729.2,702234.2,89.97,16.71,26836992,4425,121133.8,100,29.37,92949708.8,2339427.4,245633.2
1196,72.63,14.19,39937638.4,2219.8,176119.4,100,71.96,113170022.4,306885.4,731892.4,89.9,17.34,14437580.8,2386.8,121818.8,100,29.37,94898585.6,2695460.6,241747.6
1197,96.37,27.3,6920601.6,2358.4,186959.4,100,71.21,115798835.2,305036,717848,81.88,15.73,28311552,1749.4,122007,93.23,26.06,113873715.2,2687490.4,228664.8
1198,99.97,27.32,5449332.8,1804.43,180731.92,100,73.55,122846412.8,307132.6,740273.2,75.73,21.83,26800079.79,2338.12,119946.94,81.73,27.05,101229246.5,113511.29,1520121.13
1199,99.97,22.41,5262301.96,2168.8,183380.66,100,71.4,116825292.8,303346.2,714208.8,99.9,22.34,25671661.52,1681.77,119855.62,88.11,26.89,100281096.7,114329.2,1519757.05
1200,99.92,23.94,62840271.89,2206.12,177687.92,75.25,62.17,111105638.4,308785.8,734546.4,99.87,19.53,27534950.4,1836.8,121281,80.98,26.9,106504192,793273.6,460554.6
1201,99.88,21.48,53793805.52,2152.26,183249.5,87.28,63.25,87555276.8,307466,730782.6,97.03,22.41,27633254.4,1578.6,115813.8,87.38,26.9,98216345.6,1402815.6,231585.8
1202,99.87,21.6,43530649.6,1861.6,178453,90.13,63.16,95614566.4,312569.6,913905.6,89,22.43,22940876.8,2401.6,119220,87.75,26.9,92606464,1393529.8,228433.4
1203,74.48,17.36,53883699.2,2507,184836,94.77,63.24,78356480,309146.8,742276.2,84.65,22.43,3774873.6,1652.6,121019.8,82.5,26.86,75877580.8,737986.6,790431.8
1204,99.77,13.72,6427443.2,2535,187634.8,94.93,63.06,88100864,306291.6,715588.8,80.65,22.44,2936012.8,3903.8,124473.6,87.93,26.73,101712691.2,117172.8,1519833.4
1205,99.85,15.9,6027673.6,2037.8,180865.4,89.83,63,90466713.6,308108.4,738448.6,75.72,25.11,3594649.6,1538,119700.8,87.92,26.9,92029747.2,116136.8,1528356.6
1206,99.63,12.2,54098329.6,2126.4,179495.8,73.05,61.66,18325504,301655,707682.2,99.88,26.06,2736128,1850,121927.4,87.68,26.91,99808870.4,192583.4,953802
1207,99.87,18.26,64023756.8,2113.4,178253,98.32,70.68,92165734.4,306629,732912.2,99.65,23.04,2523136,1686.4,118578,87.6,26.91,97172684.8,1498857.6,232549
1208,99.82,15.2,25100288,2717.6,186505.6,100,70.38,116815462.4,303594.8,717384,99.85,22.99,2801664,1616.4,117139.6,87.57,26.91,99963699.2,1402206,228683.4
1209,74.62,10.91,51868467.2,2967.2,179746.2,100,71.13,114208768,309687.8,741062.6,92.96,23.4,2691867.92,3868.32,124382.43,82.2,28.08,100805017.6,1253606,225542.6
1210,95.4,17.47,5439488,2707.2,184120,100,72.15,117831403.8,305721.08,717053.95,88.28,19.73,2097152,4713.2,123917.8,95.03,28.33,83137331.2,122989.8,2782405.4
1211,99.75,16.34,30161305.6,2037.4,181574.8,100,67.92,124370796.4,309274.87,738934.93,75,23.18,3507814.4,2653.4,120128,95.52,29.6,93437952,122495.8,2819338.8
1212,95.18,17.49,28930867.2,2269,186527.2,100,71.32,122567065.6,301880,706908.2,99.95,32.93,2097152,1832.6,120290.4,94.83,30.65,98133606.4,112147.2,2802829.6
1213,92.73,17.5,6543769.6,2067.2,174920.8,76.43,61.79,124698624,308265.8,747545.8,100,32.95,2306867.2,1680.8,118716.6,97.02,29.37,101313740.8,1511551.6,233328.4
1214,93.13,17.93,3786342.4,2114.6,183571.6,87.6,62.92,104130150.4,311321.4,912223.2,99.97,28.58,2539520,2200.4,119832.6,94.55,27.75,102260736,2715357.2,226939.2
1215,93.9,17.46,37421056,2183.6,185162.2,93.02,62.91,99545907.2,307821.4,731318.4,99.98,27.18,19218432,3426.6,123434.2,90.3,33.01,81685708.8,988123.4,2336588
1216,73.82,14.17,63940198.4,2307.6,184453.2,90.73,62.82,106747494.4,307517.4,731704.6,99.92,29.68,13064601.6,1598.8,119575,100,32.26,84837171.2,115699,4115047.8
1217,95.43,17.48,31533477.05,2514.37,181774.05,90.48,62.48,106170777.6,300132,709705.4,94.83,19.77,2516582.4,1738.8,119529.4,100,32.47,89800704,112750,4075987
1218,97.34,17.44,26437668.94,2006.01,180470.94,90.22,62.54,102338560,308395.4,741822.6,74.77,25.37,2936012.8,1785.4,120869.4,100,32.89,93019340.8,402324.6,1997387.8
1219,94.08,14.66,39877017.6,2328.6,186835.4,73.3,61.4,44095078.4,304810.4,713537.2,99.97,23.92,2726297.6,1622,117227,100,32.79,91385856,4372808.4,233423.2
1220,93.18,17.82,16986931.2,2825.6,182305.4,98.07,68.13,98744729.6,308584.8,733207.2,99.92,24.63,4405657.6,1866.6,123812.8,100,32.63,86963814.4,3995295,226750.2
1221,93.22,14.92,6501171.2,3164.4,185242.2,100,66.56,110231552,307769.8,713791,99.93,22.74,4613734.4,3387.4,119475,87.3,31.94,82826854.4,3306942.8,328047
1222,71.77,14.16,5804851.2,1962.2,177984.8,100,66.68,110725529.6,308506.2,743830.6,99.72,24.35,3361996.8,3539.4,123223.6,86.78,27.02,89402572.8,117432,1530620.6
1223,84.63,15.79,27192524.8,2384.8,182861,100,66.7,103754137.6,301771,712105.6,99.95,20.66,2306867.2,1776.2,122426.2,87.32,26.94,95925862.4,113376.8,1518498.2
1224,88.02,12.32,66963046.4,2022.8,178446.2,100,66.21,104841216,306880.4,744094,95.48,16.9,2010316.8,1856.8,119181.4,87.65,26.9,100151296,114180.6,1427605.4
1225,86.6,12.49,15459942.4,2809.8,190335.2,100,66.6,110135705.6,312299.2,914456.8,74.28,22.32,2516582.4,2000.8,117823,87.57,26.91,98565324.8,1118640.4,231836.6
1226,88.62,12.51,5598412.8,2166.2,179493.2,78.93,61.74,15034777.6,310754,740040.4,99.65,20.49,2103705.6,2353.8,122537,87.65,26.91,94543052.8,1405625,227850
1227,88,12.52,5518131.2,2029.8,180559.4,91.67,63.03,84393984,302325.8,708733.6,93.28,22.04,19162726.4,2189.6,119456.2,85.78,26.09,100099686.4,1412768.4,237447
1228,84.93,12.53,5778636.8,2044.6,180591,89.65,62.9,100439654.4,307931.4,735684.4,93.35,24.02,6527385.6,1803.6,121672,93.05,29.24,77289062.4,425275.8,1939170.6
1229,71.77,10.83,60805939.2,1769,182858,89.33,64,86541107.2,299214.4,703689.2,93.58,23.62,4538368,1759.8,116268.8,100,29.44,104792064,112603.2,2799003.8
1230,84.05,12.51,43407769.6,2259.2,179184.2,89.98,62.86,88177049.6,307903.8,736700.6,89.97,20.32,2726297.6,1963.4,119794,91.68,29.45,98666905.6,113580.2,2819992.6
1231,76.4,12.52,11803033.6,1801.2,186464.8,89.77,62.96,93207756.8,303934.6,710224.6,74.5,22.29,6530662.4,1797.8,121827.2,87.15,29.38,88807014.4,2763319.2,227501.8
1232,78.7,12.51,43843584,2207.4,177938.2,94.37,62.87,97204633.6,307408,740732.6,99.55,21.6,5967052.8,2145.8,122323.4,87.48,29.4,88851251.2,2699668.6,230332.6
1233,76.17,12.51,5049548.8,2948.4,182765.6,78.92,61.75,44435046.4,303741.4,710646.4,95.12,21.06,2306867.2,5651.6,119972.8,85.27,33.51,89487769.6,1837584.2,1095230.8
1234,76.25,12.51,4136960,2981,182185.4,100,68.8,124099788.8,301662.2,719622.8,93.23,23.97,1677721.6,3629.8,121514,100,33.89,83615744,114141,4111574
1235,76.37,12.51,13239910.4,3598.4,182538.6,100,66.87,124110438.4,309040,733510.6,93.28,24.4,2516582.4,1729,116575.4,100,33.52,85547417.6,114107.8,4085639.2
1236,70.1,25.67,34947072,2336,190139,100,70.92,123733606.4,310810.2,910830,93.28,23.99,2097152,3026.8,121081,100,32.24,92154265.6,120868.8,3239566.8
1237,99.95,24.03,6737100.8,1998.2,176925.6,100,69.31,126926848,306646.4,735302.8,89.5,20.73,2516582.4,4615.8,125703.4,100,34.28,88255692.8,2936740.8,235045.4
1238,99.97,23.3,38553190.4,2098,180258.8,100,70.62,127173427.2,305212.6,719170.2,73.77,25.73,2732851.2,3497,122829,100,31.65,92943974.4,4245535.6,232502.8
1239,99.95,19.46,31571968,2276.8,184028.4,76.3,61.99,122891468.8,306813.6,736850,99.6,24.36,3144089.6,1661.4,121184.2,93.35,29.35,86550937.6,3984308.6,231738.8
1240,99.98,23.11,26435584,3023,182171,97.82,71.89,105572761.6,305224.6,736264.2,95.78,22.65,13284147.2,3485.4,118025,74.83,26.08,92935782.4,525886.6,232342.6
1241,99.97,18.98,5236326.4,2122.6,177775.2,100,71.66,115453132.8,302126.6,722817.6,93.72,21.47,9694412.8,3430.4,121619,74.2,26.01,4391731.2,118933,234989.4
1242,74.32,14.18,4389273.6,2122.6,182971.8,100,70.94,117385625.6,303350.2,714460.2,93.46,24.05,6335386.58,1688.1,123658.95,74.08,25.99,2457.6,113584.2,227526
1243,94.53,23.9,48762060.8,2551.2,178810,100,70.73,117402828.8,309294.8,741271,90.55,20.76,3492102.56,2070.51,117951.12,74.1,25.99,0,111063.2,224947.4
1244,99.97,24.11,19231539.2,2274,186003,100,71.01,118687334.4,302287.4,710135.6,73.8,25.03,8311603.2,3049.4,122955.8,73.57,26,38502.4,113817.2,227292
1245,99.92,18.35,48342630.4,2352.2,181355.6,100,71.07,120878694.4,309215,736753.8,99.98,34.01,11454054.4,2358.2,122351,74.02,25.99,0,118715,234677.2
1246,99.82,22.53,58232012.8,1921.6,182378.2,75.25,62.49,121905971.2,300673,703452.2,100,27.77,12546867.2,1866.6,115967.2,74.02,25.99,0,112630.6,227185.6
1247,99.92,24.01,47606988.8,2292.6,175153.4,71.95,62.04,11987353.6,308991.6,746466,99.98,25.41,4951244.8,1957.2,119231,73.78,26,16384,115180.2,228654.8
1248,99.92,20.21,4551475.2,2543.2,186108.6,71.32,61.95,74547.2,313711.4,911289.6,99.98,26.78,11827609.6,4825.6,123826,74.12,25.99,8192,118383.6,231110.6
1249,74.32,20.73,1253376,7179.8,178011,76.7,61.93,253132.8,309646.4,751317.8,99.97,29.29,10877337.6,3216,126117.8,73.63,25.99,2457.6,114549.2,225573.2
1250,70.32,10.82,70795264,2271.4,184122.8,75.77,61.95,49152,307467.4,735768.2,95.02,17.77,13513523.2,1843,117416.6,74,26,0,116655.4,233989.2
1251,69.13,10.82,56729600,2471.2,181927,72.37,61.81,70451.2,303049.8,717979.8,73.63,21.54,11916083.2,2624.6,123645.2,73.6,26,0,116984.6,230038.6
1252,68.4,10.83,19931136,2110,185887.8,72.15,61.76,18022.4,309334.2,731694.8,99.77,21.99,4073062.4,3452,120795.8,74.32,26,2457.6,119503.6,236078.4
1253,68.27,10.84,6751846.4,2102,174964.8,72.85,61.77,81920,307220.8,733349.2,97.98,23.38,2306867.2,2824.4,120480.8,73.92,26,2457.6,116643,230032.6
1254,69.35,10.83,29147136,2047.6,186537.8,76.63,61.79,8192,305873.6,731746.8,93.22,23.49,2306867.2,3059,123527.2,73.88,25.99,0,116028.4,229236
1255,69.28,10.81,71521075.2,2161.2,182346.2,74.37,61.8,132710.4,303245,708754.8,93.18,24.69,4055040,3282.8,119505.6,73.52,26,4096,119122,232832
1256,69.72,10.72,56690278.4,2915.2,178728.2,71.43,61.79,7372.8,309931.2,743951,93.47,24.28,15264972.8,3414,124362.6,74.07,25.99,0,118885.8,238172
1257,68.95,10.72,37258854.4,2003.4,182847.2,72.08,61.82,594739.2,301842.8,709545.4,91,21.01,6945177.6,2483.2,122086.6,73.9,26,0,116012.2,229286.8
1258,69.45,10.51,50906726.4,2433,182505.2,73.57,61.73,27033.6,310873.2,780513.2,68.12,20.93,8552448,1776.4,120940.8,74.07,26,2457.6,114573.8,229213.6
1259,68.13,10.51,36044.8,2167,179642,75.27,61.74,13107.2,315798.4,973102.2,68.47,17.66,11198464,2410.6,119487.2,73.73,25.99,819.2,113760.8,226494.6
1260,69,10.51,6535.3,2104.91,183946.95,77.97,61.8,99942.4,312424.2,751782.2,68.95,17.66,1916928,2462.8,119782,73.77,25.98,0,111894.4,224116.4
1261,86.43,19.4,19716,2098.28,2057695.75,75.6,61.77,15564.8,304070.2,713583.2,68.13,17.65,2356019.2,2328.6,121968.8,73.83,25.98,2457.6,114364.2,227025.6
1262,100,23.84,16397107.2,2074.2,4062914.6,72.12,61.72,6553.6,311289.6,734906.2,68.72,17.63,10348134.4,1827.2,120488.4,74.08,25.99,0,112811.4,227956.6
1263,100,21.08,6443827.2,1944.6,3993375,73.48,61.77,697958.4,303062.4,738371.6,69.8,17.67,20971520,1762.6,120299.2,73.72,25.99,0,113358,226366.4
1264,99.98,19.96,5275648,9231.4,2215048.6,74.17,61.76,41779.2,307013.4,764392.6,68.62,17.71,27086028.8,1913.6,118656.8,74.15,26,3276.8,114065.6,229497
1265,100,20.49,6425804.8,2571054,179563.8,71.5,61.75,29491.2,302991,712440,69.12,17.7,18853068.8,2868.8,120802.8,76.47,26.92,6113689.6,119314.2,233442
1266,100,23.47,6086656,3862686.8,184379.8,77.32,61.81,7372.8,309751.6,754637,68.32,17.7,9098035.2,4168.2,124191,87.43,27.32,101423513.6,118394.6,233849.8
1267,87.37,10.69,65268940.8,3811852,183475.4,76.92,61.74,19660.8,307885.8,718853.6,69.17,17.7,1933312,2412.2,119814,86.98,26.87,106777804.8,112177.2,228400.2
1268,86.68,10.87,55638425.6,276287.4,990292.4,71.82,61.74,114688,312262.2,753222.2,68.98,17.57,9432268.8,1989.6,121813,87.27,26.88,102354124.8,113725.6,232552.8
1269,87.07,12.36,9302835.2,1893.8,1461490.8,78.13,63.05,26379878.4,302218,727239.2,68.48,17.58,15256780.8,1871.6,119502.6,87.55,26.88,96813056,112391,228878.4
1270,88.55,12.36,6371737.6,2216.4,1485090.8,90.7,63.34,105240985.6,307861.2,733058,68.97,17.59,3060531.2,1520.2,115780.2,87.58,26.88,101463654.4,113431,232111.6
1271,91.12,12.37,5398528,2307,657634.6,91.35,63.18,102789120,310740.8,925237,68.48,17.6,11708006.4,2317.8,122159.4,85.62,26.05,100676403.2,113588.4,229664
1272,87.38,12.36,4540006.4,2713.2,182396.8,94.22,63.13,94014668.8,309007.6,745090.2,68.12,17.6,27710259.2,2243,119564.8,77.75,33.18,28932505.6,111851.8,225331.2
1273,87.25,12.36,56249548.8,565944.4,182056.4,95.85,63.23,102757990.4,306225.2,720802.2,69.28,17.55,28301721.6,2993.8,123424.8,100,30.26,87650304,115449.2,231033
1274,74.83,10.73,6501171.2,1280465.6,184784.6,90.57,63.16,101258854.4,310028,735490,68.88,17.54,27171225.6,2226,119974.8,100,32.9,91335884.8,116252.2,235983.6
1275,70.33,10.74,8365670.4,1285963.6,182402.8,85.47,62.09,101394022.4,300858.4,705329,68.67,17.52,26050560,1747.6,117268,97.4,32.58,91321958.4,112897.2,229638.4
1276,70.37,11.4,60768256,759504.8,175960,76.07,63.24,40349696,308139.8,742545.8,68.52,17.54,16572416,1877.8,121952.6,94.82,32.66,84922368,114446.4,234428
1277,92.2,12.43,34522726.4,2302.6,1490122.2,88.23,63.2,109070745.6,306803.4,718376.6,68.67,17.55,16542924.8,1566,119326,91.62,32.49,82261606.4,110567.8,226392.6
1278,87.37,12.64,34480128,1730,1436331.2,94.35,63.25,100843520,305916.2,732004.6,68.2,17.49,20226048,2947.4,121382.6,78.37,29.44,79411609.6,120137.6,235526.8
1279,90.73,12.43,12258508.8,2181.6,1487481.4,96.48,63.23,114119475.2,302195.2,713246.8,68.95,17.49,16438067.2,4418,124698.4,100,28.98,97346355.2,122805.6,241872.8
1280,90.28,12.45,45203456,883602,186532.2,90.65,63.15,112863641.6,299300.6,707082.4,68.2,17.48,13077708.8,2581.2,119886.6,97.57,30.22,98606284.8,112414.6,228389.6
1281,88.7,12.42,4748083.2,1273021,183101.6,85,61.99,87996825.6,308368.6,746819,69.12,17.46,17427660.8,1634.6,118588.4,95.03,29.78,96976896,113900.2,233161.8
1282,86.12,10.82,6447104,1258012.6,175473.6,79.6,70.28,17147494.4,310845.6,911779.2,69.63,17.51,16578969.6,3765.2,123775.6,95.13,29.18,101207244.8,121798.6,238394.2
1283,70.92,10.75,71206502.4,1215350.8,178320.8,100,71.13,128153190.4,308123.6,740659.4,68.97,17.46,14326169.6,4198.8,123901,97.12,29.93,105387622.4,115852.2,231649.6
1284,69.07,10.77,8137932.8,3024.4,189252.6,100,71.37,109860454.4,306780.4,719591.6,68.08,17.42,18035507.2,2088.6,119602.2,92.08,27.66,92062515.2,112549.6,226311.6
1285,68.5,10.77,6501171.2,2307,181837.4,100,69.26,125373644.8,309472.6,740514.4,69.05,17.41,2306867.2,2119.6,119893,78.25,32.66,65658880,113772.6,229981
1286,96.02,17.34,39113523.2,2277.2,2296666,100,72.82,118974054.4,300400,716286.6,68.45,17.41,1970995.2,4256.8,124032,100,32.04,88627609.6,124680.6,243451.4
1287,99.37,14.03,32161792,2056,2758881,100,70.13,125116416,306750.8,730681,68.6,17.41,67174.4,4337.8,119598.2,100,32.65,91702067.2,119100.4,236055.2
1288,99.13,15.1,33793638.4,2228.2,2759144.8,93.07,62.57,127148851.2,304024,715401.8,68.77,17.35,29491.2,1755.2,119548.4,100,32.58,88896307.2,116406,235562
1289,93.35,14.23,6502809.6,2167.6,643238.4,82.02,63.37,101878169.6,308633.2,737799,68.5,17.35,26214.4,1585.2,118548.6,100,32.67,86377267.2,108416.4,222682.8
1290,93.23,17.69,6160384,2288,183375.8,95.13,63.13,95052595.2,304377.2,709233.2,68.13,17.35,26214.4,1845,123138,100,32.68,83386368,114060.8,231926.8
1291,93.62,17.3,17142579.2,1981.4,184809.8,90.05,62.49,102516326.4,308160.6,734217.2,69.2,17.35,99942.4,6675.6,119386.8,97.18,32.34,87032627.2,112962.2,231864
1292,74.83,13.88,54429286.4,1849766.6,183695,89.6,62.88,107564236.8,303273,722923.2,68.45,17.35,22937.6,5787.2,122438.4,77.97,32.88,85814476.8,119776.2,233043.8
1293,71.13,13.82,24562892.8,2548363,175361.4,89.98,63.13,107414323.2,308079,750085,69.55,17.62,134348.8,8202,133979.4,100,32.85,83169280,121016.8,236676.6
1294,69.73,13.81,6774784,2554508,186456.8,90.35,62.89,95118950.4,310598.6,910524.8,68.63,17.62,24576,1833.8,121118.6,100,34.26,85875097.6,108001.2,221725.8
1295,73.98,12.26,17522688,521352.8,178595.6,89.7,61.9,97937817.6,309078.6,737200.8,68.88,17.63,27852.8,8994.2,131685.2,100,32.81,82053529.6,114936.8,232945.6
1296,90.97,12.26,44300697.6,2140.8,1155372,82.17,62.94,36779622.4,306369.4,719948.2,69.57,17.65,0,6084.6,126818.8,100,32.76,85134540.8,113149,231530.6
1297,87.65,12.47,39323238.4,1923,1482241.4,87.43,63.03,94291558.4,300258,702507.4,68.85,17.66,26214.4,7040.2,124924.6,97.12,31.04,85212364.8,113108,229825
1298,91.22,12.25,46789427.2,2070,1462797.6,89.75,62.84,97352908.8,311163.6,759212.6,69.57,17.74,27852.8,8073.4,133473.2,78.15,32.67,65891532.8,118368.6,231807.6
1299,90.23,12.26,6291456,3305.4,498350,89.77,62.95,100578918.4,305200.2,712464.8,68.3,17.73,109772.8,2882,121226.6,100,33.22,89499238.4,112655.4,228453
1300,82.53,10.62,19958988.8,259048.4,181599.6,94.17,63.03,94893670.4,307789.8,733246,68.62,17.73,21299.2,7204.2,127010.6,100,32.6,87367680,107634,221744.2
1301,69.4,10.56,25875251.2,1376220.8,182839.8,90.63,61.53,83794329.6,302747.8,709101.6,68.53,17.73,36044.8,1571.4,119886,100,33.04,86763929.6,116130.8,235479.6
1302,69.28,10.53,8264089.6,1291934.4,184875.4,79.18,67.84,18287001.6,309464.6,739770.2,68.8,17.74,65536,1841.8,119424.2,100,32.78,80700211.2,110714,227406.2
1303,76.07,13.67,1638.4,926722.6,844443,100,67.92,116134707.2,300831.6,706369.6,68.03,17.74,34406.4,2303.6,122390.4,100,31.52,88419532.8,116199,234778.4
1304,99.92,23.76,1905459.2,1782.6,4053462.4,100,69.51,112787456,306187.2,731114,68.55,17.74,62259.2,2605.4,120001.2,97.12,30.99,86306816,111160.2,228547.8
1305,99.97,23.77,6080102.4,2113.6,4037805,100,68.79,122388480,310246.6,912702.4,68.68,17.76,29491.2,2744.8,118503.8,77.58,31.61,83439616,115598,232625
1306,99.85,21.1,33208289.31,1831.97,3385382.22,100,71.71,117886976,305178.6,731831,68.43,17.76,68812.8,1795.2,122039.2,100,31.57,76396134.4,110355.8,226547.4
1307,99.98,16.48,46851023.82,2796015.82,184516.72,100,70.31,126989920.8,305546.18,730173.73,68.73,17.76,26214.4,1677.4,119292.4,100,33.1,90357760,120236.8,236056.4
1308,99.95,22.35,41066496,3827786.4,181194,92.85,66.23,117563723.1,307179.07,735523.01,68.58,17.76,26214.4,1828.6,122068.6,100,32.14,88321228.8,112723.2,232289.4
1309,99.23,20.86,5139660.8,3834219.8,182442,79.67,70.25,101753651.2,300137,709871.2,68.5,17.76,26214.4,1900.4,118270.4,100,33.19,88772608,113912,230702
1310,82.38,18.51,33103670.6,2497644.21,659483.11,100,69.33,87328358.4,306603.2,733291.6,68.37,17.77,36044.8,1860.4,119298.6,100,30.06,88267161.6,114129.8,230451
1311,99.5,17.28,19070949.77,2119.27,2811584.75,100,69.07,90692812.8,303739,709255.6,68.83,17.78,26214.4,2507.2,122126.2,77.25,27.01,49455104,110289.6,224164.8
1312,99.52,14.4,48963584,1837.8,2716518.6,100,68.7,113414963.2,304136.6,712729.2,72.63,19.51,389939.2,1648.2,117300.2,86.83,26.97,102341017.6,113440.8,230599.8
1313,96.22,14.94,36873830.4,2491.8,180723.6,100,71.49,113807360,309016.6,738331.2,87.63,19.49,16534732.8,1805.8,124301.8,87.68,26.99,92656435.2,113246.6,232740.2
1314,86.03,17.28,6291456,2293273,182663.4,93.57,64.1,112119808,300339.6,712952,76.62,19.56,25860505.6,1679.2,117145.8,87.47,26.95,92028108.8,113199,229658.4
1315,81.4,17.24,3412787.2,2549725.8,178309.6,80.48,72.61,109371392,309640.6,758867.6,76.5,19.56,2993356.8,1717,118887.6,87.47,26.96,95839027.2,113603.2,233372.4
1316,71.57,16.7,44153241.6,2277583.6,223857,100,70.86,107806720,310037.8,908635.6,76.1,19.58,3355443.2,1747.6,121772.6,87.02,26.97,100539596.8,113755.2,230543.6
1317,91.05,15.53,26214400,1744.2,1468531,100,70.72,105186918.4,305127.4,734015.4,76.43,19.58,3984588.8,1734.6,119534.2,85.98,26.12,100569088,110016.2,226070.2
1318,87.63,12.46,6083379.2,2619.6,1460604.8,100,67.4,109178880,302496.4,717322.2,74.53,19.55,2516582.4,2057.8,122229.8,76.25,28.23,6907494.4,113469.4,227051
1319,89.45,12.27,14160691.2,2180.6,1441786,100,70.63,109918617.6,308371,740296.8,88.42,19.36,2516582.4,1777,122091.6,93.02,29.45,93070950.4,113200.8,232038
1320,88.1,12.29,52430438.4,2196.6,189387.2,100,70.98,109167411.2,300313.8,700056.6,85.65,20.24,2516582.4,1767.6,117427.2,87.3,29.43,86897459.2,114156.2,231226.4
1321,87.02,12.36,29348659.2,150991.2,174962.2,95.05,65.1,104832204.8,306591.2,733395.8,87.15,20.06,2516582.4,1983,124430.4,86.85,29.38,87571660.8,113330.6,232949.4
1322,86.5,10.7,34681651.2,1398093.2,179701.4,79.13,68.18,56984371.2,304603.8,720304.2,89.77,20.07,2727936,1781.6,121069,86.77,29.38,89462374.4,114919.6,232798
1323,69.23,10.65,26699366.4,1282680,180950.6,100,71.37,107719884.8,307714,729255.2,86.05,20.06,2305228.8,3249.6,120881.4,89,29.29,94542233.6,121126,237537.4
1324,69.65,10.64,54019686.4,1047460.4,183067.4,100,70.79,104965734.4,304193.6,715619,83.42,18.39,2306867.2,4101.6,121209.8,76.77,28.62,46999142.4,120197.4,236522
1325,68.77,10.64,6501171.2,2252.8,184173.8,100,68.31,121850265.6,300104.8,700033,72.55,21.89,2318336,3888.8,122089.4,100,29.36,96869580.8,119981.6,235838.6
1326,67.93,10.66,6474956.8,1821,182250.2,100,70.92,117716582.4,307548.4,731340,99.88,25.01,14013235.2,4387.6,121059.8,97.9,30.59,94462771.2,122459,241054.4
1327,90.73,17.22,5932646.4,2142.8,186408.8,94.03,62.83,125149184,308673.2,911058.4,99.93,22.86,12686131.2,2974.2,122197,87.37,29.42,88395776,114958,231594.8
1328,99.57,15.04,47995289.6,1997.6,180758.4,81.68,70.2,88480972.8,307840.4,739791,99.85,22.79,26576486.4,1696.6,122065.4,87.63,29.58,91113062.4,110577.2,227111.2
1329,94.6,17.15,38035456,2011,2226656.4,100,71.35,121557811.2,301335.4,702922.8,99.88,22.43,21753092.14,2340.2,120256.45,86.5,29.47,87561011.2,116374.6,233021.2
1330,95.9,15.56,40021759.74,2187.29,2789317.21,100,69.45,117955788.8,306866.4,731275.8,99.95,25.44,18918487.09,1765.46,120041.02,86.3,29.35,91690598.4,113050.2,232261.6
1331,96.15,17.65,8542828.1,1749.25,2731811.09,100,69.42,128996966.4,300050,710982.2,96.93,21.33,15939993.6,1922.4,119752.8,74.98,26.09,71580876.8,113621.6,227369
1332,93.72,17.24,10677452.8,2461.6,708883.6,100,67.55,133409177.6,307620.2,737927.2,72.57,24.9,12182513.08,2782.79,121613.89,73.68,26.06,37683.2,117493,233160
1333,76.83,13.96,54099968,184546.8,180507.2,100,70.99,122398310.4,305966.4,711333.2,99.95,22.98,1258291.2,3480.4,121428,73.85,26.06,109772.8,119454.6,233011.6
1334,69.55,13.9,13855948.8,2660261,184530.8,96.67,64.52,124991078.4,305078.2,731266.4,92.35,25.42,1677721.6,2408.2,122354.4,73.8,26.05,2457.6,114959.6,227530.2
1335,70.47,13.92,14070579.2,2543392.6,179272.6,80.72,62.16,98656256,303220.8,711566.2,84.42,25.43,1677721.6,1904,119004,73.62,26.05,0,114019.8,226295
1336,70.65,13.9,55635148.8,1796591.6,184739.4,72.9,61.93,190054.4,313096.2,759823.8,84.55,25.44,2742681.6,3494.8,123015.6,73.77,26.05,0,113927.6,228983.6
1337,68.27,13.91,10713497.6,1883.4,178917.8,73.23,61.86,217088,304624.4,736389.6,82.75,25.44,4546560,2817.8,117737.2,73.57,26.05,2457.6,117808.2,230270.6
1338,94.4,24.5,24666112,2177.6,3121321.6,72.52,61.75,130252.8,307410.4,739130.6,72.27,28.89,2103705.6,3332.4,121927.8,73.83,26.05,3276.8,117934.2,233497
1339,99.95,27.12,6045696,1985,4088479.6,71.3,61.71,88473.6,311076.2,908792.6,99.95,38.7,4825088,3490.4,128309.4,73.82,26.04,2457.6,118545,232110.4
1340,99.97,22.15,6977945.6,2226,4045448.8,77.05,61.72,6553.6,306634,727891.8,99.95,29.86,3355443.2,2595.8,120798.8,73.83,26.03,2457.6,116652.4,231029.2
1341,99.95,20.28,43443814.4,2542.8,1052112.4,75.32,61.73,76185.6,306772.4,714871.2,99.98,23.66,5033164.8,2220,117362.6,74.05,26.05,8192,113537.2,228703.4
1342,99.88,19.64,6134169.6,1652396,185105.4,71.6,61.71,38502.4,308819.6,736570.6,99.98,27.18,3150643.2,1978.2,121703.4,73.82,26.05,44236.8,113467.2,226134.2
1343,99.98,20.97,6173491.2,3855780.8,182169.6,71.03,61.72,774963.2,299176.6,700008.6,99.98,27.2,9913958.4,1910.4,115848,73.97,26.05,4915.2,112798.4,227982
1344,78.97,17.19,37683200,3787528,174820.4,71.88,61.71,34406.4,305958.4,727152.4,98.43,25.52,3897753.6,2155,119426.4,73.98,26.05,0,115007.2,227964.2
1345,70.4,10.65,48221388.8,1247113,186296.8,71.43,61.67,13926.4,303778.2,723264.4,72.85,25.16,11409817.6,1950.4,123873.4,73.8,26.05,24576,110216.8,221969.6
1346,68.97,10.65,34293350.4,2016,177262.8,75.65,61.9,9011.2,302016.2,705825.2,99.98,32.31,11563827.2,2079.6,119664.4,73.67,26.05,10649.6,114222.8,227545.6
1347,68.13,10.64,16567500.8,1982.2,182349.6,71.93,61.84,9830.4,307394.6,733464.6,100,32.32,13461094.4,1869,121211.6,73.8,26.05,21299.2,113734.6,229379.4
1348,69.17,10.63,73439641.6,2298.6,184010.6,84.17,63.38,55201792,300965.4,1417431.4,99.92,31.22,5241241.6,1802.2,117748.6,73.7,26.05,2457.6,113469.2,226290.2
1349,68.68,10.64,59821260.8,3088.2,178244,91.15,63.35,108485836.8,311784.4,2093903.2,99.95,31.82,5701632,5556.6,118317.6,73.7,26.05,819.2,113651.8,227284.4
1350,68.57,10.64,24813568,3334.4,186441.2,90.45,63.11,106133094.4,309184.8,2235700.2,93.45,32.36,8658944,3633,121838.6,73.75,26.05,0,115840.8,228120.8
1351,68.9,10.64,58118963.2,2224.8,178007,94.7,63.01,94978867.2,434054.6,1350926,90.33,32.35,5734400,1829.4,119277.2,73.82,26.04,2457.6,109798.8,220977.2
1352,69.47,10.64,40247296,2144.8,186462.4,95.52,63.05,90705920,1643793,716360,71.64,35.29,2725207.52,2458.22,122674.33,73.73,26.04,58163.2,115404,228330.4
1353,68.9,10.56,24597299.2,2366,181296.4,91.43,63.03,102279577.6,1598468.4,732297.6,99.6,35.67,4804072.03,1739.9,121573.43,73.93,26.05,10649.6,113159.6,228153.2
1354,69.57,10.55,48339353.6,1999.6,179349.8,82.87,64.07,95807078.4,1300988.6,877712.6,99.85,31.58,4194304,2809.8,120676,73.6,26.05,3276.8,118176.2,231701.4
1355,67.98,10.54,9913958.4,2430.6,179179.8,89.33,63.27,104148992,306518.2,2044215,99.75,29.17,11016601.6,3259.8,121267.2,73.73,26.05,1638.4,119202.4,235327.8
1356,68.37,10.5,0,3640.4,186376.4,90.48,63.08,100837785.6,305371.8,2037246,99.82,25.88,4361420.8,3176.6,119462.2,74.12,26.05,0,123621.6,234254.8
1357,68.92,10.49,0,3389.4,181483.6,92.97,63.15,108686540.8,311576,1884767.2,99.85,22.59,9654330.2,4699.82,124226.34,74.03,26.05,3276.8,117523.8,230528.4
1358,67.95,10.49,0,2631.97,183107.49,96.08,62.92,104869888,1367600.4,710990.2,69.78,24.19,3401318.4,3541.2,121153.4,73.52,26.04,819.2,118922.2,232066.6
1359,69.05,10.5,52481.28,2094.69,178039.84,90.3,62.84,104335769.6,1591807.8,734402,82.55,20.95,8534425.6,2191,119518.2,73.97,26.05,0,118530.6,233864
1360,68.12,10.49,0,1852.2,185812.8,86.83,61.79,109111705.6,1593885.2,701771,76.48,20.97,12201164.8,1834.8,117912.4,73.72,26.05,3276.8,112805.4,224823.4
1361,67.82,10.5,0,2268,175602.4,93.55,71.37,86623027.2,562932.4,3567132.4,76.55,20.99,10181017.6,1596,120602.8,76.8,27.01,8122368,112626,227984.4
1362,68.57,10.48,0,2081,186293.2,100,65.73,124920627.2,316473.8,4839731.4,76.53,21,2439577.6,2204.4,120053.2,87.76,26.97,90807454.76,109788.96,225685.33
1363,68.57,10.48,0,2332.4,177389.6,100,69.08,125019750.4,1116950.6,1807032.2,76.12,21.03,12497715.2,3149.8,122459.6,87.49,26.93,93847071.86,118389,234566.84
1364,68.28,10.49,0,7156.4,181339.2,100,72.24,125480140.8,4537813.4,755048.4,78.07,21.02,2174156.8,3013.8,119330.2,87.53,26.97,98160640,113773.8,231217.4
1365,68.98,10.5,0,2444.4,183870.6,100,71.23,126020812.8,4164944.2,703160.4,69.79,22.37,4400498.8,1788.57,119291.37,87.3,26.98,101934694.4,113278.6,229969.2
1366,68.41,10.5,0,1993.2,177945.62,88.27,66.61,124921446.4,2803803.6,1405349.8,85.44,22.69,4197662.13,1753.4,120950.76,84.72,26.11,98703769.6,113043.4,231528
1367,67.92,10.5,0,2105.24,182397.56,96.57,66.64,123255193.6,301948.6,3343699.4,85.07,22.89,3354101.56,1824.27,119435.83,76.6,27.32,8353382.4,114240.4,228205.4
1368,68.82,10.5,0,2033.8,176967,100,66.08,116749107.2,304836,3355453.4,88.1,21.37,2937187.68,1844.34,122693.88,87.54,27.07,99103059.76,110700.18,227638.02
1369,68.27,10.51,0,2421.4,185638.8,100,66.32,121111347.2,303279,2670016,89.32,21.38,2097152,1892.8,120285,86.96,26.96,103738556.7,114832.9,232391.63
1370,68.97,10.51,0,2002,176898.8,97.93,65.98,116335411.2,2601136.4,731920.8,86.92,19.74,2516582.4,1772.4,121064.2,87.18,26.93,101307187.2,113026.6,231492.2
1371,67.87,10.51,0,2149.8,186115,100,66.2,122184499.2,2893642.2,703276.6,69.55,21.26,2516582.4,1751.6,118208.4,87.55,26.93,96177356.8,112960.6,228870.2
1372,67.97,10.51,0,1981,174401.4,92.08,62.01,123464908.8,2868454,730517.6,85.45,20.64,5649203.2,1627.2,117038.2,87.38,26.93,94615142.4,112639.8,231334.2
1373,69.15,10.5,0,2313.8,186280,96.73,71.61,100598579.2,548075,4165744.4,77.77,21.42,20960051.2,2277,122430.6,78.02,32.52,10103193.6,114580,228567.2
1374,68.2,10.5,0,2142.4,177604,100,70.19,123728691.2,307394.4,4654687.2,76.05,21.42,9428992,3184.4,123669,100,32.13,87888691.2,114742,228944.4
1375,69.07,10.5,0,2437.8,183047.2,100,70.99,112975872,1993662.4,1421770.2,76.98,21.45,16924672,1886.8,119450.6,100,32.44,93483827.2,115106.2,236135.4
1376,68.72,10.5,0,2132,180145.6,100,68.85,99873587.2,4102842.4,702900.8,76.8,21.45,4441702.4,1675.4,119172.4,100,32.8,93716480,112655.8,228776.4
1377,67.9,10.52,0,2269,178233.6,100,68.98,102431129.6,4215548,729901.6,76.28,21.44,3873177.6,1788.4,120275.4,100,33.83,95292620.8,112816.2,231623.2
1378,69.28,10.52,0,2169.2,182375.2,88.13,69.47,122308198.4,2351656.8,1618817,68.02,21.39,2936012.8,1731.4,117348.2,100,33.09,92996403.2,113332.8,230395.4
1379,67.7,10.52,0,2776.69,181226.51,99.88,66.74,119370547.2,308408,3375336.4,69.27,20.07,3355443.2,1834.6,124028.6,96.22,27.74,92842393.6,110042.4,225335.8
1380,67.99,10.51,0,2368.55,179490,100,66.49,89208422.4,303699.6,3336337.6,68.27,20.06,2936012.8,3305.2,118779,78.33,31.13,88441651.2,119639.8,234162.8
1381,69.13,10.52,0,2523.4,183915.6,98.2,66.74,110444544,333720.4,2449292.4,68.25,20.06,2306867.2,4426.8,125702.2,100,31.78,92067430.4,121089,240033
1382,67.95,10.52,0,2031.8,181972.6,100,66.36,107559321.6,2826146.4,700613.4,69.03,20.06,2516582.4,1727.4,116147.4,100,33.15,92156723.2,114000.4,230172.2
1383,69.22,10.53,0,2056.2,174779,100,67.45,110374912,2869968.6,739838.2,68.5,20.06,4951244.8,1827.2,119534.2,100,32.52,76086476.8,112831.2,231922
1384,68.05,10.51,6553.6,2157.2,185792.6,91.15,62.04,110503526.4,2863128,903207.8,69.05,20.06,1060044.8,1862.8,122081.2,100,33.32,92060876.8,113812.4,230765.8
1385,67.87,10.5,0,2192,180220.2,93.5,63.35,85932441.6,307003.4,1927445.6,67.78,20.06,3160473.6,1664.4,121117.6,100,32.77,86335488,109938.6,225979.4
1386,69.25,10.5,0,2386,183157.4,97.43,64.12,85568716.8,303407.4,2029242.2,68.55,20.05,19603456,1895.6,121500.2,96.45,27.79,90377420.8,111561.6,225194.6
1387,67.98,10.5,0,2221,180635.8,90.82,63.13,105320448,308842.6,2047335.4,69.13,20.07,21769420.8,3528.8,121482,100,28.55,89153536,120817.8,237698
1388,68.08,10.51,0,2044.8,182243.2,90.15,63.14,95961907.2,1104831.4,827492,68.93,20.07,19600179.2,4677,118889.6,95.83,29.42,89521356.8,122062.8,240209.4
1389,69.32,10.5,0,1988,177231,90.12,63.14,96201113.6,1590173.6,726345.8,68.18,20.06,9057075.2,2903.4,119860,85.85,29.39,85889843.2,114194.8,230874.6
1390,68.08,10.49,1638.4,2148.2,182388.8,90.79,63.24,93641175.67,1590717.05,703656.83,68.73,20.05,17847091.2,1676.6,123636,87.63,29.37,86759014.4,109553.6,225352.8
1391,68.85,10.49,0,2190.2,180171.2,100,67.39,98412953.6,302034.2,3355649.6,68.37,20.04,8385331.2,1757.8,119427.6,87.3,29.96,89226444.8,113992.2,230663.2
1392,68.15,10.5,0,2166.2,176841.2,99.17,65.85,107244748.8,307587.6,3342667.2,68.82,20.04,17981440,1877.2,121532.8,84.83,29.35,88080384,112715.6,231563.6
1393,68.37,10.52,0,2047.2,185571,100,68.1,99803955.2,469156,2030767,69.18,20.04,15923609.6,2037.4,117368.8,77.07,27.04,54039347.2,113911,228396.4
1394,68.32,10.53,0,1840.2,177633.8,100,66.45,100714905.6,3136443.2,725539.8,68.65,20.02,27317043.2,1650.8,119187.8,79.08,26.99,99414016,113461.8,233102.8
1395,67.93,10.5,0,2436.43,179314.67,100,66.58,108430950.4,2905075.8,904522.4,69.12,20.01,26835353.6,1894.8,122428.6,87.35,27.05,86337126.4,114549.8,231489.4
1396,68.07,10.51,0,2294.52,180945.58,93.65,63.43,92631040,2458109.6,838335.2,68.95,19.89,26797670.4,1698.2,122038.2,84.05,26.95,96373145.6,109746.6,225871.4
1397,68.93,10.51,0,2411.54,182783.75,96.65,63.47,106593484.8,303066,2023648.8,69.17,19.91,21600665.6,2308.2,119800,82.23,26.98,90252083.2,113320,227600.8
1398,68.82,10.52,0,2358.97,181303.89,90.68,63.26,101520179.2,308078,2041674.4,68.73,19.89,16916480,1759.8,122299.6,86.78,26.97,101216256,115933.4,237610.8
1399,67.85,10.52,0,2120.2,181804,90.02,63.01,99731865.6,297108.8,1920248.8,68.87,19.91,15163392,1785.8,119739,85.83,26.15,90354483.2,113204,229275.6
1400,67.82,10.52,0,2261.2,181063,90.85,63.02,102528614.4,1275484.8,731075.2,68.22,19.89,16983654.4,2141,117902.6,77.08,29.37,22818816,113199.6,229128
1401,69.18,10.51,0,2093.8,182060.8,90.2,63.07,101970739.2,1600299.2,710624.2,69.18,19.93,22206873.6,1659.8,124198.6,96,29.43,83088179.2,114663.4,231759.8
1402,67.87,10.51,0,2078.6,176783.4,92.23,61.93,99044556.8,1574265.4,715177,69.32,19.84,11794841.6,1920.6,117375.2,87.43,29.44,82462310.4,109664.4,225797.6
1403,68.73,10.5,0,3003,186552.4,94.78,66.51,102584320,623395.6,2500967.2,68.08,19.85,15730278.4,2240,124324,86.87,29.4,88144281.6,114126.8,230508.8
1404,68.52,10.5,0,2571.6,180738.6,100,65.82,110436352,307568.4,3359376,68.18,19.84,14470348.8,1825.2,119287.2,87.16,29.41,88452964.41,112660.14,228904.64
1405,67.91,10.5,0,1895.44,178744.1,100,66.47,126297702.4,300743.4,3328475.2,69.23,19.83,16013721.6,1541.4,116266.6,85.31,29.36,87935334.13,112997.2,232057.02
1406,68.97,10.51,0,1969.59,177229.09,100,66.5,127791104,3050584.4,929656.6,68.22,19.83,17196646.4,6471.2,123209.6,78.28,32.23,64533299.2,119899.6,234371.4
1407,68.08,10.5,0,3132.2,186060.2,100,66.68,127617433.6,2886535.6,742195.8,70.08,19.72,14965145.6,5523,122253.6,100,32.73,71104921.6,119604.2,234408
1408,69.28,10.51,0,2895.4,180335.8,84.3,61.95,81124556.8,2042114.2,722537.2,67.87,19.73,86835.2,3369.6,123468.2,100,31.64,93997465.6,113656.2,227805
1409,68.2,10.52,0,2306.2,180282.4,72.55,61.96,2086502.4,306452.4,725822.4,68.98,19.73,26214.4,1531.6,119288.2,100,34.04,91376844.8,114704,235833.6
1410,68.08,10.52,0,2052.2,182180.4,71.48,61.9,66355.2,304941.6,707905,68.73,19.73,26214.4,1952.2,119442.8,100,32.94,86222438.4,113099.6,229333.6
1411,69.1,10.52,0,2181.4,177657,71.08,61.89,286720,302829.4,717863.4,69.4,19.73,29491.2,1561.8,120256,100,33.2,86069248,112735,231233
1412,68.15,10.52,0,1963.8,182259.2,71.47,61.88,20480,308788.8,720964.8,68.27,19.73,26214.4,2968.4,120183.4,97.35,31.04,81789747.2,119060.8,235340.8
1413,67.75,10.51,0,3462.8,180771,76.77,61.92,6553.6,309121.4,750192.6,68.37,19.72,96665.6,4118.4,124841,76.93,27.26,77432422.4,117179.4,232341.6
1414,68.48,10.51,0,2054.4,185773,74.5,61.94,83558.4,303408.8,710826,68.48,19.71,26214.4,4191,120965.8,86.35,27,83243008,119379.2,232158.4
1415,68.63,10.51,0,2329,181529.2,71.93,61.7,439910.4,308704,733810.2,68.74,19.71,26193.45,1663.27,121278.18,87.63,27.01,86707404.8,113146.6,232511.8
1416,68,10.51,0,1925,179449.6,71.57,61.71,18022.4,303048.4,702577,69.13,19.94,60669.34,8979.18,135540.03,86.77,27.11,98217164.8,119651.4,236649.4
1417,69.08,10.52,0,2107,177916.6,71.4,61.66,621772.8,307764.4,738577.6,68.45,19.95,63897.6,2091.8,118676.2,87.38,26.98,91150745.6,112221.2,230858.8
1418,67.68,10.52,0,2100.4,182389.2,71.35,61.69,168755.2,310844.2,908103.4,70.05,19.98,42598.4,7306.8,128653.4,87.72,26.97,90657587.2,113811.8,230387
1419,68.03,10.51,0,2184,183742.8,77.02,61.74,682393.6,310112.4,733011,68.97,20.01,81920,7426.6,129593.4,85.5,26.23,89345228.8,109402.6,224800.6
1420,68.85,10.5,0,2278.8,183104.2,74.53,61.7,16384,304863.2,712737.6,68.75,20.02,6553.6,7373.8,126580.8,76.1,32.03,27852.8,110929.6,221744.8
1421,68.5,10.5,0,2337,181367.8,72.9,61.77,5734.4,307644.8,732790.2,69.32,20.02,104857.6,7432,133350.4,100,32.92,82092851.2,114996.2,235850.2
1422,68,10.48,0,6880.2,179520.4,71.08,61.78,5734.4,302289.6,721028.2,68.55,20.02,54067.2,3120.6,121183.2,100,32.69,87148953.6,113912,228662.8
1423,68.57,10.49,0,2263.4,181397.4,71.18,61.74,607027.2,303215,721408.6,68.5,20.04,78643.2,1816.2,121531.8,100,31.96,87171072,112478.4,231062.2
1424,68.42,10.47,0,2019,179581.8,71.28,61.74,158924.8,308693.2,715388.4,68.82,20.05,39321.6,1608.2,119394,100,31.8,77455360,114036.2,230913.6
1425,68.68,10.48,0,2266.2,180770.6,76.9,61.78,71270.4,302796.4,721390,68.05,20.05,32768,2346.6,119492.8,100,32.71,86403481.6,109477.6,225026.8
1426,67.63,10.48,0,2872,183304,74.32,61.76,9011.2,310117.6,717465,68.7,20.03,70451.2,3925.6,125967.6,97.58,29.43,85866086.4,112665.8,228278.2
1427,68.03,10.47,0,2347,180206.8,71.28,61.87,6553.6,304372.6,730596.8,69.02,20.04,27852.8,2028.8,119185.8,74.85,26.14,82082201.6,114003.6,230580.4
1428,69.13,10.47,0,2057,186715.2,72.02,62.12,9830.4,305411.2,714745.4,67.92,20.04,27852.8,1943.4,118450.6,74.13,26.12,24091033.6,113256,226152.4
1429,67.97,10.47,0,2181.6,178037.8,71.47,62.12,839680,305529.2,726639.8,69.23,20.04,27852.8,2499.8,120363.2,73.8,26.11,1638.4,114293.4,228230
1430,69.18,10.47,0,2478.2,183315.2,72.27,62.14,11468.8,311087.6,907485.6,68.18,20.03,27852.8,3022.8,121638.8,73.83,26.09,819.2,116836.2,229863.2
1431,67.98,10.47,0,2166.6,177608.2,76.75,62.14,67174.4,307353.6,731179.8,67.98,19.99,27852.8,2659.2,121625.8,73.82,26.09,50790.4,115115.4,228103.6
1432,68.42,10.47,0,2378.8,187101.4,74.28,62.11,34406.4,305136,708944.8,68.92,20.01,29491.2,1716.6,121447.4,73.65,26.1,3276.8,111656.2,221906.6
1433,69.18,10.47,0,2206.8,181177.2,71.23,62.09,9011.2,307535.8,730949.6,68.63,20.02,29491.2,2325.8,119602.4,73.7,26.1,115507.2,114316.8,226874.8
1434,68.2,10.47,0,1935.4,178731,72.08,62.12,90112,301998.2,722429,68.4,20.02,29491.2,2356.2,119018.6,73.92,26.1,0,116726.4,231977.8
1435,69.13,10.48,0,2145.6,177987,73.7,61.65,629964.8,307508.2,736986.8,68.43,20.02,29491.2,2695.8,120632.6,73.88,26.1,2457.6,115189.2,228265.4
1436,67.92,10.46,0,2077.4,185384.4,72.67,61.69,18022.4,305732,738927,68.72,20.03,26214.4,1860.4,121264.8,73.9,26.09,819.2,110012.2,221909.4
1437,67.92,10.46,0,2103.8,176998,74.77,61.61,7372.8,303985.4,706355.8,68.18,20.04,26214.4,2077.8,119477.2,73.57,26.09,0,115235.8,227728
1438,68.52,10.47,0,2157.4,185313.4,71.07,61.6,6553.6,306239.2,727310.4,69.18,20.04,26214.4,2079,121939.6,74.1,26.09,3276.8,113847.6,229750.2
1439,68.52,10.47,0,2136,176636.2,71.4,61.61,22118.4,302134.4,703226.6,68.17,20.05,29491.2,2894.6,118839.2,73.57,26.08,1638.4,117299.2,230768.6
1440,67.92,10.48,0,2022.6,181702.4,72.98,61.6,18022.4,307248.2,746090.6,68.65,20.06,29491.2,3315.8,120345.6,73.98,26.09,0,118929.8,234510.8
1441,67.86,10.49,0,2034.66,179228.01,73.37,61.6,752025.6,309721.4,929851.2,68.78,20.06,26214.4,2897.8,122864.6,73.8,26.09,2457.6,115628,228604
1442,68.35,10.48,0,2118.6,183455,77.05,61.62,10649.6,308053,735731.2,68.32,20.06,26214.4,2234.6,121747.8,73.7,26.09,819.2,110472.6,222396.2
1443,68.32,10.47,0,2234.8,182614.2,76.02,61.66,70451.2,303990.6,729940.2,68.55,20.03,42598.4,2318.6,123091.4,73.55,26.09,819.2,114447.8,225120.6
1444,69.57,10.49,0,2302.4,177272.8,71.17,61.64,332595.2,307178.4,730948.2,69.33,20.04,63897.6,8378.8,134001.6,74.03,26.09,2457.6,119202,236667.6
1445,68,10.49,0,1904.2,182092,71.03,61.67,9011.2,302256.6,701265.8,69.07,20.04,39321.6,8471.4,126637.2,73.67,26.09,819.2,117590.4,230152.6
1446,68.95,10.5,0,2249.6,181074,72.83,61.69,19660.8,307254.8,749953,68.87,20.05,68812.8,8830.4,132205.8,73.92,26.1,0,118057.4,233845.8
1447,67.77,10.48,0,2897.2,179679.8,72.15,61.69,13107.2,304388.8,708729,68.15,20.06,45875.2,2611.4,121138.6,73.88,26.1,2457.6,115360,228652.4
1448,68.12,10.48,60620.8,2129.6,180411.6,79.77,61.64,375193.6,309588,764945.2,69.23,20.06,14745.6,7392.6,129231.6,74.05,26.09,819.2,111444.4,224057.4
1449,68.68,10.48,106496,2704.8,186013.8,77.93,61.62,5734.4,306996,752263.6,69.33,20.09,73728,8962,134936,73.85,26.09,3276.8,118965.4,232450.6
1450,68.45,10.5,6553.6,2237,180624.6,72.92,61.58,589004.8,309225.4,751933,68.2,20.1,19660.8,4026,122440,73.7,26.09,1638.4,121115.6,237727.8
1451,68.03,10.5,0,2001.8,181537.2,71.12,61.62,110592,299909.2,701666.2,68.75,20.1,54067.2,8374.8,129587,73.57,26.1,0,116308.2,229644.2
1452,68.85,10.51,0,2210.6,177977.4,72.63,61.63,79462.4,307291,755160.6,68.43,20.11,44236.8,2848.8,120163.8,73.8,26.1,0,118556.4,234747.6
1453,68.17,10.5,0,2145,179315.6,73.27,61.68,14745.6,313155.2,932446,68.95,20.12,39321.6,2292.2,120835.2,89.93,29.38,54950297.6,115080.2,1991329.6
1454,69.02,10.5,0,2187.6,181163.4,78.67,61.72,57344,308725.6,743879,68.12,20.12,34406.4,3880.2,124931,94.9,29.83,91886387.2,110110.4,2796262
1455,68.17,10.5,13107.2,2587.6,186947.6,74.58,61.7,153190.4,304918,711471.6,68.3,20.12,50790.4,3713,121490.8,87.9,29.42,88174592,113782.4,2805021.2
1456,68.23,10.5,0,2879,181155.4,73.63,61.92,599654.4,307471.2,739488.8,69,20.11,37683.2,1640.4,121318.4,90.68,29.48,83254476.8,435229.8,1062537.8
1457,68.93,10.5,0,2193.2,179415.4,100,65.1,106681139.2,301138.8,710355.4,68.08,20.12,36044.8,1669,118676,94.67,29.43,89622118.4,2971471.2,231011.6
1458,67.87,10.5,0,2079.4,181029.4,100,66.75,105594880,304980.6,728809.4,68.93,20.13,32768,1738.4,121092.4,94.55,29.67,94470144,2694019,231550
1459,68.15,10.49,0,2074.4,179154.8,98.52,66.26,106474700.8,303879.2,715761,68.44,20.12,62209.43,1828.94,120007.99,85.58,26.94,93642752,1814773.2,532954.2
1460,68.9,10.51,0,2243.4,180898.8,100,64.04,108278579.2,306792.2,731679.8,68.52,20.13,26235.39,1717.97,121920.74,79.37,27.02,72980889.6,111517.4,1517054.8
1461,68.06,10.51,0,2531.59,183318.47,100,66.02,102060032,302625.6,706075.4,68.73,20.13,26214.4,1657.6,121567.2,83.3,26.98,90932019.2,113047.6,1213786.6
1462,69.09,10.52,0,2023.21,183829.93,99.77,65.47,110032486.4,307215.2,736752,67.95,20.13,26214.4,2260.8,119820,87.97,27,90463436.8,1308110.2,230856.2
1463,67.98,10.5,0,2250.2,179332.4,73.65,61.82,14701363.2,301341.4,707696,68.38,20.13,26214.4,1698.6,119333.8,87.53,26.99,87887872,1405808,233735
1464,67.87,10.51,0,2005.4,180752.6,100,68.24,122110771.2,310364.4,906294.4,68.78,20.13,26214.4,1537,119459.2,83.87,26.24,97343897.6,1401872.8,229392.4
1465,68.52,10.5,0,3149.4,184668.2,100,66.7,132795596.8,309220,751078.6,68.27,20.13,26214.4,5716,119734.8,96.9,28.81,66712371.2,216524,2354990.2
1466,68.13,10.51,0,3653.8,179877.4,100,69.2,128761856,302270.8,722076.6,68.2,20.13,26214.4,1755.2,121711.2,100,28.81,82409881.6,115230.2,2816034
1467,67.9,10.52,42581.37,1892.84,184011,100,69.77,127930368,307992,733165.8,68.62,20.13,63897.6,3168.6,119874,100,30.78,97868185.6,114663.6,2808428
1468,68.82,10.52,0,2319.53,182910.76,100,68.75,122784153.6,301373.2,703071,68.67,20.12,42598.4,2373.2,120426.4,100,29.61,100285644.8,1088382,679486.4
1469,67.5,10.52,0,1834.4,178055.2,75.17,62.68,122317209.6,307478.2,738636.2,68.7,20.12,27852.8,4134.6,122798.4,100,29.01,100319232,2714365.4,239558.4
1470,69.37,10.51,0,2309,182808.4,90.23,63.9,97091584,303023,716656,68.47,20.12,29491.2,3246.8,121091,100,29.63,96386252.8,2698504,233148.6
1471,67.12,10.51,0,2231.2,181449.4,93.93,63.47,97297203.2,307193.4,732680.4,69.05,20.13,36044.8,7680.8,136213.8,90.3,33.91,99545907.2,1383699.4,1819294.4
1472,68.73,10.51,3276.8,3329.4,179056,96.52,63.25,95532646.4,303570.8,711754.8,68.87,20.13,39321.6,11306,133457.4,100,31.73,86038937.6,118713,4104776
1473,68.4,10.51,6553.6,2368.6,187986.6,89.87,63.17,104671641.6,308119,747991.6,69.3,20.14,45875.2,9568,130062.6,100,32.89,77724057.6,126998,4097989
1474,68.65,10.51,0,2054.8,179489,89.9,63.15,101994496,301684.6,706533.2,69.13,20.13,8192,7204,126418.8,100,33.02,94946918.4,166899,2515004.8
1475,68.05,10.51,0,1834.2,178173.4,90.88,63.08,100900044.8,304963.4,726834.6,68.82,20.13,31129.6,7425.6,132985.4,100,33.44,96532889.6,3236021.6,231760
1476,68.5,10.5,0,2268.4,182737,71.93,62.03,48490086.4,312783.8,916677.2,68.38,20.14,4915.2,1883.4,120226.4,100,31.37,91894579.2,3955754.6,229856.4
1477,68,10.5,0,1922.6,177246.6,99.97,70.92,109966950.4,305858.4,731396,69.17,20.14,14745.6,7973.4,125536.6,99.87,30.98,86913024,119451,2669466.8
1478,68.33,10.5,0,2517.99,187554.38,100,68.58,125227827.2,303945,709824.6,68.28,20.14,109772.8,4910,128063,100,28.49,93639475.2,124078.2,2817562.2
1479,67.95,10.49,44254.5,2104.84,181213.49,100,70.56,126204313.6,300572,700351.6,68.3,20.14,42598.4,3716.2,121914.8,100,29.72,86515712,117171.2,2819149.2
1480,68.85,10.48,6553.6,2158,178887,100,69.74,106320691.2,306889.4,748096.4,68.42,20.14,49152,1782.8,116751,100,30.47,94645452.8,1645896.2,374640.4
1481,68.65,10.51,0,6872.08,181965.02,100,73.38,105879142.4,302962.2,710666,68.63,20.14,37683.2,5150.2,122137.2,100,29.46,91535769.6,2697008.6,231903.6
1482,67.63,10.49,0,1830.8,180473,77.95,62.46,113064345.6,305865.4,733817.6,68.72,20.14,39321.6,2576.6,124990.8,99.98,29.59,97587200,2682007.8,226689
1483,69.1,10.49,3276.8,2383.2,179423,99.8,66.56,94624972.8,303097.6,712557,68.2,20.14,36044.8,1796.4,119340,82.4,27.49,93529702.4,1177083.6,838012.2
1484,67.47,10.49,8192,1997.4,184064.2,100,66.57,105241804.8,307853.2,748982.6,68.45,20.14,29491.2,1541,121244.6,87.48,27.04,87100620.8,113166.8,1521851.6
1485,68.75,10.49,0,2300.2,179640.4,100,66.2,106550886.4,299697.6,704009.8,69.03,20.13,26214.4,1851,117845.4,87.67,27.05,95515443.2,114014.4,1517729
1486,68.13,10.5,0,1939.8,181517.6,99.85,66.43,111824896,307336.6,737591.8,67.98,20.13,63897.6,1580.4,120877,87.65,27.01,99169894.4,244082.8,915001.2
1487,68.92,10.5,0,2394.6,183376.8,100,66.42,102447513.6,311037,908787.2,69.38,20.13,27852.8,1674.2,117732.2,86.88,27.01,103962214.4,1517695,230743.8
1488,68.83,10.5,0,2336.6,178142.4,99.98,66.66,106981785.6,307692.6,730686.6,68.27,20.11,26214.4,2306.8,120364.4,87.5,27,101304729.6,1397861,225625.6
1489,68,10.5,0,2357.6,186255,78.47,62.02,19614924.8,305417.8,716208.2,68.75,20.11,34406.4,4429.2,124486.8,83.48,27.88,63323340.8,1192186,447816.6
1490,68.32,10.48,40960,1843,176778.2,99.48,66.66,100333158.4,306931.8,735485.4,68.7,20.12,31129.6,3836,118666.4,91.2,29.48,85763686.4,122741.6,2812563.8
1491,69.22,10.49,0,2141.2,182998.2,98.8,66.72,114317721.6,299590.6,703171.8,68.12,20.12,27852.8,1525.6,118595,87.83,29.49,88869273.6,116720,2800082
1492,67.82,10.49,0,2037.8,177870.2,99.68,66.49,107870617.6,307074.2,728139.6,69.22,20.12,27852.8,1780.6,119395.2,87,29.48,91027046.4,113617.8,2614864.2
1493,68.13,10.5,0,2439.2,183138.2,100,67.4,111287500.8,303030.6,708509.4,68.13,20.12,27852.8,1669.6,121226.8,87.07,29.42,89356697.6,2690836,225754.6
1494,68.8,10.49,0,1791,183508.6,100,66.51,119828480,303875.2,729049.4,68.53,20.12,27824.98,1808.19,121489.11,93.17,26.16,97530675.2,2701571.6,230686.2
1495,67.98,10.49,3276.8,2632.2,183749,74.32,62.04,66165964.8,308726.4,739997.4,68.92,20.12,44281.08,1542.54,119676.28,89.68,29.9,88996249.6,751683,1876850.8
1496,67.98,10.49,6553.6,2324.6,177772.8,89.27,64.18,95008358.4,302691.8,711675.2,68.1,20.11,26214.4,2416.6,119538.6,95.05,29.41,94532403.2,113845.2,2818606.4
1497,69.02,10.49,0,2231.6,187232.6,90.08,63.21,100610048,306467.2,729932.6,68.33,20.12,27852.8,1590.8,120679.6,94.52,29.49,103014400,113023.2,2813424
1498,67.93,10.49,0,2265.4,183992.2,89.93,63.15,103790182.4,310718.8,907730,68.98,20.12,27852.8,1734.6,117355.2,96.43,29.42,101679104,892135.6,1149272.6
1499,68.05,10.51,0,1860.2,183667.4,94.27,63.19,100645273.6,306096.2,727766,68.05,20.13,27852.8,1679.6,122995.8,95.3,29.42,99026534.4,2696385.2,224832.2
1500,68,10.5,0,2308,180224,95.25,63.18,101910118.4,302286.2,706120.6,68.38,20.12,47513.6,1966,120900,90.07,29.45,93654220.8,2667400.6,230524
1501,68.47,10.5,42598.4,1786.4,183629.4,89.62,63.14,107179212.8,306477.6,730490.8,68.85,20.12,101580.8,7400.6,132250.4,84.88,34.61,92309094.4,1914935.6,1037471
1502,82.18,12.11,850329.6,2247.2,180212,72.28,62.07,36586291.2,302472.2,719251.2,68.55,20.09,14745.6,7610.8,127602,100,33.98,90838630.4,114701.4,4081332.4
1503,85.43,11.07,44125388.8,1962.6,181083.2,99.05,71.44,105964339.2,305443.2,733201,69.98,20.1,44236.8,7445.6,130789.2,100,33.59,86082355.2,113182.8,4105785.8
1504,86.43,12.2,50333286.4,2212.2,183766.8,100,68.7,122755481.6,303600.2,707330.8,68.12,20.1,0,2492,122204.6,100,32.93,95928320,118741.6,3306462.4
1505,87.78,12.21,6995968,2122,181268.2,100,69.13,125924966.4,307257,732523.8,68.68,20.1,16384,9997.6,128068,100,31.71,93437132.8,3285330.4,236232
1506,92.4,12.2,5226496,2596.2,181372.2,100,72.25,122209894.4,304248.4,710156,69.01,20.11,24620.32,1554.6,121865.36,100,33.42,89735168,3964825,234807.8
1507,85.88,12.21,28942336,2666.8,185712.6,100,70.69,125731635.2,308862.4,736269.8,68.73,20.11,91750.4,8720.6,125175,93.6,31.04,88704614.4,3983261.6,232643
1508,76.42,10.58,50575769.6,2219.6,183190.8,100,72.53,123268300.8,302795.2,719344.6,68.45,20.12,58982.4,1580.4,120463.2,83.05,27.05,80623206.4,790736.8,1165085.4
1509,85.63,17.2,27092582.4,1993.8,178283.2,74.62,64.76,123219968,306688.6,739502.2,68.87,20.12,26214.4,1974.2,119682,77.93,26.99,85681766.4,113079.8,1525984.4
1510,99.7,14.48,5070848,2268.8,183628.6,98.82,71.44,109799833.6,312304.2,919860.2,68.22,20.12,32768,2820.2,122931,81.23,26.98,102516326.4,680998.2,584372.2
1511,99.13,16.26,5662310.4,2472,181771,100,69.77,114798592,308200.2,730351.2,68.2,20.12,44236.8,2807.6,120539,81.45,27.05,90961510.4,1405609,229326.8
1512,93.27,15.07,30795366.4,1839.4,179220.8,100,71.49,126042931.2,306541.8,727549.4,68.65,20.12,39321.6,2340.8,122141.4,87.7,27,95051776,1402437.8,231853.2
1513,84.43,17.12,6920601.6,2233.8,186816.8,100,69.12,128439091.2,301234.2,708816,68.82,20.12,36044.8,2250.6,117605.6,76.57,26.14,35701555.2,863475,228643.4
1514,76.52,17.11,40009728,2120.2,174498.4,100,70.17,132789043.2,306866.2,734455.2,68.25,20.13,26214.4,2602.6,121739.8,73.7,26.13,8192,117535,232874.8
1515,85.33,19.37,55826841.6,2593.4,186998.6,75.27,62.44,125147545.6,305377.6,718432.4,68.38,20.13,26214.4,3108,121575,73.85,26.13,0,119040.6,233017.2
1516,99.8,14.8,18284544,1927.6,177248.2,98.83,71.78,106538598.4,306005,732075.4,69.02,20.09,73728,3298.8,124571.6,73.92,26.12,3276.8,115577.4,228512
1517,93.35,17.16,66068480,2873,185697.8,100,67.39,125914316.8,306886.8,714514.2,67.92,20.1,27819.42,3143.03,121138.03,73.83,26.13,0,117003.6,230201.8
1518,93.27,16.66,3217817.6,2270,180607.4,100,69.85,126817075.2,308635.8,732253.8,68.55,20.1,27886.26,1751.1,121552.26,73.87,26.14,0,113851.8,229241.8
1519,93.72,17.56,10290790.4,2632.4,183537.8,100,71.27,127638732.8,303478.2,703033.8,68.07,20.11,26214.4,3355,122845,73.7,26.14,44236.8,116300.8,228934.4
1520,93.58,14.67,21997158.4,2168.6,181873.8,100,67.84,124722380.8,307746.8,737744,69.22,20.11,26214.4,3263.6,119143.2,73.67,26.14,0,117946.4,233374
1521,80.78,13.84,6671564.8,2736.2,180958.8,100,72.51,125544038.4,313295.6,920340.4,68.53,20.13,26214.4,3068.6,126255,73.87,26.13,10649.6,119556.6,232831.8
1522,84.48,24.55,285081.6,2039.4,180489.4,78.97,62.32,124718284.8,306184.4,736456.6,68.25,20.13,31129.6,3160.2,120796.4,73.9,26.12,3276.8,115284.8,227894.2
1523,99.93,23.69,67872358.4,3010.6,186312.2,76.27,61.98,259686.4,307068.4,731184.6,68.62,20.13,36044.8,7014.2,124486,73.92,26.13,0,118449.8,230224.2
1524,99.82,23.74,58987315.2,3564.6,180397.4,72.15,61.83,54067.2,308491.6,747768.8,68.35,20.12,26214.4,4730,122174.8,74.08,26.13,0,119477.6,235745.6
1525,99.98,20.94,32299417.6,1992.2,178995.2,70.8,61.89,291635.2,301730.2,702668.8,69.03,20.13,26214.4,1800.4,116101.2,74.12,26.14,0,113351,228546.6
1526,99.92,20.68,11902976,2083.2,180921.4,71.22,61.83,63078.4,306474.6,727057,68.42,20.13,27852.8,2100.2,122018,74.05,26.13,819.2,116572.4,229812.4
1527,98.97,23.67,66633728,2337.2,183397.8,71.58,61.9,45056,305590,710650.6,68.23,20.13,27852.8,3292,122963.4,73.88,26.13,819.2,113447.2,224719
1528,84.28,17.15,66076672,2107.8,179943,76.15,61.86,348160,307415.4,737080.4,70.23,20.12,57344,8455.8,134531.8,73.73,26.13,2457.6,115946.6,228567.6
1529,84.57,23.73,19560857.6,2550.8,183592.2,76.2,62.06,815923.2,305039,716357.2,68.33,20.12,63897.6,3163.6,122514.4,73.98,26.13,0,118497.6,234385.8
1530,99.83,19.69,5876940.8,2191.6,177199,71.02,62.09,8192,304518.8,720170.2,68.4,20.12,18022.4,9646.8,126635,73.77,26.12,0,120987.4,229984.4
1531,99.93,15.84,22234726.4,3149.2,186586.8,71.45,62.1,86835.2,307738.2,726923.2,69.43,20.13,36044.8,7846.4,132326.4,74,26.12,2457.6,113035,227833.2
1532,99.85,15.15,34308096,2028.6,174520.4,71.13,62.09,36044.8,311117.2,906674.2,68.8,20.13,22937.6,2474.6,119895.6,73.72,26.12,16384,116485.2,229756
1533,99.78,15.84,74575052.8,2661.6,186767.6,76.68,62.19,586547.2,307468.4,728903.6,69.17,20.13,13107.2,7573,131134,73.97,26.11,2457.6,111183.8,223147.8
1534,99.9,18.01,34814361.6,2104.4,180896.4,74.3,62.16,32768,304781.6,710267.2,68.85,20.14,27852.8,7675.6,129621.4,73.77,26.11,8192,113475,225907.6
1535,82.63,13.96,21635072,2120.2,183782.6,72.78,62.12,9830.4,309470.4,732917.4,69.38,20.14,32768,7357.2,126919.6,73.9,26.12,0,113946.2,229634.2
1536,98.97,14.28,5542707.2,2127.4,183914.6,71.03,62.12,299008,302463.4,708175.6,68.25,20.14,117964.8,2418.6,120222.6,73.8,26.13,0,115029.2,227308
1537,94.63,17.06,45170688,2065.8,174681.6,71.17,62.12,19660.8,307248.8,730047,68.2,20.15,55705.6,3091.2,120106.6,73.88,26.13,3276.8,117529.2,232696
1538,94.1,17.25,63014502.4,8160,183894,70.85,62.12,284262.4,308948.4,730572.8,68.62,20.15,44236.8,3209,121923.4,73.98,26.12,819.2,121661,234224.6
1539,84.47,17.26,1233715.2,2195.8,180874.2,76.3,62.27,16384,307308,728928,69.08,20.15,75366.4,7667.8,127559,74,26.12,0,114830.8,226931.6
1540,84.32,17.27,13030195.2,2252.8,186897.2,74.07,62.28,344064,305418,706140.8,68.33,20.14,68812.8,2794.6,120623,73.97,26.12,7372.8,116800.6,229702.8
1541,78.03,17.27,54598041.6,2189.8,181028.6,71.23,62.26,95027.2,309106,733459,68.52,20.14,27852.8,3063.4,123351.2,73.78,26.12,2457.6,119435.6,236358.2
1542,83.9,26.57,77004.8,3020.6,180988.4,71.08,62.27,13107.2,304291,706272.6,68.72,20.14,26214.4,3491.2,122340.8,73.58,26.13,0,119361,232907
1543,99.98,27.67,113049.6,2096.8,182117.6,71.52,62.25,321945.6,307544.2,731276.4,68.87,20.14,27852.8,3738.6,118883.8,73.88,26.11,3276.8,119208.2,234959.4
1544,99.97,21.65,50062950.4,2343.6,183841.6,73.2,62.29,16384,313374.6,909014.6,68.42,20.14,27852.8,2837.8,123465.2,74.03,26.11,1638.4,116830.4,230542.4
1545,99.98,16.87,6573260.8,1916.8,177134,76.72,62.28,233472,306503.2,727789.2,68.72,20.13,27852.8,2456.4,120361,73.77,26.1,0,114190.6,226868.8
1546,100,22.57,58159923.2,2288.6,186597.6,74.92,62.27,12288,305573.6,710213.8,68.4,20.13,27852.8,2952.8,121145.8,73.55,26.11,2457.6,116752,229656.4
1547,100,21.48,34314649.6,2176,180851.4,71.42,62.27,7372.8,308383.4,729917.8,68.7,20.13,63897.6,2106.4,121427.2,73.9,26.12,819.2,113862.8,228849.4
1548,84.7,11.17,6920601.6,2117,183520.2,71.02,62.28,453836.8,302565.6,705052.4,68.08,20.13,26214.4,2059,121931,73.5,26.11,819.2,115776.2,228761
1549,83.68,17.7,56932761.6,1977.6,178465.2,71.43,62.29,31129.6,308026.4,735280.6,68.65,20.13,26214.4,3167.4,120876.4,74.07,26.11,2457.6,118025.4,232929.6
1550,99.72,16.35,32918732.8,2402.8,180452.4,71.15,62.28,64716.8,305618,709656.8,68.62,20.13,26214.4,3082.2,120883.8,73.77,26.11,819.2,118685.4,232338.2
1551,93.18,17.72,41943040,1867.4,181014.4,76.65,62.09,346521.6,307644,730807.4,68.42,20.13,26214.4,3388.2,123545.8,73.92,26.11,0,115864.2,229055
1552,92.82,17.7,5034803.2,2211.2,183456.2,74.62,61.95,8192,303832.6,707313,68.3,20.13,26214.4,2244.6,122177,73.57,26.12,2457.6,117457.8,231053.4
1553,87.9,17.71,5079040,1942.4,181255.6,71.63,61.94,5734.4,308989.4,731178.2,68.48,20.12,26214.4,2963,119305.2,73.87,26.12,819.2,115465,230904.6
1554,86.53,17.58,31455641.6,2516.6,183920,70.88,61.93,311296,303749.6,707176.6,68.35,20.12,27852.8,3367.4,121966.8,73.53,26.13,3276.8,118024,231149.2
1555,77.85,17.42,69245337.6,2046.2,181614.6,71.52,61.95,20480,309391.6,746444.4,68.67,20.12,27852.8,2656.2,121292,74.07,26.13,1638.4,117989.2,233496.6
1556,83.68,28.39,28054323.2,2490.6,180091.4,71.42,62,172032,311356.2,908971.8,68.32,20.12,27852.8,2096.8,122182.2,73.83,26.12,0,116913.8,229890.6
1557,99.93,24.01,30149836.8,1978,180592.6,76.57,61.94,13107.2,307640.6,728910.8,69.15,20.09,50790.4,7647.4,133531,73.73,26.11,0,110775.2,223518.4
1558,99.93,21.16,34575155.2,2289,186529.2,75.08,61.93,5734.4,304582.6,709316.8,69.13,20.08,54067.2,1899.2,120079.8,73.6,26.11,2457.6,111275.4,222278.6
1559,100,18.89,6042419.2,1904,177355.2,72.25,61.93,6553.6,308192.4,730469.2,69.28,20.08,40960,8795,133110.2,74.02,26.13,1638.4,117889.8,235660.6
1560,99.97,20.1,62886707.2,2212.2,187448.4,70.88,61.93,5734.4,302509.4,703187.6,68.75,20.08,90112,8961.4,131253.2,73.75,26.14,0,119013.8,232702.8
1561,99.95,22.1,6556876.8,1897.8,177732,71.38,61.95,606208,307259.2,729417.8,68.75,20.1,13107.2,8216.4,126014.8,74.05,26.13,2457.6,118399.6,234014.2
1562,86.32,10.92,54021324.8,2494.6,180625.6,72.82,62.18,266240,305382.8,709525,69.82,20.09,81920,9294.2,138196.6,73.92,26.13,0,113884.2,226060.6
1563,83.13,21.22,8944025.6,1985.6,183580.8,76.2,62.13,31948.8,307050.6,732254.8,68.3,20.09,42598.4,1770.4,118557.4,73.68,26.13,2457.6,113090.4,225361
1564,99.97,24.07,2945843.2,2191.4,179237,75.02,62.14,429260.8,302978.2,707055.4,68.53,20.09,26214.4,7608.8,127877.2,73.7,26.13,3276.8,115767.6,231089.8
1565,100,20.93,5654118.4,2489,184485.8,71.27,62.13,430080,307762,733258.2,68.57,20.09,104857.6,3329.6,119511.6,73.83,26.14,819.2,118127.8,231424.2
1566,99.97,21.48,57273548.8,3037.6,183976.6,70.95,62.16,38502.4,301387.2,709036.2,68.78,20.09,40960,3794.4,123409.4,73.85,26.13,2457.6,118225.2,234045.4
1567,99.75,23.99,56780390.4,1897.8,174618.6,70.97,62.14,22937.6,309233,903728,68.2,20.09,32768,2314.2,120273.8,73.92,26.13,0,115042.2,228726.6
1568,99.85,23.95,36655923.2,2439.6,187024,77.18,62.23,42598.4,309681.6,736063.6,69.87,20.1,80281.6,4852.4,125776.2,73.85,26.12,0,113801.8,225374.6
1569,86.72,17.34,53490483.2,1988.4,180984.2,74.98,62.22,130252.8,306064.4,712185,67.93,20.09,37645.55,2659.74,120219.78,73.63,26.13,3276.8,114496.8,225549.6
1570,68.8,10.98,6642073.6,2360.8,183908.2,72.2,62.23,583270.4,308309,731376.8,69.04,20.09,37720.92,2109.71,122560.16,73.97,26.12,0,117895.2,235565.8
1571,68.67,10.98,16693657.6,2025.4,186885.2,71.02,62.24,21299.2,301482.6,703328,68.98,20.11,26214.4,3061.8,118741.4,73.8,26.13,0,116956.2,230116
1572,68.52,10.98,54119628.8,1950.6,178003.4,71.4,62.25,22937.6,307465.4,728561.2,68.12,20.1,26214.4,2372.6,118520.6,73.85,26.13,2457.6,115645.4,230708.2
1573,68.25,10.98,7436697.6,2351.6,180650.4,71.07,62.24,27852.8,305688.6,709400.2,68.52,20.1,26214.4,3174,123223.4,73.73,26.12,0,118093.8,231020
1574,68.62,10.98,6496256,1861,180479.8,76.9,62.26,13926.4,306244.2,726999.8,68.87,20.09,26214.4,3300.6,124108.8,73.75,26.13,0,115834.4,229203
1575,69.18,10.91,59498496,2147.6,186045.4,74.9,62.16,127795.2,302998.2,705301.8,68.08,20.09,27852.8,2824.2,120288.4,73.67,26.14,24576,118859.4,230847
1576,68.82,10.94,45591756.8,2031.8,180211.6,71.48,62.12,621772.8,308097,729300.8,68.38,20.09,27852.8,3045.2,121883.4,73.75,26.14,13926.4,118303.8,233731.8
1577,69,10.94,6355353.6,2291.4,180006.4,71.05,62.16,9011.2,303994.8,704221.6,68.88,20.09,26214.4,3130.4,123114.4,73.82,26.13,0,117642.8,230142
1578,68.22,10.92,12114329.6,1773,177940.4,72.8,62.19,27852.8,308267.4,746515.2,68.1,20.09,26214.4,3022.4,120628.4,73.6,26.13,22118.4,116803.4,232318
1579,69.87,10.75,51491635.2,2548,187504.6,72.53,62.15,13926.4,311870.6,916964.4,70.15,21.02,49152,2135.8,133715,74,26.13,0,113147.6,225475.4
1580,69.95,10.79,50664243.2,1865.2,180644.6,77.5,62.17,31129.6,308610.6,733335.4,91.8,21.8,12963020.8,2583.8,1421303.2,74.07,26.12,819.2,113389.2,225743.6
1581,68.73,10.76,16921395.2,2164.2,179963.8,75.55,62.16,8192,303177.4,729833,86.73,22.02,16619929.6,2636.4,1414627.2,73.58,26.12,0,113456.6,224097
1582,68.18,10.66,1340211.2,2908.8,184833.6,78.35,63.44,28675276.8,309185,738416.8,89.58,21.81,19798425.6,1494.6,1379053,73.83,26.13,2457.6,115546.2,233776
1583,69.33,10.66,0,2077.6,183947.6,89.98,63.57,105667788.8,302074,742086,89.13,21.81,15781068.8,5891.2,122114.6,73.85,26.14,0,114029.6,226594.6
1584,67.93,10.67,0,3181,177861.8,90.43,63.43,103756595.2,304535.4,744463.6,87.93,21.82,16782131.2,3470.2,118683.8,73.88,26.13,0,115197.6,228526.6
1585,68.08,10.67,0,2119.8,183378,89.8,63.38,106733568,303893.8,711675,85.47,20.16,16685465.6,502371.8,119395.4,73.87,26.13,2457.6,113779.4,226202.6
1586,68.75,10.67,65536,1985,180817.2,94.08,63.66,115515392,306750.4,733754.2,70.47,20.1,27852.8,1276823,119347.2,73.75,26.12,2457.6,110211.2,221339.8
1587,67.88,10.68,34406.4,2693.8,183695.2,95.97,63.55,106704896,304110,708165.6,76.13,23.69,29491.2,942895,608210.4,73.93,26.12,2457.6,113815.4,226434.6
1588,68.22,10.68,0,1723.2,176815.8,84.9,62.44,83514982.4,308007.8,736466.8,99.92,26.79,14057472,3796.8,2622593,74.1,26.13,1638.4,114789,229682.6
1589,69.17,10.69,0,2281.6,182994.8,79.77,69.08,31272960,302102.8,704593.4,99.58,25.5,19428147.2,3107.4,2713195.6,73.78,26.13,0,118861.8,233042.6
1590,67.75,10.7,0,3301,177766.6,100,70.74,146133811.2,308103.2,753587.4,99.83,26.21,22115123.2,3614,2271914.4,73.92,26.15,0,121743.2,232741.6
1591,69.42,10.7,0,2906,185024.4,100,68.41,142420377.6,315235.4,913878.8,99.8,26.46,16698572.8,47902.2,123687.8,73.93,26.12,0,110290.4,222564.8
1592,67.7,10.7,0,2060.4,184671,100,69.85,137610854.4,307440,734093.4,99.65,27.55,19305267.2,2550826.2,119731.6,73.82,26.12,0,112328,227465
1593,68.22,10.7,0,2169.2,183799.2,100,70.72,128075366.4,306949.6,729692.4,93.83,20.14,12443648,2578453.8,122030.4,73.92,26.13,2457.6,116270.2,229878.8
1594,68.62,10.71,0,2403.2,183867.6,92.13,62.87,124175155.2,302753.4,707440.2,70.18,20.28,22560768,2408784.8,120164.6,73.52,26.13,0,115633.8,227984
1595,68.18,10.72,6553.6,1762.6,174515.2,81.18,65.29,95074713.6,310738.6,733167.8,99.88,26.82,24684134.4,3477,2479935.6,74.22,26.13,0,120041,237019.6
1596,68.57,10.72,0,2232.4,183091.2,98.45,66.94,98143436.8,302947.4,711618.2,96.37,24.56,27338875.65,3273.89,2675370.85,74.12,26.12,11468.8,118124.2,231343.2
1597,68.8,10.71,0,7051.2,181903.2,100,67.75,108686540.8,308880.8,748699.6,93.2,26.85,12640396.96,2694.48,2717691.88,73.75,26.12,0,114071.4,224261.6
1598,67.95,10.71,3276.8,2276,183767.6,100,66.24,112428646.4,303941.6,710571.4,84.88,26.85,2097152,4612.4,346342.2,73.85,26.11,0,118657.2,232240
1599,67.83,10.71,0,2255.4,184308.2,100,67.12,125925785.6,308031.8,733958.4,84.4,26.85,2936012.8,3063.6,123349.8,74.05,26.12,2457.6,118057.2,233176.6
1600,69.1,10.71,0,2231.8,183417,100,68.11,129346764.8,300633.6,702119.8,84.67,26.85,2516582.4,3171.6,118375.2,73.48,26.13,0,115958,228520.6
1601,67.77,10.72,0,1933.8,178552.8,92.07,62.19,128851968,306961.6,734435,67.37,26.85,2372403.2,2121.6,119404.2,73.73,26.12,819.2,114101,228863.8
1602,68.17,10.72,0,2265.4,180701.2,80.17,67.87,66633728,311624,911446.6,68.17,20.54,4471193.6,3030,126476.8,73.68,26.11,2457.6,116135,228879
1603,68.87,10.72,4915.2,2250.2,183909.2,100,71.9,129599078.4,305785.6,731754.6,69.18,20.19,2182348.8,3162.2,119292.4,73.98,26.11,0,115067.8,227764.2
1604,68.06,10.72,1637.74,2098.96,180606.16,100,69.25,126106009.6,302712.6,707624.6,68.2,20.2,4921753.6,1937.4,121690.8,73.72,26.12,0,117644,231109.2
1605,68.14,10.71,42615.45,2303.32,184926.57,100,71.9,125113139.2,308551.2,735027.4,69.93,20.19,20586496,310578.8,120927.8,73.72,26.13,0,117169.6,229587.2
1606,69.15,10.71,11468.8,2065,183440.6,100,71.22,127027589,298514.19,702295.48,70.62,20.18,22229811.2,2856512.4,121675,74.05,26.13,3276.8,114476,230021.2
1607,68.02,10.71,3276.8,2005,178105,100,71.65,127974184.9,306614.45,730403.36,70.22,20.12,24826675.2,2508913.4,116674.4,73.85,26.13,0,113216.8,225843.6
1608,69.28,10.71,0,2081,183134.4,83.22,70.35,106853990.4,307240.8,736596.6,69.47,20.16,27477606.4,1805739.4,124693.2,73.7,26.12,4096,112607.6,225280.2
1609,68.18,10.71,3278.77,2316.59,186965.18,100,71.02,124464332.8,305801.4,716671.8,77.72,27.88,16831283.2,3161.6,116772.2,73.82,26.12,25395.2,116780.6,229416.2
1610,68.97,10.72,0,1933.6,177521.4,100,72.26,121212108.8,307688,734462,99.95,33.41,22061056,2089.8,3024803.2,74.08,26.12,4096,113354.4,228705.8
1611,68.02,10.72,0,2068.6,183154.4,100,71.17,127030067.2,300433.4,700179.8,99.97,31.12,15972761.6,2088.8,3966066.2,73.83,26.14,819.2,113781.2,226909.6
1612,68.93,10.71,0,2491.6,181923.4,100,70.4,126373068.8,307051.2,728598,99.93,30.38,16469196.8,1906.6,3988138,73.7,26.13,4096,113287.8,228407.4
1613,68.25,10.7,0,2341,180797.2,100,71.91,128322764.8,312794.2,910387.8,100,27.68,4405657.6,2733.6,1101911.6,73.9,26.12,2457.6,113415.4,225174
1614,67.82,10.7,0,2137,184622.2,94.37,64.32,126404198.4,306410.6,731582.6,99.98,29.11,3991142.4,2278,119775.4,74.1,26.12,819.2,111233,222908.4
1615,68.97,10.71,0,2109.6,180293.2,86.57,65.76,91656192,306005.8,721779.2,97.72,23.44,18292736,376047.8,119334.4,73.63,26.12,0,114775.6,226784
1616,68.35,10.71,40960,2544.6,181085.4,100,67.45,108241715.2,308529.4,733231.2,70.28,20.19,17616076.8,3418384,121466.8,74.13,26.14,2457.6,116042.6,233367.8
1617,68.57,10.71,11468.8,2069.8,186236.6,100,66.38,124035891.2,301192.2,701094.2,71.13,20.18,13215334.4,3270023.4,118035.8,73.57,26.13,0,113160.4,225847.8
1618,68.48,10.71,3276.8,1912.2,178465.8,97.98,67.69,124007219.2,305677,729485.2,70.52,20.18,17196646.4,2987611.6,119741.6,74,26.14,2457.6,113483.2,228488
1619,68.18,10.71,0,2282.6,183752.2,98.77,66.45,125077094.4,305467.4,710310.2,81.43,21.86,15576268.8,3478,625786.8,73.97,26.13,0,114711.4,226779.6
1620,68.72,10.71,0,2106,181201.6,100,64.51,125270425.6,306417.8,742158.2,86.37,21.85,4404019.2,2824.2,1403408,73.88,26.13,0,118130.8,231149
1621,67.97,10.72,3276.8,1937.8,179544.6,96.25,61.87,127490457.6,302948,709175.4,77.43,21.85,1677721.6,2824.6,1419491,73.78,26.14,3276.8,117456.6,232686.8
1622,68,10.72,0,2176.8,184744.4,100,71.15,126963712,302328.6,702107.2,77.45,21.86,7549747.2,55924,906289.4,73.72,26.14,0,113466.2,226609.4
1623,68.75,10.72,0,2103.6,179683.6,100,69.47,127442944,305680.4,738224.4,77.3,21.87,14267187.2,1353651.4,119363.2,73.72,26.15,0,115017.4,230918.4
1624,68.25,10.72,0,2231,186615,100,71.37,128752844.8,310220,904651,77.52,21.87,10492313.6,1283161.8,118965.6,73.98,26.13,0,112454.4,224776.8
1625,68.85,10.71,0,1965.8,180348,100,71.05,139797691.5,304359.91,726150.48,74.1,21.91,17837260.8,1184513.4,121781.4,74.05,26.13,2457.6,111668.4,223469.6
1626,67.85,10.71,0,2538.4,180638.6,100,71.11,135770594.1,304462.17,711966.57,68.25,21,4638310.4,3082.6,121562.2,73.8,26.14,0,119086.2,232625
1627,68.38,10.73,40960,2043.8,184196,95,64.7,127922176,307791.8,739985.6,70.38,21.56,3653632,2489.2,120157.8,73.97,26.14,9011.2,114180.6,229479.8
1628,68.62,10.72,6553.6,1909,182432.4,79.48,69.12,108094259.2,300932.2,706616.2,90.43,22.57,2516582.4,2145.6,1406842,73.65,26.14,0,113972.8,226244
1629,68.6,10.72,0,1960.6,175159,100,72.6,125144268.8,304944.2,727402.6,86.82,22.78,2097152,2141.6,1419876,73.88,26.15,0,113090,227574.6
1630,68.52,10.71,0,2166.6,183171.4,100,71.18,128166297.6,304641.6,711479.6,77.16,22.6,2515073.36,888734.76,126154.51,73.83,26.14,0,117332.8,230521.2
1631,68.45,10.71,0,2191.8,184189.4,100,70.85,124921446.4,305975.4,727401.6,76.9,22.6,2098411.05,1271176.51,118833.5,73.75,26.13,11468.8,115565.8,228684.4
1632,67.97,10.72,3276.8,2338.4,183612.4,100,67.17,124057190.4,303785.6,709938.4,76.78,22.6,2659123.2,1287305.6,125353,73.82,26.13,0,117759,230653.8
1633,68.82,10.72,0,2050.4,181331.4,100,71.61,124420915.2,307891,734465.4,87.75,35.08,2098790.4,397127.8,2276603,74.03,26.13,819.2,117405.4,232392.4
1634,68.3,10.72,0,2075.8,179824.4,94.62,63.58,122890649.6,302662.4,707645,99.98,35.89,5242880,2516.2,3975775.6,73.88,26.15,3276.8,113758.2,229241.8
1635,68.77,10.72,0,1941,178094.4,79.13,69.23,117906636.8,309855.4,905230.6,99.98,31.45,2557542.4,2249.6,3965809.2,73.8,26.14,0,113277.4,226125.8
1636,68.03,10.7,0,2812.6,183872,100,71.56,114078515.2,305750.2,728637,99.98,34.09,5299839.36,2499.3,1861726.67,74,26.12,2457.6,112304,224071
1637,67.93,10.7,0,2330,183523.4,100,71.42,118375219.2,304118.8,709924.4,99.98,29.64,17618950.15,2924.72,120893.09,73.53,26.12,0,113982.2,224002.4
1638,68.45,10.66,42598.4,2578,181098,100,70.37,111783116.8,306748.2,729728.2,99.98,32.99,5601689.6,1907,121483,74.15,26.12,3276.8,115820,232595
1639,69.03,10.67,6553.6,3200.6,183528.8,100,72.81,113974476.8,299251.8,698741.4,82.18,27.64,4094361.6,1947,119441.2,73.57,26.12,4915.2,114616.8,227279.4
1640,68.07,10.68,0,2005.8,177985.2,93.7,67.35,116092108.8,306256.8,746504.8,69.43,21.5,6920601.6,84447,120551.6,73.98,26.12,0,118125.2,232252.6
1641,68.73,10.67,0,3521.2,180273.4,79.7,68.72,100915609.6,305764.2,737238.6,69.97,21.42,4526899.2,3577361,120626.2,73.8,26.11,0,118950.6,230619
1642,68.33,10.68,0,2183.2,180786,100,64.91,103297843.2,306467,733524.4,70.9,21.38,4014080,3591121.8,121998.6,73.75,26.12,2457.6,111451,223189.6
1643,68.12,10.69,3276.8,2338,186710.4,100,67.28,111639756.8,303108.2,711774.2,70.92,21.35,2516582.4,3625683.2,120983.8,73.65,26.12,819.2,118370.8,231727
1644,67.92,10.68,0,1817.6,176929.4,100,67.8,113365811.2,307198,731671.6,86.79,23.23,4935176.49,2842.89,1418483.11,73.83,26.12,0,117594.4,232499
1645,68.97,10.69,0,2199.4,186862.2,100,66.66,115116441.6,300402.6,703832.6,80.64,23.08,2098411.05,2995.2,1409629.58,73.78,26.13,2457.6,116036.2,228733.4
1646,67.9,10.7,0,1918.8,174514.6,100,66.97,102931660.8,307048.8,728070.2,77.2,23.09,2306867.2,655802.6,350227.2,73.82,26.12,0,117212,231944.4
1647,68.57,10.7,0,3493.2,183426.8,95.65,63.12,101867520,309534,913084.8,77.52,23.1,4243456,1280417,123582,73.97,26.12,15564.8,117286.6,229801.6
1648,68.48,10.7,0,1958.8,184008.6,76.8,62.19,37296537.6,308511.2,752720.8,77.12,23.12,10221977.6,1277074.6,119493.4,73.93,26.11,3276.8,119551.8,228110.6
1649,68.52,10.69,0,2957,183860.4,74.68,62.21,72908.8,306886.6,710440,70.05,23.12,14974976,666860,121159,73.87,26.11,0,112311.8,225781.6
1650,68.13,10.69,0,1955.2,180662.6,71.07,62.13,7372.8,308559.8,732311.6,68.22,21.96,6109593.6,2342,120016.8,73.97,26.13,9830.4,116013.4,229327.8
1651,69.17,10.7,0,2144.8,179846.8,70.77,62.13,295731.2,301228,700804,68.55,21.97,2149580.8,3380.4,120630.8,73.97,26.13,819.2,118736.4,234141.8
1652,68.57,10.71,0,2031.4,178257.8,71.15,62.15,37683.2,308070.2,728589.2,68.88,21.97,1702297.6,3279.2,119095.6,73.88,26.12,0,119059.6,233228.6
1653,68.82,10.71,0,2315.8,183643,71.53,62.17,432537.6,305021,708446,67.78,21.96,3989504,3219.4,125742.2,73.75,26.11,7372.8,114110.2,225904.4
1654,68.2,10.71,0,2160.2,184922.8,75.75,61.97,10649.6,308649.6,729255,68.18,21.95,2097152,2085,119078.6,73.82,26.11,4096,116009.4,226795.8
1655,68.1,10.71,0,7092.2,183568.8,70.62,61.95,7372.8,310256.4,731893.2,68.33,21.9,2587033.6,4388.4,123685.8,73.97,26.12,0,119745.2,236099
1656,68.92,10.7,0,2535.4,181421.4,71.47,61.99,174489.6,302238,703640.8,69.35,21.92,2516582.4,3617,121846.2,73.78,26.13,2457.6,118389.2,231722.2
1657,67.9,10.71,0,2144.6,180269.4,71.25,61.99,307200,309704,741982.4,68.25,21.92,2100428.8,3366.8,118212.2,73.77,26.12,819.2,117369.4,232529
1658,68.03,10.7,0,1996.2,178080.2,72.12,62.04,13926.4,312567.2,908489.8,87.87,22.96,10726604.8,2057.8,1271808.2,73.73,26.11,0,113455,225555.8
1659,68.66,10.69,0,2719.08,186922.88,76.57,62.02,99123.2,307754,728513,83.27,23.59,12514099.2,2563.4,1416906.6,73.68,26.12,3276.8,112196.2,223989.2
1660,68.32,10.68,0,2011.21,177566.77,74.63,62.02,359628.8,306176.4,711699.2,78,23.62,19129958.4,2640.2,1421312.4,73.63,26.12,1638.4,114971.2,227183.4
1661,68.47,10.7,0,2051.2,183145.2,72.02,62.02,8192,308249.4,730895.2,77.62,23.63,3661824,1913,242811,74.15,26.13,13107.2,114256.2,229781.4
1662,68.68,10.71,0,2147,183744,70.78,62.03,6553.6,300018,698855,76.6,23.63,4081254.4,2300,120187.2,73.63,26.14,13107.2,113188.6,225008.2
1663,68.25,10.7,0,2070.6,177786.4,71.15,62.01,18841.6,307333.8,726535.4,76.65,23.64,2354380.8,2754,119785.4,73.87,26.14,11468.8,117911.6,233520.6
1664,68.15,10.69,0,2680.6,183317,70.88,62.02,18841.6,304418.4,708112.4,68.55,23.63,2316697.6,2072.8,117848.4,73.58,26.12,819.2,114606,227316.2
1665,67.8,10.69,0,2009.2,180986.6,76.37,62,19660.8,307465.6,730162.4,68.65,23.63,2097152,38610.8,124393.4,73.78,26.12,4096,111749,223487
1666,69.15,10.69,0,2040,179880.8,74.02,62.04,769228.8,303172.4,706185,70.12,23.54,2516582.4,1327097.8,118890.6,73.85,26.12,0,113414.8,226045.4
1667,68.02,10.7,0,2481.8,184318.2,72.25,62.04,12288,306832,732291.2,69.2,23.56,2516582.4,1272739.2,121708.4,73.98,26.13,819.2,114105,229555
1668,67.88,10.71,0,2051.4,182833,70.88,62.05,5734.4,301541,704592.4,69.73,23.53,2097152,1220613.6,119943.2,73.68,26.13,2457.6,112526.6,224993.2
1669,68.8,10.71,0,2084.2,178341.6,71.07,62.05,308838.4,308011.2,728625.4,100,36.84,2936012.8,2772.4,3785430.4,73.75,26.13,0,117089,233593
1670,68.28,10.71,0,2292.2,180977.8,71.07,62.07,16384,311737.8,907626.8,99.97,36.85,2097152,2501.6,3988787.2,73.68,26.13,8192,115005.6,229486.2
1671,68.77,10.7,0,1973.2,179805.4,76.37,62.11,16384,307967.2,731134.6,99.95,32.7,2518220.8,1829.8,3989997,73.88,26.12,31129.6,110625.2,222527.6
1672,68.55,10.7,0,2454.6,187367.2,74.05,62.03,95027.2,305956.8,710313.4,100,33.25,4405657.6,1676230.2,319116.4,73.68,26.13,2457.6,112792.2,225514.2
1673,68.22,10.69,0,2020,177620.6,70.93,62.05,256409.6,308829.4,730857.4,99.97,30.91,14629273.6,2897185.2,119022.6,73.97,26.13,0,113593.4,228757.6
1674,68.5,10.69,0,2061.8,183010.2,71.13,62.04,18841.6,300713.6,700138,99.92,31.95,10783948.8,3186826,119866.2,73.88,26.14,0,113148.4,226136.6
1675,68.15,10.7,0,2010.6,178477.8,71.88,62.05,600473.6,307674.6,728983.4,73.45,21.97,4615372.8,1844543.8,120625.6,74.03,26.14,3276.8,118117.4,233760.4
1676,68.3,10.69,0,2239,186532.2,71.75,62.14,17203.2,305112.8,709866.4,68.8,21.98,2306867.2,3013.6,121552.8,73.72,26.13,0,118721.6,232666
1677,68.88,10.69,0,2089,177669,75.77,62.11,28672,307387.2,727583,68.73,21.89,11010048,3130.2,120123.6,73.98,26.12,0,115788.2,228811.6
1678,68.08,10.69,0,2196.2,186040.2,74.83,61.87,362905.6,303519.6,711789.8,68.7,21.89,16868966.4,1901.2,123251,73.78,26.13,4096,117409.8,230293.2
1679,67.92,10.69,0,2123,181432.4,70.95,61.86,12288,309552,731738.4,68.2,21.89,14218035.2,1983,117391,73.78,26.13,0,113332.6,228294.4
1680,68.53,10.69,0,2254.8,182956.2,70.9,61.88,67174.4,302096.2,701434.6,69.2,21.89,23052288,1968.8,121465.6,73.75,26.14,0,113715.2,226313.4
1681,68.48,10.7,0,2067.6,177828.8,71.12,61.85,644710.4,307344.8,727445.8,68.6,21.89,22732800,2587.8,120271.8,73.78,26.14,3276.8,114967,230603.8
1682,68.85,10.7,0,2730,183531.4,71.15,62.01,16384,311402.4,906062.8,69.02,21.83,27489075.2,2135.6,121928.6,74.12,26.13,0,114969.2,227975.2
1683,68.33,10.69,0,1897,176812.8,76.38,61.94,15564.8,307593.2,728650.2,68.17,21.83,24335155.2,2361,119899.2,73.92,26.12,4096,111311.6,223682
1684,68.38,10.68,6553.6,2584.4,182596.2,75.42,61.95,43417.6,304418.8,705998,69.43,21.88,26312704,1846,121351.2,73.68,26.13,2457.6,114401,227203.6
1685,68.23,10.69,1638.4,1995.8,181053.8,74.37,62.06,17842995.2,308826.4,730724,69.02,21.9,19442892.8,3569.6,121356.6,73.87,26.14,0,113710.4,228848
1686,68.78,10.69,0,1945.8,185498.6,79.07,62.82,127703449.6,300378.6,700434.4,68.48,21.83,17781555.2,3095.4,120938,73.8,26.14,819.2,117899.2,231064.8
1687,68.3,10.7,0,2233,175023.4,72.07,62.81,517734.4,308255.8,729374.4,69.22,21.82,2519859.2,3425.2,121914.8,74.01,26.13,14713.23,118111.75,231111.55
1688,69.13,10.69,0,2591.6,186639.4,71.77,62.24,49152,304962.8,710371,68.82,21.84,21551513.6,2893.4,120752.4,73.79,26.13,17241.13,114071.56,226805.57
1689,67.92,10.68,0,2441,180408.6,76.12,62.42,5734.4,308723.4,727760,69.45,21.78,27921612.8,2193,119983.2,73.9,26.13,2457.6,114071.4,226563.4
1690,96,23.81,6977945.6,2125.6,182593.8,75.88,61.85,5734.4,306047.2,716847.8,68.12,21.78,28521267.2,1752.2,123452.6,74.03,26.13,0,114540,229853.8
1691,99.9,23.96,29361766.4,2248.2,181273.4,73.38,61.87,91750.4,313932,761397.4,68.83,21.78,22924492.8,3020.6,121227.4,73.65,26.14,0,118075.6,230550.4
1692,99.9,22.4,6127616,2085.2,182543.8,71.5,61.8,28672,306249.8,739173.2,68.58,21.78,2098790.4,2956.2,119854,73.75,26.15,18841.6,117349.6,231420.4
1693,99.88,24.03,40684748.8,2208.6,174784.4,72.05,61.74,14745.6,309400,910161.6,69.22,21.77,26035814.4,2186.2,119710,73.97,26.14,2457.6,113303.8,225536
1694,99.87,22.13,63348736,2015.8,182525,77.6,61.84,5734.4,309450.2,773790.6,69.42,21.74,21831680,2137.4,121777.2,73.88,26.12,0,112285.4,224747.4
1695,99.82,24.28,13503566.02,2214.8,184037.3,76.25,61.82,5734.4,303926.8,720267,68.75,21.65,18541772.8,2300.8,120391,73.9,26.13,2457.6,114177,227311.6
1696,73.33,20.62,38636797.43,2082.23,183093.86,72.67,61.82,5734.4,309393.2,742461.6,69.4,21.63,9817292.8,2231.6,120584.8,73.87,26.13,0,116335.2,231958.8
1697,76.12,22.22,14092394.5,1969.52,185259.61,71.2,61.82,19660.8,300356.8,700551.2,68.28,21.62,73728,3493.4,124106.4,73.73,26.15,0,118949.2,232501
1698,76.26,22.23,16747467.58,2194.94,175748.44,72.5,61.62,1064140.8,308611.6,728736.4,68.68,21.63,27852.8,3262,120344.6,73.9,26.14,5734.4,118739,234775.8
1699,77.48,12.43,63066931.2,2965.2,182865.2,71.3,61.62,18841.6,304052,725802.6,68.38,21.63,155648,7112.6,123086.6,73.85,26.14,0,117653.4,229684.4
1700,76.47,12.38,27649638.4,3805,184486,77.3,61.64,9830.4,307510,752757.4,69.42,21.86,4915.2,8103.6,134376.4,73.85,26.13,0,114158.4,225126
1701,76.8,12.37,17447321.6,1997,179309.2,75.95,61.64,5734.4,304967.6,729131.2,88.5,22.64,11517952,4659.2,119363.8,75.82,29.28,10649.6,113641.4,310382.4
1702,69.58,12.37,52930150.4,2656.8,184766.2,72.03,61.65,5734.4,311557.6,734998,85.6,23.82,28534374.4,5825.8,128014.2,100,29.8,98419507.2,114594.8,2814094.4
1703,95.27,23.19,37260492.8,2242.8,186127.2,71.18,61.77,6553.6,302204.4,719242.4,87.93,23.66,27367833.6,8481.8,135332.6,100,29.1,114139955.2,115093.8,2816658.6
1704,99.97,23.82,34075443.2,2430.8,175896,72.27,61.85,2442854.4,308490,731923.8,89.73,23.68,17314611.2,1690.6,119298.2,99.43,29.58,112209100.8,113939.8,2718146.6
1705,99.95,20.16,30431641.6,1963.8,183110.6,71.3,61.87,23756.8,314069,912428,87.37,23.72,16542924.8,7105.6,124839.4,95.4,29.47,98865152,1772340.4,230538.8
1706,99.95,16.37,41376153.6,3861,181443.8,76.27,61.86,8192,310393.2,732387.2,90.48,23.76,10831462.4,8065.6,136583,95.23,29.45,91190067.2,2688908.6,226732.2
1707,99.9,22.23,18876006.4,2257.4,179909,75,61.85,5734.4,306220.8,728496,69.27,22.14,20552089.6,3403.2,119979.6,93.63,27.81,100361011.2,2701119.6,232520.2
1708,99.98,23.15,35705651.2,2436.6,184745.2,71.52,61.86,397312,309227.6,746557.4,97.62,28.79,15849881.6,7507,127689.2,91.28,34.58,94413619.2,886616.8,2533276.6
1709,74.77,10.85,46348697.6,2034.6,179396.2,72,61.9,13107.2,299847.2,705253.6,99.75,28.77,17024614.4,3929.2,119913.2,100,31.53,95201689.6,121914.4,4107650.8
1710,94.27,17.43,48283648,2320.6,182103.8,72.35,61.81,176128,307305.4,735279.2,99.92,27.33,18681036.8,4436.2,123078.2,100,33.86,90507673.6,120732,4108237.4
1711,99.23,14.92,30942822.4,1974.2,179052,71.2,61.82,325222.4,304393.4,713718.6,99.7,23.85,23755161.6,2602.2,119489,100,32.29,91859353.6,354321,1791807.6
1712,89.75,17.42,36392140.8,2378.6,184378.2,75.77,61.82,9011.2,308779.2,733528.8,99.92,29.62,27341619.2,2481,121900.4,100,32.75,90813235.2,3154493.6,226192.2
1713,84.45,17.43,11322982.4,1893.8,182556,74.92,61.84,244940.8,303553.4,708095,72.92,22.24,23959961.6,2240.4,120580.4,100,32.81,85798092.8,3312920.6,229551.2
1714,84.65,17.46,8239513.6,2840.2,182014,71.03,61.82,9830.4,311260.6,741627.8,88.17,22.23,16213606.4,5607.8,124708.8,85.98,37.6,80305356.8,3204715.6,436649.6
1715,84.55,17.48,7874150.4,7014.2,179799.6,71.12,61.83,5734.4,303037.4,728637.2,85.58,24.06,19200409.6,4654.4,120392.6,100,34.66,48381952,123997.6,4099771
1716,72.07,10.87,64292454.4,2289.6,181299.2,71.67,61.82,549683.2,307476,731321.6,86.77,23.85,17575116.8,2510.6,122491,100,31.21,79578726.4,123142.8,4117819.8
1717,83.02,11.53,47849472,2485.8,182933.4,72.57,61.9,19660.8,311431.2,911655.4,90.03,23.86,27131904,2192,122917.6,100,33.17,71842201.6,113864.8,3894114.4
1718,83.55,12.55,7969177.6,2287.6,177409.4,77.22,61.82,22118.4,308345.6,732672.6,86.2,23.81,28311552,3631.4,123871.8,100,32.73,77996032,2119947.8,229984.8
1719,80.1,12.55,66948300.8,2550.6,187072.4,75.18,61.75,6553.6,307836.6,708798.4,85.95,23.81,27918336,1683.6,121316,100,32.93,85466316.8,3685547,237669.2
1720,77.13,12.41,56950784,2147.2,176986.2,71.4,61.75,6553.6,308668.2,736261.6,70.55,22.17,27536588.8,3307.8,121924.2,97.57,30.52,86781132.8,3571421.8,232643.8
1721,76.13,12.41,11953766.4,1966.6,185259.8,71.2,61.78,7372.8,301179.8,708477.4,96.87,28.9,28095283.2,4576.2,120809.2,88.45,33.85,86786048,1584461.4,2120502.4
1722,76.85,12.42,67313664,2081,177445.8,71.28,61.76,734822.4,307385.6,726680.2,97.23,26.11,24138547.2,2171,119678,100,32.17,73072640,120298,4093043.6
1723,70,12.37,39965491.2,2204.6,179168,71.47,61.78,22118.4,305482,727016.2,93.18,27.9,5033164.8,1803.6,119618.6,100,34.42,74562764.8,112765.4,4110324.6
1724,94.8,23.83,40309555.2,2108.6,183994.8,76.57,61.68,11468.8,306291,736858.4,93.25,28.86,3984588.8,3436.4,121654.8,100,33,85961932.8,3282338.2,238444
1725,99.98,23.82,9117696,2321,182905,75.77,61.76,28672,305162,711143.6,93,29.27,2516582.4,4544,127288.8,100,32.76,84159692.8,3449199.6,241446.8
1726,99.9,21.65,31144345.6,2160.4,180359.2,70.9,61.72,9011.2,307837.6,729857.8,91.05,28.86,2097152,2260.8,119580.2,86.32,31.05,85994700.8,3303451.6,227428.8
1727,99.9,18.06,69070028.8,2196,178752.4,71.05,61.74,9830.4,300759.6,704442.2,70.05,25.6,4404019.2,1828.6,118385.4,99.63,34.3,82119065.6,114062.2,3856001.8
1728,99.88,19.39,55259955.2,2198.8,181321.4,71,61.74,190054.4,309053.8,905090.4,96.65,38.87,2097152,1916.6,119628.2,100,33.02,63694438.4,113146,4079559.8
1729,99.95,23.82,5472256,2195.2,179018,76.77,61.78,6553.6,307879.4,733510.4,99.92,38.91,2516582.4,1747.6,121856.2,100,33.03,67511091.2,111131,4103929.8
1730,73.85,17.38,11986534.4,2573,184163.8,74.65,61.78,7372.8,306433.6,715486.2,99.95,31.81,2991718.4,4083.2,121897.2,100,32.94,79504998.4,1707605.4,487431.4
1731,93.97,17.25,68244275.2,2505.4,180399,73.65,61.77,24576,307635.8,730613.2,99.92,33.25,1889075.2,1621,121604.6,100,32.77,83745996.8,3821167.2,231999.8
1732,99.62,13.04,12699238.4,2064.8,180475,71.03,61.78,5734.4,300445.8,700247.4,99.93,32.86,2585395.2,1746.8,119067.2,100,32.77,83400294.4,3561695.8,228586.4
1733,89.38,17.24,6699417.6,1948.2,181020.4,71.67,61.77,28672,307787.8,732589.8,99.98,33.19,11799756.8,2559.8,117198.8,79.72,33.6,74326835.2,1947660.2,717512.8
1734,85.3,17.25,50203852.8,2246.2,183400.2,71.28,61.78,634060.8,305677.6,718443.6,71.77,29.05,6116147.2,1595.6,118776.6,78.42,27.13,83064422.4,112306,1519635.8
1735,84.77,17.22,43638784,2173.6,180752,76.67,61.71,144998.4,308192.4,733218.8,83.4,24.68,4282777.6,1979.4,124140.2,79.2,27.06,94168678.4,110381.2,1513057.4
1736,71.3,17.21,19162726.4,2148.8,182548.6,75.17,61.67,290816,304568.2,708567,76.22,24.7,1687552,1723.8,119283,81.38,27.02,88743116.8,157731.8,1036205.6
1737,84.35,18.89,20144128,2657.8,178696,70.93,61.63,42598.4,310533,739851.4,76.33,24.69,1051852.8,1659.6,121552.8,82.42,27.17,100918067.2,1469960,232288.2
1738,78.47,18.88,59739340.8,2321,186309.2,71.57,61.51,45875.2,302472.8,700635.4,76.35,24.68,5215027.2,2098,119553.2,80.2,27.02,90518323.2,1400104.2,229229.2
1739,76.57,18.89,6216089.6,2015.8,178327.4,71.45,61.5,21299.2,308376.4,739436.2,76.58,24.66,1889075.2,1815,118361,82.53,28.01,90899251.2,1324890.6,231591.4
1740,77.9,12.33,57235865.6,2353.8,182926.4,71.32,61.59,607027.2,309861.6,907649.2,76.35,24.66,2097152,1595,116862.4,100,29.58,90620723.2,113186.4,2739788.6
1741,76.1,12.34,11406540.8,2410,181215.4,76.88,61.58,135168,308504,734826.2,70.03,24.62,2726297.6,1751,121632.8,100,29.58,89892454.4,110863.2,2803109.4
1742,76.97,12.33,31206604.8,2292,183359.6,74.98,61.48,18022.4,304933.6,708339.6,96.2,37.87,2518220.8,3818.2,123795,95.08,29.54,96657408,117040.8,2805859.6
1743,70,12.35,54330982.4,2219.8,177566.6,71.3,61.49,5734.4,309858.2,734214.4,99.93,36.16,2097152,1761,122295.6,95.82,29.47,93612441.6,1754216.8,310838.4
1744,86.47,12.43,26943488,2258.6,182683.8,71.17,61.52,464486.4,300981,700348.6,99.98,29.83,2518220.8,1802,117555,94.63,29.97,94213734.4,2690226.6,229818
1745,76.7,12.44,5960499.2,1989,181350.8,72.02,61.53,25395.2,308127,730779,99.98,31.63,2095513.6,1832,121211.6,96.05,28.62,96415744,2695385.8,232863.6
1746,76.93,12.45,60653568,2118.8,180054.4,71.53,61.57,78643.2,306274.2,719535.2,99.95,36.07,4395827.2,1814,119015.8,87.33,28.85,70158745.6,1915569,229754.4
1747,76.85,12.39,57411174.4,2110.8,184680.6,78.15,61.59,45875.2,311646,751886.6,99.98,28.28,1258291.2,1612,119587,95.07,29.7,100535500.8,2692499.4,222204.4
1748,82.83,11.86,31627673.6,2115,179873,78.48,66.11,1624473.6,303170.6,717700.2,72.4,26.18,2516582.4,3782,121453.6,94.23,29.51,89418956.8,2700604.6,241474
1749,85.37,12.37,6278348.8,2263.2,185088.2,99.67,65.88,114366873.6,311520.6,751012,100,36.46,4198297.7,2884.92,120937.06,98.35,32.37,96011059.2,1909894.8,1023713.6
1750,71.53,10.74,6245580.8,2160,182954.4,97.47,64.4,113753292.8,301485.4,727254.4,100,29.91,2719186.39,1635.84,118643.84,100,32.86,75344281.6,114210.6,4088707.6
1751,93.47,23.85,52908851.2,2105,178409.6,100,66.54,113791795.2,308516.8,739087.6,100,30.9,7403929.6,1850.8,117229.8,100,32.79,79917056,113599.2,4102732.4
1752,99.83,23.87,15012659.2,2097.6,180218.4,100,66.65,111257190.4,309529.8,910731.6,99.95,32.27,2572991.81,1622.38,123318.28,100,32.76,80198041.6,2662625.6,221503
1753,99.95,15.77,24100864,2079.6,184586,100,66.22,111901081.6,307065.8,731565.6,99.98,30.65,2519101.5,2796,119803.6,100,32.8,81880678.4,3680016,232963.8
1754,99.98,20.45,21741568,2831.2,181527,99.15,64.37,104343142.4,305980.4,720175.4,73.42,26.55,2102067.2,2041,119626.8,93.88,32.71,82388582.4,3554007.6,231302
1755,99.95,21.43,71924121.6,2340,185431.6,100,67.29,108061491.2,301733.2,706829.8,95.55,29.88,8806400,3830,125668.2,80.13,30.32,77706035.2,1001973.4,1114652.6
1756,99.93,17.49,61983731.31,2198.52,183204.52,98.25,67.37,108699648,308354.6,745200.4,95.7,29.91,13492224,2094.8,116220.6,78.33,27.12,77567590.4,112731.2,1519672.6
1757,68.24,13.86,6431654.26,2289.52,187237.7,97.88,67.87,102514688,306587.6,714682.6,93.35,26.75,7110656,1805.6,119416.6,83.95,27.03,93442048,113131.8,1515431
1758,68.43,10.69,3650355.2,2876.8,180980.2,98.82,64.95,119001907.2,308619,749183.2,93.33,30.19,1468006.4,5595.8,124458.2,78.53,26.49,90383974.4,590864.6,646149.6
1759,68.53,10.69,43114496,4346,182040.8,100,66.98,119781785.6,307170.8,714211,93,29.21,1887436.8,1876.6,117603.8,87.87,27.09,90370763.69,1392798.48,234881.85
1760,68.35,10.69,6920601.6,2460.4,185690.6,98.37,66.18,129777664,309646,753874.4,94.15,29.91,2516582.4,3004.8,123934.2,87.43,27.05,96069967.19,1411929.97,228883.35
1761,67.92,10.69,20342374.4,2124,180015.4,76.22,66.97,55839129.6,302700.6,715988,72.77,26.63,2097152,2196.6,117352.2,77.27,26.18,45907148.8,941873,231554
1762,68.75,10.7,73129984,2162.8,178915.2,100,70.72,126306713.6,307310.4,738361.6,95.28,30.46,2732851.2,1923,121156,73.7,26.17,6553.6,112352,227880.8
1763,69.57,10.68,8808038.4,2538,183234,100,70.02,123214233.6,310656,910401.4,96.92,30.47,2306867.2,2283.4,121656,73.83,26.16,15564.8,115048.6,229780.8
1764,69.43,10.62,65856998,2336.27,181957.42,100,70.45,127891865.6,307879,734616.4,93.07,29.13,2516582.4,2882.2,121222.6,73.68,26.17,2457.6,108488.4,218454.8
1765,69.09,10.62,11958549.82,2342.74,188299.52,100,69.09,122129612.8,304960.2,711802.8,93.55,27.86,4846387.2,2680.8,120860.2,73.5,26.17,0,117135.2,230430
1766,68.23,10.62,6710886.4,3115.2,177813,100,69.85,131444736,307881.4,748395,94.4,30.5,2917990.4,3521.2,122432.4,74.28,26.17,0,118812.8,230051
1767,68.28,10.64,23119462.4,1947.4,183205.8,97.67,65.82,139672780.8,301205.8,713854.8,71.98,27.21,2726297.6,3168.4,120691.6,73.72,26.18,29491.2,121930.6,238312.6
1768,69.22,10.63,66476441.6,2108.4,182343.8,75.82,67.27,92594176,308709.2,740969.2,68.45,24.28,4195942.4,3081.6,120936.2,73.78,26.16,0,118868,232749.6
1769,68.67,10.63,6583091.2,2196.6,184788.6,100,72.66,121451315.2,309724.4,736543,68.83,24.14,2582118.4,3413.4,125160.8,74.02,26.16,2457.6,113223.8,224250.2
1770,69.77,10.56,66474803.2,1844.2,182051.4,100,69.28,127334809.6,305016.2,713688.8,68.42,24.14,1890713.6,2973.8,120671.4,73.75,26.16,819.2,118031,232167.2
1771,67.82,10.5,49152,2352.8,183308.2,100,72.41,128278528,309890.6,734493.2,67.97,24.14,2516582.4,1860,120149.4,73.95,26.17,0,110695.8,222527.8
1772,69.3,10.5,0,2034,186644.2,100,69.66,127524044.8,305463.2,709216.2,69.33,24.15,2097152,2100.6,116281.4,73.75,26.17,3276.8,114683.8,228474
1773,67.7,10.52,0,7185.2,184224.4,98.12,66.99,125594828.8,312481.6,758257.8,68.18,24.15,2516582.4,3101,119526.2,74.03,26.18,1638.4,114008.6,227796
1774,68.12,10.52,0,2231.8,185119.8,75.93,63.49,113895833.6,316301.8,922105.8,68.05,24.15,3325952,2798,120949.8,73.85,26.16,0,119173.6,232799.2
1775,68.86,10.52,0,2464.03,190032.57,100,66.69,107792793.6,316639,745446.6,68.88,24.14,1887436.8,3107.2,123424,73.83,26.16,2457.6,115342.8,228336.8
1776,68.61,10.52,0,2964.37,190971.38,99.98,66.2,104891187.2,313183,751408,67.56,24.13,7224092.76,3016.99,120666.93,73.75,26.17,819.2,111374.4,220830.6
1777,68.33,10.53,44236.8,2187.8,190846.4,98.92,67.87,121914982.4,319281.6,784454.8,68.42,24.14,11696537.6,3528.4,122324.6,74.08,26.17,819.2,113883.8,228616.4
1778,68.9,10.53,0,1841.8,191156.6,97.73,67.65,123612364.8,307558.8,722287.4,68.28,24.13,17049190.4,2957.8,119719.4,73.55,26.17,2457.6,121891.2,237872
1779,67.98,10.55,0,2265.4,187722,100,66.56,124650291.2,314900.8,747640.6,68.65,24.13,17897881.6,3163.6,119582.4,74.08,26.17,819.2,117420.8,232406.8
1780,67.95,10.53,0,2122,190740.8,98.52,66.73,125343334.4,313138.6,729539.2,68.82,24.12,20134297.6,3244.6,125424.6,73.83,26.16,0,118672.4,231578.6
1781,68.97,10.54,0,2116.2,185794.6,79.1,63,49737728,316256.8,754122.4,68.88,24.12,22537830.4,3067.8,121286.2,73.62,26.16,2457.6,114709.8,226581.6
1782,68.07,10.54,0,1807.2,193201.4,94.48,62.82,101797888,309952.4,720256.8,68.2,24.13,28357427.2,3087.4,121532.4,73.98,26.16,2457.6,117022.2,231512.4
1783,67.9,10.54,0,2053.4,185055,90.37,62.9,102840729.6,314492.4,745152,68.45,24.15,27905228.8,2550.8,123091.2,73.63,26.17,3276.8,117241.8,232655.6
1784,69.17,10.53,0,2035.6,193990.4,90.07,62.79,103159398.4,309334.4,716781.8,69.27,24.11,13372620.8,1717,119621.6,73.87,26.17,819.2,111847.4,225586
1785,67.83,10.53,0,1991,181847.6,89.9,62.78,118251520,313676.4,741107.2,68.45,24.13,16782131.2,2773,120827,73.8,26.17,0,120417.8,235774.8
1786,69.3,10.52,0,1884.8,194403.4,92.63,61.81,105879142.4,314612.2,746679.4,68.67,24.14,19362611.2,3636.8,124018.4,73.85,26.17,2457.6,112632.8,223457.6
1787,67.98,10.52,0,1964.2,187409.8,79.33,65.17,8676147.2,310525,723623.4,68.75,23.94,24166400,3005.6,121587.8,73.53,26.17,1638.4,118425.2,232210.2
1788,69.15,10.53,0,2664.2,185413.6,100,66.84,107611750.4,312724,737756.4,69.23,23.96,23552000,1929,122191.2,73.92,26.17,0,115532,230972
1789,67.98,10.53,0,2058,190739.4,100,65.96,110742732.8,306940,712760,69.12,23.91,26764902.4,3342.2,121672,73.98,26.18,2457.6,118396.2,231363.8
1790,67.83,10.53,0,2311.4,178744.4,100,68.58,115766886.4,311188.4,735717.6,68.95,23.92,27497267.2,3089.8,118443.6,74.17,26.17,819.2,115948.4,229370.2
1791,68.85,10.53,0,1974,216726.4,100,66.32,111242444.8,331035.4,759405.2,68.1,23.92,16809984,3093.6,131484,73.8,26.17,0,134994.8,262407
1792,68.3,10.52,0,2272.8,218349.8,100,66.7,102167347.2,343607.8,801739.6,69.87,23.97,26283212.8,3156.2,124466.4,73.53,26.16,0,114500.8,228035
1793,68.1,10.52,0,2017.6,207210.2,99.58,62.93,110430617.6,325898.2,754661.6,68.55,23.87,15263334.4,2641.2,131002.6,73.72,26.16,3276.8,124461,243787.8
1794,69.07,10.52,0,2275.2,206930.4,75.73,64.65,89968640,343352.2,803803.6,68.97,23.88,113049.6,3750.8,169826.2,74.32,26.16,1638.4,174205.4,340764.8
1795,68.1,10.52,0,1962.8,191866,100,65.86,107807539.2,306574.2,710878.2,69.43,23.9,26214.4,3483.4,127794,73.57,26.16,2457.6,119825.4,233638.8
1796,67.98,10.51,0,2297.8,184840.8,98.43,64.4,108695552,315603.2,755331,68.22,23.9,26214.4,3512.4,163622.6,73.95,26.16,0,131453.6,258923.8
1797,68.63,10.52,0,1947.2,163743,98.03,64.75,117683814.4,302091,890453.8,68.88,23.9,26203.92,3716.91,148170.53,73.9,26.16,819.2,182916.4,354604.8
1798,68.2,10.52,0,2148.4,152167.8,99.08,66.52,117356134.4,268268.6,655338.6,68.15,23.9,111455.78,2478.99,86411.16,73.73,26.15,819.2,103699.6,206515.4
1799,68.57,10.52,0,3310.8,178585.8,100,66.26,110094745.6,300592,701407.4,68.9,23.9,26214.4,1769.2,86323.6,73.72,26.16,819.2,77991.4,159393.4
1800,68.27,10.51,0,2153.4,176495.6,99.05,62.37,121052364.8,302890,726081,68.48,23.9,27852.8,1997.6,84074.2,73.4,26.15,0,80386.2,161389.2
1801,68.43,10.53,0,2367.4,173629.2,99.15,66.21,111243264,299653,716343.8,69,23.92,26214.4,1867.4,85829.8,73.85,26.18,0,77081.4,158171.8
1802,67.97,10.53,0,2116.6,175883.6,100,66.65,115690700.8,294660.4,759491.2,68.33,23.92,26214.4,2730.8,84561,73.43,26.18,8192,80313.8,159355.4
1803,67.98,10.54,0,2125,168206.2,98.73,64.42,117272576,306717.2,791321.6,69.45,23.93,31129.6,2802.2,84040.2,73.82,26.18,2457.6,81971.6,164187.6
1804,68.65,10.53,0,2445.6,179734.6,72.23,62.16,82301747.2,297488.8,705031.4,68.07,23.93,26214.4,2729.8,86338.4,73.47,26.17,2457.6,80977,159849.4
1805,68.32,10.54,0,2156.4,174783.2,77.05,62.22,296550.4,300873.2,719536,68.2,23.93,26214.4,2789,88180.2,73.68,26.17,0,79546.4,159738.8
1806,68.02,10.53,0,3197.6,173440.8,76.22,61.81,18022.4,297582.4,714894.6,68.38,23.93,26214.4,2064.4,82589.6,73.57,26.17,2457.6,78011.4,156069.8
1807,69.07,10.53,0,2237,178165.8,71.97,61.81,240844.8,303083.2,739908.4,68.92,23.93,26214.4,5849.6,86213,88.32,32.88,30113792,78366.6,2064006.4
1808,69.17,10.52,0,3899.8,176761.6,74,61.87,164659.2,300712.8,752209.4,68.45,24.09,190054.4,4159,88535.2,100,30.85,88472780.8,84740.4,4040760.4
1809,68.03,10.53,0,2100,172899.4,71.88,61.96,45056,304215.4,720824,69.22,24.16,83558.4,9686.6,99197.4,100,32.89,88747212.8,84759,4037711.6
1810,67.92,10.53,0,2164.6,177639.2,72.13,62,321126.4,305006.8,919642.8,69.12,24.18,18022.4,7629.8,89518.2,100,32.85,88444928,186195.6,2110700.2
1811,68.77,10.53,0,2014.8,175592.8,76.87,61.85,207257.6,302265.2,722750.6,69.22,24.21,77004.8,7588,98529.4,100,33.19,81157324.8,3285037.2,155508
1812,68.6,10.53,0,2888.4,179084,95.02,69.97,74867507.2,301573.8,711283.4,69.37,24.22,57344,7537.8,89990.4,100,32.85,84955955.2,3887151,158594.4
1813,69.25,10.52,0,2529.6,172864.4,100,70.82,126681907.2,304398.4,728324.4,69.43,24.27,49152,9740,99303.8,86.57,31.07,81865932.8,3717922.6,159889
1814,68.03,10.53,0,3389.2,181469.6,100,70.13,119273881.6,296627,715796,68.9,24.29,65536,3627.8,86410.4,80.6,27.06,78733312,88105.2,1372489.4
1815,68.45,10.54,0,1956.42,173559.58,100,69.58,128240844.8,302225.4,723867.2,68.52,24.29,11468.8,7742.4,90446.4,78.98,27.14,91815936,78621.4,1446942.8
1816,69.12,10.54,0,2199.88,177927.77,100,68.2,128150732.8,297314.2,697136.6,68.63,24.3,108134.4,1665.6,85740.4,80.42,27.04,91368652.8,913019.6,241966.6
1817,67.97,10.54,0,2328,174868.8,100,69.67,128443187.2,301083.2,719408.2,68.65,24.3,34365.16,1777.27,83389.93,86.6,27.05,102757990.4,1372986,158701
1818,68.67,10.54,0,2176.6,174816.2,94.63,70.29,100503552,304164.4,726161.4,69.23,24.3,32807.37,3935.92,88942.73,87.58,27.09,93074227.2,1363624.2,160308.4
1819,68.33,10.54,0,2219.6,179482.2,100,72.2,128363724.8,295265.2,701026.6,68.72,24.32,90112,2629.6,84853.6,82.53,27.12,68136960,994110.2,163643.4
1820,67.93,10.54,0,2209.79,170577.82,100,71.51,123831910.4,304089.2,734290.6,68.17,24.32,50759.94,2071.76,81820.91,87.45,27.08,99685990.4,1361189,158757.4
1821,68.75,10.54,0,7170.87,182757.1,100,72.06,128124518.4,306257.8,915647,68.23,24.32,27869.52,3185.71,84587.75,87.62,27.03,92835840,1370283.4,157958.2
1822,68.56,10.53,0,1969.58,175927.56,100,71.13,128924057.6,301445.2,726705.2,69.17,24.33,26214.4,1559,85287.2,87.23,27.15,96945766.4,942267.6,450571.8
1823,68.33,10.53,0,2457,178655.8,100,72.15,126677811.2,297531.6,703292.8,67.38,24.33,27852.8,1827.6,82960,79.27,26.9,92112486.4,76735.2,1445078.2
1824,68.37,10.53,0,2373.2,173542.6,82.63,62.35,127901696,304663.4,728754.2,69.15,24.33,26214.4,1382.4,83397.8,81.85,27.1,96190464,76715,1450104.6
1825,68.32,10.53,0,2392.2,181516.2,92.8,69.29,111575859.2,295525.4,696979.8,68.47,24.33,26214.4,1674.6,82941.6,79.82,27.04,92433612.8,78939.4,1153120.8
1826,68.38,10.53,0,1998.8,173950.4,100,70.71,125158195.2,302261.6,720681.8,68.03,24.33,29491.2,1829.6,83180.2,83.82,26.93,93333094.4,1000525.6,159941.8
1827,68.22,10.52,0,2056.2,174603.6,100,67.22,113365811.2,299504.2,699352.6,69.22,24.33,27852.8,2356.8,85945,87.53,27.06,94751948.8,1367804,157417.8
1828,68.77,10.52,0,1932.8,176321.6,100,69.81,127009587.2,302871.2,724822.8,68.53,24.34,26214.4,1890,83257.6,83.72,26.22,53150515.2,253188.2,3163749.8
1829,68.01,10.52,0,2499.8,179017.39,100,70.92,127387074,299851.66,701115.75,67.93,24.34,26214.4,1664.6,85464.2,100,32.82,87300505.6,77545,4032049.2
1830,68.07,10.52,0,2607.44,179896.76,100,70.31,124778845.9,296581.2,694446,68.55,24.34,26214.4,1988.4,83794.4,100,33.01,90882048,77343.6,4015573.8
1831,68.3,10.53,0,2003.8,177618.6,93.12,66.84,112162406.4,302766.6,728656,68.9,24.34,26214.4,1525.8,82739.6,100,31.64,85079654.4,1353942,1025398.6
1832,68.57,10.54,0,2089,170177.6,100,66.1,117493760,306096.8,899692,67.98,24.34,26214.4,2508.2,82773.8,100,32.8,84514406.4,4353057.6,163596
1833,68.07,10.53,0,1894.4,176035.8,100,66.52,115232768,302320.4,722094.6,68.8,24.35,27780.57,3407.54,89628.57,100,32.9,84448870.4,3949936.4,162937.4
1834,69.52,10.52,0,2532.6,183150.8,100,67.9,102307430.4,300922.4,703951.8,68.12,24.35,26282.74,3193.9,87263.69,88.5,36.27,76271616,2258523.4,1003340
1835,68.42,10.53,0,2668.8,177751.2,100,66.21,120853299.2,304483.4,726772,68.98,24.35,26214.4,1947.6,84222.6,100,30.31,76225740.8,76500.8,2728791.8
1836,67.93,10.54,0,2273.2,178810.4,100,66.06,127673139.2,297875,698871.8,69.12,24.35,26214.4,2776,85009.6,100,29.3,77836288,83117.2,2746160
1837,68.02,10.56,0,2129.4,175036,81.58,61.68,96577945.6,303738.6,731809.8,68.67,24.35,49152,3434.6,88937.8,99.98,29.61,100084121.6,87675.2,1908883.6
1838,68.9,10.55,0,1996.6,176074,91.83,66.09,74486579.2,298525.2,701011.8,68.78,24.35,86835.2,9222,96464.2,100,29.61,76380569.6,2539666.4,164498.6
1839,68.27,10.55,0,2261.6,177754.8,99.85,66.08,127140659.2,303805.8,723365,69.63,24.35,116396.24,8533.12,98728.04,100,29.53,82961397.56,2654286.83,162731.36
1840,68.18,10.54,0,2300.4,179794.4,99.98,66.33,135072972.8,298977.4,704525.2,68.12,24.35,6553.6,2952,87558.4,91.11,26.26,92808786.07,2656311.39,159323.39
1841,68.67,10.55,0,2058.4,180249.4,96.95,66.58,144027648,304937.6,729943.6,69.06,24.35,18015.19,8199.32,92292.28,92.53,29.13,67340697.6,312658,2282435.4
1842,68.02,10.55,0,2102.8,179097.6,98.92,66.59,139522867.2,298737.2,696136.8,69.02,24.35,27863.95,7358.74,95048.42,94.02,29.79,90591232,76762,2740305.8
1843,69.23,10.55,0,2191.4,171528.2,99.42,67.11,137863987.2,301878.6,720664.8,69.17,24.36,36044.8,7207.4,87254.2,99.1,28.25,89182208,1276088.4,609344.4
1844,67.93,10.54,0,2015.8,182356.4,82.38,61.72,106618060.8,306451.2,906570.8,68.15,24.36,106496,1662,87129.6,100,29.6,96556646.4,2649850.2,155354.8
1845,68.79,10.55,0,2116.64,173618.93,100,65.67,120462728.8,299885.93,702143.29,67.37,24.36,29491.2,2515,84558.8,97.25,30.34,97310310.4,2655790.4,161484
1846,68.56,10.54,0,2199.28,183490.49,99.93,66.17,116461568,303971.2,726765.4,69.13,24.36,16384,1580,85249,83.28,27.17,86347776,1426194.6,634686.6
1847,68.51,10.54,0,2038.98,182057.98,96.45,66.19,110408499.2,298019.6,699377.6,68.6,24.36,37683.2,3258.8,85776,87.52,26.54,78461337.6,77662.2,1446960
1848,68.49,10.54,0,2072.99,173929.61,97.28,66.46,107393024,303161.2,721848.6,69,24.36,29491.2,2684.6,83856,87.6,27.17,90676428.8,76498,1447869
1849,67.86,10.55,0,2304.58,179854.71,98.6,66.28,125455564.8,299391.6,702819.8,68.15,24.36,62259.2,1715.8,83190.6,86.92,27.09,98558771.2,103975.8,972963.8
1850,69.1,10.55,0,2074.4,174080.2,86.12,61.93,105935667.2,303280.4,731704.6,68.5,24.36,26214.4,1589.4,85237.2,87.37,27.09,90093158.4,1406279.8,154922.4
1851,68,10.56,0,2077.4,182349.4,91.1,63.48,57892864,299840.4,700939.8,68.92,24.36,26214.4,1920.4,83295.8,87.58,27.09,88107417.6,1367100.8,157580.4
1852,68.25,10.55,0,2608.2,174498.2,90,62.79,104907571.2,306456,746910.4,67.9,24.36,26214.4,1679.4,84956.2,82.03,26.32,96528793.6,1325762.4,159354.2
1853,68.73,10.56,0,1774.4,182254.2,90.63,62.71,107567513.6,298261.6,710927.2,69.28,24.37,75366.4,2348.4,83478.8,99.83,29.57,72829337.6,77127.6,2586558
1854,82.4,11.26,1481113.6,2165,175003,89.93,62.74,105073868.8,303035,738357.2,68.5,24.37,26214.4,1610.8,81525.4,94.4,29.57,85531852.8,76353.4,2731643.8
1855,81.52,12.31,53174272,1797.4,178233.8,89.75,62.69,101151539.2,303785,900422.8,68.97,24.37,26214.4,1727.4,86832.6,87.42,29.68,90804224,77087.8,2741615.4
1856,76.57,12.28,47764275.2,1951.4,177480.4,93.68,62.7,99367321.6,301689,723857.8,67.48,24.37,26214.4,1973,85287.2,86.4,29.52,88944640,1519546.2,303219
1857,76.97,12.25,17884774.4,2031.4,175243.6,82.98,61.57,71119667.2,299053.2,706741,68.92,24.37,26214.4,2055,84623.8,87.58,29.52,82291916.8,2657056.4,160067.2
1858,77.58,12.18,24992153.6,2343.8,176935.4,91.28,68.47,73247129.6,301906.6,725472.4,68.48,24.38,26214.4,1983,82783.2,82.38,28.84,80896819.2,1099314.2,817715.2
1859,86.75,12.34,51712819.2,2617.6,179384.2,100,66.82,113617305.6,299618,701402,69.35,24.38,26214.4,1788.8,84729.4,78.82,27.14,84206387.2,76795.6,1450044.2
1860,77,10.49,41623552,2247.2,178125,100,70.24,123102003.2,299151.6,702333.4,67.67,24.38,26214.4,1603.8,83312.6,78.42,27.13,91231846.4,77473.8,1447602.4
1861,86.07,19.38,16600268.8,2211,179854,100,69.06,106866278.4,303374.6,725955.6,68.4,24.37,26214.4,1779.8,84755.4,86.43,27.17,85022310.4,213932.2,787027.4
1862,99.97,21.22,6723993.6,2027.8,179548.4,100,70.02,107327488,299997.8,700728.6,68.95,24.37,26214.4,1950.4,85751.8,86.78,27.1,98254028.8,1499812.6,161026.6
1863,100,23.67,49602560,2124,173781.2,80.45,64.27,118225305.6,303874.6,726441.2,68.13,24.37,26214.4,1804.8,85786.6,87.47,27.14,88984780.8,1371261,159826.6
1864,99.95,19.43,61843046.4,3224.4,182750.4,91.65,68.01,93723033.6,299515.8,731334.4,69.22,24.35,40960,11412.2,97638,80.22,26.24,78120550.4,1117046.2,156753.8
1865,99.97,23.71,5742592,3608,172836.8,95.08,65.26,120896716.8,304698.4,742364.8,69.1,24.35,85196.8,3795.8,81961,73.73,26.24,35225.6,79516.4,159263.8
1866,82.58,13.84,57321062.4,2056.4,180163,99.78,66.14,123844198.4,306119.4,904708,68.37,24.35,27852.8,7242.2,90079.2,73.32,26.23,17203.2,77212,156054
1867,86.28,17.11,19837747.2,2192.8,180753.2,100,66.43,119074816,301480.2,725826.6,69.75,24.35,93388.8,7622.6,99822.8,73.6,26.23,0,74499.4,153297
1868,99.48,13.98,46913945.6,1929.2,175804.8,100,66.11,120610816,298163.4,702853.2,69.73,24.36,19660.8,7235.2,94691.4,73.63,26.23,0,79152.8,158533
1869,93.17,17.2,40896102.4,2295.8,181442,98.28,66.4,108839731.2,304422.4,725075.4,68.72,24.35,139264,8066.2,95073.4,73.87,26.23,9830.4,77053.6,157925.6
1870,93.7,14.01,45709721.6,2011.4,176109,81.82,61.7,94619238.4,298091.8,700796.8,69.38,24.35,34406.4,8066.2,89121.4,73.37,26.24,32768,81220,160564.8
1871,93.94,17.62,70550774.89,3222.51,179491.6,90.92,66.58,64143360,305410,741869.2,68.3,24.35,63897.6,3345.4,86440.8,73.78,26.24,819.2,85282.4,162980.8
1872,99.73,16.13,50125599.04,2005.6,179732.69,100,68.02,113102028.8,297163.4,704390.2,68.1,24.35,131072,2625,87176,73.55,26.23,8192,79612,158884.6
1873,83.72,10.62,31755468.8,2214.2,177657.4,99.98,65.99,116714700.8,301711.4,725940.8,68.37,24.35,32676.51,2361.99,84265.66,73.37,26.22,0,80905.8,160467.6
1874,85.62,23.54,6412697.6,2259,180090.2,100,68.53,119477862.4,298012,701301.8,68.91,24.33,39432.01,3937.22,89590.05,73.62,26.22,2457.6,81706.8,164089
1875,99.98,23.88,53759180.8,2211.2,177757.6,100,66.65,125034496,296594.6,692420.2,68.28,24.33,29491.2,3376.4,86231,73.33,26.23,38502.4,79021.8,158276
1876,99.97,19.77,11953766.4,1937.8,179291.2,81.45,61.74,90681344,303494.2,729733,68.55,24.33,44236.8,2339.2,83407.8,73.73,26.24,4096,77745.4,158116.2
1877,99.97,18.25,5108531.2,2093.4,171494.6,72.37,61.76,235929.6,309087.6,905075,68.75,24.33,31129.6,1901,82920.4,73.72,26.23,4915.2,77918.6,156428.8
1878,100,21.73,65536,2702.8,182989.4,76.85,61.85,10649.6,305049.4,739267.4,68.17,24.33,26214.4,2388.8,84423.6,73.7,26.23,0,76012.4,153556.4
1879,84.03,17.22,69019238.4,2296.6,179020.6,74.5,61.87,259686.4,302229.2,703936,68.83,24.33,77004.8,3127,84993,73.47,26.22,0,78034,156857.6
1880,82.47,11.92,64890470.4,2598.4,173718.6,72.1,61.89,5734.4,305532.6,725990.8,69.17,24.33,29491.2,2200.2,84647.8,73.87,26.23,0,77697.6,158745.6
1881,81,12.3,7589068.8,2675,179453.4,71.02,61.91,7372.8,298252.8,694526.2,68.33,24.32,31129.6,1665,84983.4,73.65,26.23,3276.8,77484.6,156226.8
1882,77.77,12.3,64095846.4,2196.4,178227,71.48,61.88,341606.4,305156.4,724251,68.32,24.33,27852.8,2015.6,83453.6,73.82,26.24,0,78195.4,159513.8
1883,76.58,12.3,35805593.6,2150,179463.4,71.02,61.87,31129.6,300673,699042,68.23,24.33,27852.8,1931.4,84149.4,73.83,26.23,0,79982.8,159758
1884,76.33,12.29,6255411.2,2017.4,173763,77.27,61.64,31129.6,304132.4,722167.6,68.22,24.33,27852.8,2763,87980.8,73.67,26.22,3276.8,79205,159002
1885,76.15,12.3,6737100.8,2267.6,183138.2,74.35,61.6,535756.8,301277.6,700427.8,69.23,24.33,27852.8,2698.8,85522.4,73.33,26.23,0,81828,161904.2
1886,72.7,12.31,47469363.2,2161.4,177610.8,72.15,61.53,106496,306052,728792.2,68.22,24.32,26214.4,2399.6,86943.6,73.57,26.23,3276.8,78794.6,160411.4
1887,81.27,11.58,44626739.2,2197,180192.6,71.3,61.55,12288,299467.4,702883.4,68.57,24.32,26214.4,2224,83749,73.58,26.23,0,78261.6,156830
1888,78.8,12.25,71390003.2,2004.4,172085.2,71.45,61.55,17203.2,305974.2,734333.6,68.65,24.32,22937.6,2803.4,85323.8,73.7,26.23,0,81807.6,164184.6
1889,76.72,12.24,40840396.8,2128.4,180912.8,71.97,61.57,14745.6,312120.8,902787,68.12,24.32,29491.2,2587,84197.2,73.72,26.23,0,82366.8,162729.2
1890,76.27,12.26,4854579.2,2050.6,178109.6,78.37,61.5,33587.2,305973.8,749492,69.18,24.32,31129.6,2930.4,89939.8,73.78,26.22,2457.6,78717.4,158779
1891,77.15,12.26,37609472,2723.6,183689.4,94.65,70.17,78333542.4,301043.6,3385455.6,67.72,24.32,342425.6,1885.2,82807.4,73.35,26.22,0,77282.4,155454.6
1892,76.8,12.25,57660211.2,2061.6,177851.8,100,70.75,129589248,305013.2,4645122.8,89.25,25.96,6232473.6,2222.6,86482.6,74,26.23,819.2,79287,162262.4
1893,72.32,12.31,2613248,2369.8,179477.2,100,70.03,134062080,298870.8,4666690,82.02,25.99,14753792,1946.6,83666.8,73.52,26.23,3276.8,79592.4,159270.2
1894,84.82,18.88,5072486.4,2136.2,174836,100,68.64,128250675.2,702221.6,2020681,76.53,26.03,14309785.6,1822.6,82374.8,73.9,26.22,0,77823.8,159244.6
1895,99.78,13.96,67647897.6,2065.6,179252,100,70.1,131240755.2,4565640,699000.6,76.48,26.03,1676715.57,1804.92,86900.46,73.81,26.21,2455.14,75427.17,153916.68
1896,99.7,13.95,39795563.37,2410.44,177663.53,100,68.53,129477017.6,4193026.2,721996.6,76,26.03,1678728.84,2303.58,84657.59,73.66,26.21,0,79076.68,158098.5
1897,99.87,13.9,11811034.81,2149.66,175700.08,87.82,62.76,109105152,303751.6,2046640.8,75.98,25.98,1258291.2,2023.2,85730.2,73.78,26.21,3276.8,77738,158846.6
1898,93.87,17.13,30819942.4,2257.2,181154.6,89.85,62.8,98883174.4,298584.8,2011946.6,69.1,26.86,1677721.6,2102.8,84230,73.3,26.22,1638.4,78777.2,157852.8
1899,93.28,14.94,51809484.8,2093,175284.8,90.83,62.81,99860480,304967.2,1767331,99.9,31.78,3599564.8,1988.6,83579.8,73.92,26.22,0,77816,159840.6
1900,84.53,20.46,27831500.8,2117.8,178777.8,90.17,62.77,102218956.8,1476707.2,901223.4,100,27.51,2516582.4,2048.8,85026.8,73.43,26.21,0,81325.8,161837.2
1901,99.82,14.16,43651891.2,2071.4,176509.2,94.3,62.79,100542054.4,1592513,725426.6,99.8,26.38,5033164.8,2461,88456,73.83,26.21,2457.6,77434,157903.6
1902,99.85,14.35,33226752,2448.4,178784,91.45,61.64,87696998.4,1587867.6,701999.4,97.6,29.27,4200857.6,1905,85340.4,73.43,26.21,819.2,79883.8,160612.6
1903,96.77,16.9,36978688,2735.2,177584.8,95.75,70.68,89515622.4,450981.8,3814984,93.33,32.17,2097152,1545.4,84653.8,73.9,26.22,0,78320.2,160948
1904,93.65,17.54,66278195.2,2727.2,175723.6,100,69.47,128910131.2,296270.8,4649805.4,93.33,30.11,2675507.2,2910.8,85745,73.48,26.24,2457.6,79159.2,159221.4
1905,90.63,17.14,11373772.8,2375.4,175097.6,100,71.36,133292032,305260.2,4666069.4,99.98,38.56,2097152,2292.6,87153,73.97,26.23,0,79107.4,161425.8
1906,76.45,17.14,7305625.6,2382.4,178461.2,100,70.78,129825996.8,1745836.4,1563626,99.98,38.57,3145728,2918,89137.4,73.47,26.23,0,81948,163696
1907,85.79,16.95,69636093.54,2088.55,179131.32,100,69.14,131833036.8,4273732.6,724443.2,99.98,30.47,1157654.21,2218.87,87094.94,73.92,26.22,3276.8,82271.6,165089
1908,99.78,11.86,51368446.67,2558.54,180586.15,100,68.75,144158720,4167795.4,708852.8,99.97,38.48,1890209.33,1996.2,86223.33,73.73,26.23,2457.6,81046.2,164219
1909,100,13.35,6796083.2,3449.6,177558.2,86.03,63.07,132756275.2,2506177.4,1135064.4,100,35.58,2922905.6,3871.4,85593.2,73.57,26.23,2457.6,80185.2,158617.6
1910,99.75,14.37,49479680,2244.8,175288.8,89.62,63.07,107609292.8,299760.8,2005454.2,99.85,32.01,11467161.6,2747.4,87117.4,73.68,26.24,0,81500.4,164274.4
1911,99.85,16.19,23697817.6,2128,174531.8,90.69,62.88,104035612.5,315218.78,1817038.03,68.82,26.35,15976038.4,2276,85530.4,73.67,26.22,0,81375.4,161977
1912,99.63,17.64,15512371.2,2007,181336.6,94.08,62.79,105557196.8,1608545,725066,83.95,27.67,2737766.4,2575.8,88955.6,73.65,26.23,4096,80068.6,160787.2
1913,81.4,17.22,60989440,2198.4,173218.8,95.67,63.91,106972774.4,1584945.4,702620.2,76.88,27.67,4264755.2,2616.4,84778.4,73.43,26.22,4915.2,82276.2,162806.2
1914,99.82,17.36,23455334.4,2312.8,173842,83.42,61.66,102710476.8,1587677,724752.4,76.6,27.34,2097152,2763,89887.4,73.82,26.21,4096,82543.2,165573.4
1915,99.67,14.28,56913100.8,2062.8,182396.8,98.65,70.7,105205760,315185.4,4248731.4,76.62,27.35,2306867.2,2777.4,86574.6,73.47,26.22,2457.6,82567.4,163012.2
1916,93.25,17.43,6096486.4,2489.8,172557,100,71.6,129483571.2,306271.4,4691585.6,76.8,27.37,2726297.6,2568.2,86741.4,73.97,26.22,0,83290,166792.8
1917,93.18,17.8,27539865.6,2092,182774.6,100,70.31,129594982.4,298238.6,4635989.4,75.98,27.36,2097152,2806.6,86473.4,73.6,26.21,0,82947,164028.6
1918,93.7,17.33,37630771.2,2565.6,177917.4,100,69.16,120905728,1412237.8,1126932.4,68.6,27.52,2306867.2,2690.4,89067.2,73.7,26.21,3276.8,80055.8,160893.4
1919,80.93,17.29,3312844.8,1859.2,175814.8,100,69.05,128501350.4,4443796,710144.2,99.97,40.57,1962803.2,3023.4,88489.2,73.38,26.21,0,82767,163849.4
1920,68.85,10.74,19324928,2551.8,178463.6,100,70.6,125140992,4240594,735129,99.95,32.34,1454899.2,2666,86179.2,73.83,26.22,0,84863.2,169522.6
1921,68.72,10.74,71068876.8,1826.6,178565.8,87.9,69.69,125557145.6,2040224.6,1891452,99.98,38.69,1887436.8,5617.6,84596.2,73.47,26.23,3276.8,80350.6,160541.4
1922,69.52,10.75,27033600,3123.8,178558.8,98.85,66.25,107324211.2,306061.6,3376978.4,100,37.36,2247884.8,1873.8,84548.6,80.38,27.19,87651123.2,80038.6,160544.8
1923,68.05,10.75,6501171.2,3526,180513.2,100,67.05,107646156.8,310064.2,3545521.2,99.92,32.87,8676578.74,3030.78,87722.82,87.82,27.12,91854438.4,75447.6,157024.2
1924,69.27,10.69,56075878.4,2489,174600.6,98.47,66.26,125303193.6,2974844.8,702755,68.56,29.11,10328544.44,1769.42,84851.28,86.67,27.12,97128448,77900.2,159533.8
1925,69.38,10.67,66342092.8,2261,182022.2,99.97,67.14,124612608,2859635.6,723697.8,99.88,32.34,12545228.8,1642.8,86283,87.45,27.13,84240793.6,77954.6,162457
1926,70.12,10.65,21667840,1878.6,179140.2,88.58,64.18,123575500.8,2605632,780976.4,99.73,32.36,12756582.4,2335.6,83600.4,87.13,27.14,93746790.4,78793.8,160429.4
1927,68.61,10.67,42581.37,2266.29,172923.03,100,69.79,118616883.2,302692.6,4662563,92.92,32.39,7921664,1525.8,85839,77.38,26.27,44331827.2,78469.2,161359.6
1928,68,10.66,0,2483.59,176378.15,100,69.39,117045657.6,296415.8,4644719.6,88.22,32.39,2795110.4,2152,84606,92.22,29.65,48421273.6,79909.2,160986.2
1929,67.93,10.66,45856.86,3258.9,174569.57,100,70.79,108037734.4,299507.2,4607502.4,84.58,32.39,4615372.8,2625.8,86821,100,29.74,85845606.4,79953.6,157716.6
1930,68.94,10.67,0,2800.32,177928.37,100,69.48,102396734.3,2028846.52,699766.39,84.58,32.39,4194304,1840.2,82679,100,30.04,91181875.2,78466,159974.2
1931,68.07,10.66,0,2911,171349.6,100,69.79,127758539,4251091.91,725624.32,68.37,32.39,2937651.2,1672.4,88284.4,97.83,31.06,100410163.2,78180.8,162622.4
1932,68.32,10.66,0,1833.6,179313.2,98.68,66.06,124448768,4128088.4,688178,99.85,39.02,3776512,1717.8,83521.8,94.67,29.6,92290252.8,79689.2,161667
1933,68.43,10.67,0,2278.2,173769.2,88.75,71.44,104122777.6,1656517.4,2859229.2,99.85,35.96,2144665.6,2086.6,86200.6,95.18,29.62,92869427.2,78122.8,162055.6
1934,68.03,10.66,0,2039.97,174628.9,100,70.84,122037862.4,305540.8,4851646.2,99.92,35.67,2097152,2921.4,86735.8,92.25,32.93,41716486.91,80581.05,161898.66
1935,69.11,10.67,0,2265.21,176130.7,100,69.52,124408627.2,401788.4,2478706.4,99.93,33.46,2516582.4,2951.2,87785.8,100,32.78,87925881.93,81168.5,163325.8
1936,68.15,10.67,0,7238.6,180325.8,100,70.82,123723776,4442109.4,742144.8,99.68,30.31,1885044.38,2970.21,84794.08,100,34.13,88052531.2,78921.2,161499.8
1937,68.28,10.66,0,2024.4,177694.2,100,68.82,119597465.6,4143154,697128.6,69.94,26.03,1835742.3,2202.28,86244.3,100,33.36,88847155.2,81122.4,162867.4
1938,68.98,10.66,0,2085.8,169887,86.57,68.81,119821107.2,3678153.2,815946,99.75,39.28,9925427.2,3374.8,85851.2,100,32.96,83807436.8,83556.4,167381
1939,67.83,10.65,0,2479.2,180217,99.15,65.87,114357862.4,298926.4,3348439.4,99.98,39.28,13459456,2924.6,86270.4,100,33.04,83636224,81207.8,163139.8
1940,68.07,10.66,0,2303.4,175190.6,99.53,67.7,115970867.2,300830,3343541.6,100,35.45,16644505.6,1708.2,85971.8,82.78,27.93,77641318.4,75376,155277.8
1941,68.95,10.64,0,2332,177782.6,100,67.77,113822105.6,298962,3228028.2,100,38.16,21349990.4,1703.4,84001.8,80.65,27.18,82786713.6,78494.6,159596.4
1942,67.65,10.65,0,2419.2,172489.8,100,64.37,110152089.6,1880348,724273.8,100,34.21,27448115.2,1716,86765,80.6,27.08,92718694.4,78536.2,163460.2
1943,68.1,10.66,0,2029,180147.8,100,66.63,95889817.6,2869579.2,701230.4,69.2,29.41,2863923.2,1891.6,85483.8,87.63,27.19,87519232,79948,162366.4
1944,68.98,10.65,0,2008,169129.6,98.68,65.02,100862361.6,2865724.4,720739.6,99.42,35.96,3784704,1762.8,82684.2,87.4,27.17,87787929.6,77452.4,160884.6
1945,68.33,10.64,0,2126.2,179541.8,91.98,66.19,95385190.4,1077980.4,2508427.2,94.95,35.94,3984588.8,2021,88283,86.95,27.17,99653222.4,78484.2,160501.2
1946,69.05,10.64,0,2094.76,173253.5,100,66.36,104563507.2,298967.8,3335585,93.25,35.95,2516582.4,1664.2,84143.6,86.95,27.11,98893004.8,75365.4,156949.6
1947,69.42,10.64,0,2241.1,176738.7,100,64.64,93763174.4,297318.6,3341007.4,93.33,34.99,2306867.2,1855.2,86889.4,91.72,29.73,47226880,78359.2,162222.4
1948,68.23,10.64,0,2315.6,171513.4,98.68,66.41,115032883.2,741600.2,1734851.8,93.13,34.09,2308505.6,1714.6,82923.6,97.63,29.59,92998041.6,78747.8,160507
1949,67.87,10.64,0,1912.4,175726.4,97.5,66.11,118624256,3063908,688674.2,94.33,35.96,2516582.4,1790.4,86440.8,85.97,29.68,98730803.2,78847,163609.2
1950,68.32,10.66,0,2136.8,175074.6,82.27,61.7,100108697.6,2146805.6,707606.2,69.35,29.42,4613734.4,1695.4,84580.2,87.48,29.55,98025472,78676.8,160609.6
1951,68.53,10.64,0,2520.6,177010.6,76.68,61.76,160563.2,301049.8,716878.2,85.73,31.11,8126464,2265.8,87333.6,87.63,29.55,97910784,75824.6,157788.2
1952,68.27,10.63,0,2092.6,174387,74.45,61.75,466124.8,296989.8,693226.6,85.53,28.05,11688345.6,1616.8,84015.8,87.98,28.97,99390259.2,78243.2,159595
1953,67.95,10.63,0,1848.8,176842.4,71.88,61.81,41779.2,301881.2,722791.6,86.73,27.84,24136908.8,1820.2,87142.2,80.88,26.3,105374515.2,79470.2,163984.4
1954,68.38,10.63,0,2465.8,172312.4,71.98,61.81,35225.6,296213,695048.2,90.68,27.83,4333568,1942.2,86963.4,91.43,34.1,53683814.4,79946.2,162747.6
1955,68.55,10.64,0,2098,173824.2,71.38,61.8,23756.8,301505.6,726049.2,86.78,27.81,19090636.8,2353.6,82744.4,100,33.41,102785024,79149.8,163860.8
1956,68.07,10.62,0,2228,176691.6,71.08,61.76,31948.8,304734.4,894668,86.52,27.81,22896640,1782.8,86142.6,100,32.86,98096742.4,79114.4,161080.8
1957,69.05,10.63,0,2140.8,174068.6,76.48,61.77,13926.4,301207.2,716967.8,68.58,26.18,21009203.2,1859.6,87131,100,33.61,99753164.8,75694.4,157587.6
1958,68.23,10.63,0,2281.6,172361.6,73.92,61.77,137625.6,296587.6,691639.2,68.78,26.13,26488012.8,1589,82753,100,32.47,97033420.8,78296.6,159988.6
1959,68.28,10.63,0,2085.6,174360.6,72.67,61.7,620953.6,302194.8,726107.4,68.98,26.04,28241100.8,1864.8,88358.4,100,32.86,94423449.6,78343.8,162549.6
1960,68.57,10.63,0,2194.8,179544.2,71.05,61.71,9830.4,295342,692277.2,68.7,26.04,21456486.4,1962.4,83353,82.58,29.55,94445568,80717.4,161205
1961,68.4,10.64,0,1926,168570.2,72.33,61.72,18841.6,301884.6,722686.6,68.87,26.05,18856345.6,3197,86307.2,82.5,27.12,94002380.8,84731.4,170049.4
1962,68.08,10.63,0,2277.2,179144.4,70.97,61.73,15564.8,296072.2,694129.8,68.33,26.07,10508697.6,2951.4,87713.2,78.8,27.2,95961907.2,80968,162927.8
1963,68.67,10.63,0,1945.8,173481.8,76.6,61.59,18022.4,301173.4,716952.6,68.81,25.89,16658976.22,1998.6,85318.68,87.67,27.18,107389747.2,74632,155357.4
1964,68.18,10.63,0,2038.4,176000,74.25,61.57,132710.4,297315.8,693236.6,68.67,25.92,14042022.82,2041.24,86648.45,87.3,27.16,102245990.4,82510.8,165386.4
1965,68.17,10.64,0,2533,170729,72.1,61.49,613580.8,301683.8,718990.6,68.32,25.92,15515648,3514,89101.4,87.28,27.14,104935424,84669.2,169830.2
1966,67.93,10.64,0,2158,178655.8,70.95,61.52,11468.8,296402.8,692462.2,69.18,25.94,27395686.4,3261.4,86128.6,87.58,27.15,101840486.4,81310.8,163010.2
1967,68.78,10.64,0,2066.8,167905.8,71.7,61.49,31129.6,301474.8,720235.6,69.6,26.1,27299020.8,2185,88601.6,78.98,26.3,66932736,79369.2,161948
1968,68.3,10.63,0,2134.2,178691.6,71.45,61.47,12288,303667,893438.8,69.2,26.19,21181235.2,8085.4,94853.4,83.42,27.21,60223488,79590,160555.4
1969,69,10.64,0,2041,169911.8,76.53,61.72,410419.2,300645.8,714947,69.3,26.15,15316542.74,7120.34,91705.52,79.78,27.17,107978752,75505.2,157128.2
1970,68.23,10.63,6553.6,2139,178015.8,75.02,61.81,10649.6,296020.4,694196.2,69.08,26.12,19588710.4,1873.6,86938.2,87.02,27.13,92779315.2,77703.6,158932
1971,68.03,10.63,1638.4,2159.4,172809,71.55,61.79,172032,300760.8,717291.8,68.55,26.12,12792627.2,1777,85696.4,87.63,27.14,104652800,77879.2,161978.8
1972,69.22,10.63,0,2123.8,175192.8,70.75,61.7,13107.2,293514,686994.2,69.8,26.1,11172249.6,3961.2,85527.2,87.37,27.14,98592358.4,77952.2,159390.8
1973,68.02,10.63,0,2146.8,171652,71.37,61.78,23756.8,301398,717305,68.97,26.16,3088384,7473.4,97629.2,87.55,27.18,101150720,77142.8,160307
1974,67.88,10.62,0,2097.2,172862.2,71.17,61.76,13926.4,299035.8,701408.4,68.33,26.17,26214.4,1942.8,85763.4,78.02,26.3,52477132.8,77419,157317.6
1975,69.22,10.62,0,2167.4,177654.6,76.77,61.85,649625.6,302498.4,720067,68.72,26.15,22937.6,6998.8,93668.4,83.38,27.2,57853542.4,74940.6,155218.6
1976,67.8,10.62,0,2090.4,176226,74.45,61.85,17203.2,297033.4,692349.8,68.6,26.16,34406.4,7451.6,96193.2,87.47,27.25,107463475.2,77076.6,157880.6
1977,67.92,10.62,0,2709.8,174401.6,71.2,61.87,7372.8,303011,717999.4,68.77,26.17,108134.4,7518.4,89234.8,87.35,27.25,104896102.4,77111.6,160557.2
1978,68.62,10.62,0,2561.6,173101,71.75,61.9,163840,296358,691295,69.23,26.18,47513.6,2334.8,82233.4,87.45,27.14,106591027.2,77599.2,158226
1979,68.52,10.62,0,2055.6,173962,72,61.9,27033.6,298905.6,714833.4,68.13,26.19,60620.8,1701.2,84592.4,87.12,27.18,106644275.2,77046,159600.2
1980,68.2,10.62,0,3175.4,175905.2,71.23,61.91,66355.2,305391.4,908715.8,69.33,26.2,32768,5736.8,86334.6,87.18,27.13,98659532.8,77830.2,158425.2
1981,68.42,10.63,0,3489.6,173389.8,76.83,61.79,585728,300504.6,737030.2,68.35,26.19,32768,3827.2,84630.4,83.32,27.29,54323609.6,79094.8,157825.6
1982,68.67,10.63,0,2431.6,175350.8,74.52,61.72,81100.8,297373.8,697662.4,68.62,26.19,37683.2,2585.6,86864.2,87.25,27.2,106988339.2,76714.8,159657.6
1983,68.1,10.62,4915.2,2207.4,172854.4,71.67,61.7,6553.6,301898.6,718589,68.9,26.19,36044.8,2339,84328.2,87.25,27.14,103147110.4,77523.4,158431
1984,68.18,10.63,1638.4,2143.2,175289.6,72.58,61.75,6553.6,295830,702306.4,68.18,26.2,49152,1770.8,81564.4,87.28,27.14,104562688,76743.6,159487.2
1985,69.13,10.64,0,2089.8,171117,71.37,61.69,12288,295950.4,697901.2,68.92,26.21,26214.4,1599.4,84506.2,87.52,27.21,95127961.6,76931.2,157669.8
1986,68.27,10.62,0,2209,175119.6,77.4,61.73,585142.86,300808.26,746230.25,68.22,26.21,55705.6,1800.6,85574.4,87.5,27.12,96806502.4,74649.8,155271.8
1987,68.03,10.62,0,2063.4,173475.2,77.28,61.71,144526.06,299290.5,737110.87,68.97,26.21,31129.6,2913.2,83473.8,79.12,26.29,83691929.6,81912.4,157406.2
1988,68.33,10.62,0,3135.2,176056.8,73.28,61.71,27033.6,304449.8,768841.4,68.28,26.21,26214.4,1912.2,84134,73.77,26.27,0,79811.8,161498.2
1989,68.53,10.62,0,2221.4,173922.6,72.07,61.69,65536,297971.2,701328,68.47,26.21,29491.2,2927.8,87159.8,73.45,26.27,45875.2,81301.8,160681.4
1990,68.25,10.63,0,2040.4,170934.6,72.55,61.51,137625.6,300386.6,724809,68.55,26.21,29491.2,2610,83157.4,73.58,26.27,0,81024,162535.4
1991,79.95,16.83,18022.4,2344.8,1326910,72.43,61.51,5734.4,302940.6,898254.2,68.25,26.21,31129.6,2825,87198.4,73.6,26.26,2457.6,81886.6,161973
1992,99.93,23.88,20766720,1909.8,4016074.8,76.92,61.77,91750.4,298027.6,715199.8,68.18,26.21,26214.4,2965,87662.4,73.75,26.26,3276.8,79426.6,159684.6
1993,99.9,23.89,6501171.2,2414.6,4000909.4,74.27,61.63,624230.4,294303.4,689424,68.42,26.21,34406.4,2806,85594,73.45,26.25,32768,80482.4,160260.6
1994,99.97,20.61,5662310.4,2392.8,2955183.6,72.23,61.61,63078.4,304489.8,721427.4,68.9,26.21,39321.6,1718.4,85897.6,74,26.26,2457.6,77557.8,159343.2
1995,99.98,21.89,53403648,7122,176212.4,71.83,61.64,44236.8,294839.4,709689,68.15,26.21,26214.4,3350.8,84254.2,73.47,26.25,819.2,80953.8,159385.2
1996,100,21.12,48680140.8,309263.8,170740.6,72.03,61.45,74547.2,300204.2,716176.8,69.08,26.22,26214.4,1965.8,84396.6,73.7,26.26,0,77995.4,159554.2
1997,91.88,17.29,4721868.8,4188485.2,175200.4,71.08,61.48,118784,295974.4,690539.4,68.67,26.22,26214.4,2022.4,84562.2,73.48,26.25,3276.8,79997.2,159774.6
1998,71.15,11,62853939.2,3885355.4,173009.8,76.78,61.48,99123.2,299492.6,715938,68.42,26.21,26214.4,2649.8,86900.8,73.8,26.25,819.2,79987,160638
1999,70.88,10.99,51911065.6,3731359.2,174113.8,74.72,61.49,634880,296760.8,690717.4,68.12,26.2,26214.4,2654.2,88068.2,73.43,26.26,0,82989,164104
2000,70.17,10.93,15730278.4,3915298.4,174569,71.27,61.47,29491.2,301986.2,717679.2,68.57,26.2,47513.6,2800.4,89073.2,73.82,26.25,2457.6,82993.6,166332.6
2001,88.2,11.58,52726988.8,802045.6,1016244.6,71,61.52,38502.4,296864.8,702520.4,68.32,26.2,34406.4,2911.2,86188.8,73.23,26.26,819.2,81115.8,161276
2002,79.47,12.72,11114905.6,2066,1459915,72.08,61.48,49152,301242,715293.2,68.17,26.2,34406.4,3078.4,86523,73.88,26.27,0,83478.8,166655
2003,77.63,12.71,6501171.2,2569.2,1469447.8,71.62,61.48,41779.2,303323.4,892453.8,69.28,26.21,58982.4,8523.2,100184,73.45,26.26,20480,81697.8,161987.8
2004,76.88,12.73,6710886.4,2115.2,617258.2,75.85,61.5,18022.4,300519.4,714783.2,68.68,26.2,45875.2,2260,87446,73.55,26.25,17203.2,76239.4,156140.8
2005,77.8,12.64,26469990.4,479564,175843.4,74.6,61.54,588185.6,297858.4,694124.2,68.82,26.2,18022.4,7331.6,88238.4,73.57,26.26,4915.2,79466.4,159075.2
2006,77.28,12.49,30525030.4,1274991.6,169666.4,71.43,61.49,12288,301159.4,716765.2,69.33,26.21,78643.2,8546,103993.8,73.65,26.26,0,83065,166111.4
2007,73.25,12.32,61890560,1286935.6,177931.8,70.92,61.51,8192,292891.4,685619.4,69.17,26.2,45875.2,7296.8,92110.6,73.48,26.27,0,81178.4,161878.4
2008,69.8,12.32,20810956.8,891569.2,171222.4,71.97,61.51,17203.2,300478.4,715285.4,68.45,26.2,68812.8,7626.8,96552.4,73.7,26.27,819.2,78560.6,161184.8
2009,75.07,12.23,10308812.8,2163.8,391128.4,71.58,61.53,186777.6,298036.6,697585.2,69.47,26.2,18022.4,7041.4,91283,73.52,26.25,4915.2,78702.8,159017.8
2010,90.48,12.27,5752422.4,2263.8,1461347.2,78.32,61.53,31948.8,301833.8,751932.8,68.17,26.2,85196.8,1889.2,86209.8,73.93,26.26,22937.6,76911.6,157899.8
2011,87.52,12.43,47885516.8,1933.2,1464076.8,76.85,61.52,970752,297638,724187.6,68.3,26.21,44236.8,1791.2,86950.8,73.62,26.25,13107.2,78336.6,157831
2012,91.78,12.19,74289971.2,2378.8,1252068.4,71.48,61.52,60620.8,300760.2,721974.6,68.3,26.21,49152,1994.6,85146.2,73.68,26.26,13926.4,78597.2,161195.8
2013,92.88,12.25,17827430.4,1023726.2,172139,71.42,61.47,21299.2,293450.6,690321.8,69.1,26.21,52428.8,3033.6,86443.8,73.42,26.26,0,79280,159411.8
2014,89.35,12.17,69553356.8,1259745,168087.2,73.67,61.61,212172.8,302882.8,725457.4,68.08,26.22,29491.2,3202.6,86646,73.83,26.26,2457.6,78996.6,161513.2
2015,87.17,10.46,11999641.6,1279851.4,179106.2,71.93,61.7,119603.2,301858.4,894132.4,68.52,26.22,60620.8,2069.6,87290,73.58,26.26,2457.6,79475,159560.8
2016,83.6,12.18,70272614.4,213434,767346.2,76.23,61.68,5734.4,298759.4,718757.6,69.1,26.22,39321.6,2767.6,85967,73.75,26.26,819.2,78453.4,158847.8
2017,78.9,12.21,11744051.2,2337.6,1462315.4,76.35,61.69,767590.4,299613,698651.8,67.92,26.22,55705.6,2634.8,91303.8,73.78,26.26,13107.2,84116.8,169056.6
2018,78.23,12.18,42482073.6,2274.8,1460807.6,72.08,61.68,36864,300857.2,719616.6,69.25,26.21,31129.6,2875.6,88413.6,73.5,26.27,34406.4,83722.8,165234.4
2019,77.75,12.16,50760908.8,91731,871711.8,71.4,61.69,51609.6,293941,692898.6,68.4,26.22,26214.4,2765.6,84796.6,73.82,26.27,7372.8,82584.2,165634.8
2020,79.47,12.13,29145497.6,1129993.2,174476.2,72.38,61.68,25395.2,299038,715378.4,68.08,26.22,26214.4,2685.4,88078,73.67,26.26,3276.8,83509.4,165243.6
2021,87.8,11.37,38871040,1277296.6,175735.8,75.85,61.68,9011.2,298624.6,713016,68.88,26.22,26214.4,2658.2,89073.6,73.82,26.25,0,80064.2,160800.4
2022,80.01,12.16,29544167.63,1093734.38,173273.8,75.47,61.6,166297.6,296309.8,696499,68.32,26.21,29491.2,2609.2,85783,73.48,26.26,0,83288.4,164661.6
2023,75.45,12.72,59662521.55,2031.87,405730.21,71.92,61.59,600473.6,300210.4,714789,68.45,26.21,29491.2,2807.4,90826.8,73.85,26.27,13926.4,82915.6,166678.4
2024,84.78,12.76,28732620.8,2559.2,1462128.8,71.32,61.58,82739.2,295254.2,689502.6,68.55,26.21,29491.2,2794,87499,73.55,26.29,18841.6,84739.6,165778.6
2025,77.17,12.77,15068364.8,2104.6,1473372.4,71.95,61.57,22937.6,301673.4,729631,68.28,26.21,29491.2,2954.8,87157,73.72,26.28,11468.8,84120.4,168162
2026,78.18,12.56,58418790.4,2676.6,1218018.6,71.28,61.46,2547712,302375.8,892415.4,69.17,26.22,34406.4,3277,88660.2,73.67,26.27,819.2,85368.8,167985.4
2027,84.12,12.37,29835264,701482,176052,75.78,61.47,27852.8,300241.2,713443.6,68.35,26.21,26214.4,2600.6,90444.2,73.65,26.26,2457.6,80991.6,162850
2028,75.63,12.34,18548326.4,1357674.4,171139.6,74.57,61.47,5734.4,295938.2,694043.6,67.82,26.21,26214.4,2800.2,89083.4,73.58,26.27,0,82916.2,164744.4
2029,71.3,10.95,44974080,1177784.4,176914.4,72,61.43,751206.4,301339.6,717276.2,69.4,26.09,26214.4,1657.8,85627,73.58,26.28,0,78693.4,161303
2030,99.98,23.83,21033779.2,3008943.6,174488.8,71.25,61.48,9011.2,293524.2,696433.4,68.33,26.09,26214.4,2333.4,85131.6,73.32,26.27,18841.6,79172.6,159336.2
2031,99.92,23.9,46668185.6,3764801.4,170086,71.92,61.54,31948.8,299152.6,711311,68.9,26.09,70451.2,2449.8,89690,74.12,26.28,0,82818.6,166795.4
2032,99.97,23.87,7130316.8,3814616.4,171547.8,71.67,61.68,15564.8,296145.6,693289,68.72,26.11,72089.6,8368.6,97231,73.53,26.28,0,84910,167315.4
2033,99.83,17.29,59829452.8,995205.2,1811674.6,76.83,61.76,23756.8,300649.8,731271.6,69.3,26.12,34406.4,8285.4,96723.8,73.88,26.27,2457.6,80815.4,162445.2
2034,99.6,17.29,21128806.4,1893.8,2741720,74.3,61.72,6553.6,296905.6,694303.2,68.83,26.12,37683.2,8425,100405.6,73.45,26.27,0,82620.4,163120
2035,95.18,16.63,25077350.4,2130.6,2776176.4,72.03,61.73,713523.2,303428.2,715778.4,68.55,26.12,21299.2,2836.6,88682.4,73.63,26.26,0,82051.6,165066.8
2036,94.9,16.17,24107417.6,180578.2,1103182.2,71.78,61.73,9011.2,294917.8,691719.4,70.12,27.04,332595.2,8097.6,95741.2,73.55,26.27,3276.8,82860.4,164325.4
2037,94.65,17.75,6081740.8,2415539.6,167671.6,72.23,61.62,43417.6,298496.4,716476.6,85.15,27.99,1776025.6,8548.4,98257,73.8,26.28,0,83568.2,167360.2
2038,94.73,16.98,43814092.8,2567501.8,177801.8,71.5,61.62,13107.2,303840.2,895250.2,76.58,28,4613734.4,7943.2,92458.4,73.4,26.26,17203.2,82345.6,163535
2039,86.45,21.09,32600883.2,1767070.8,821860.6,76.13,61.7,18841.6,298256.4,714756,76.22,28,4194304,2323.8,87672,73.82,26.27,9011.2,77688.4,158151.6
2040,99.97,24.22,20289945.6,2910,3397717.2,75.1,61.65,19660.8,292680.6,702700,76.05,28.01,4404019.2,6489.2,89055.4,73.35,26.26,0,84671.8,165550.8
2041,99.85,24.22,71645593.6,3484.6,4694122,72,61.64,10649.6,300381.4,734982,77.03,28.01,4613734.4,3393,86068.6,73.93,26.27,0,80090,162043
2042,99.95,18.81,6081740.8,2196,3378750.6,71.57,61.68,820838.4,292283.6,691744.8,76.02,28.02,4194304,1618.4,83353.8,73.53,26.27,3276.8,77945.6,157850.4
2043,99.95,18.76,73785344,341072.6,170453,72.4,61.68,47513.6,298729.8,715110.6,69.63,28.02,5033164.8,2014,86309.8,73.72,26.27,0,80655.2,163070
2044,99.93,22.23,33623244.8,4225939,175813.6,71.3,61.72,18022.4,297225.6,693724,93.82,30.94,4823449.6,2865.8,89707,73.78,26.27,0,83636,165206
2045,94.1,17.57,53985280,3829958,173431.2,76.13,61.71,5734.4,299635.4,723401.2,93.15,31.3,3774873.6,1660,85325.2,73.68,26.26,2457.6,78992.6,160203.2
2046,70.95,10.95,71224524.8,3023902,175727.8,75.1,61.69,18022.4,296252.8,693141,93.33,34.01,2726297.6,3063.2,88360.6,73.4,26.26,0,80036,161032.8
2047,68.22,10.96,8870297.6,3299.8,173283.8,71.03,61.68,38502.4,301134.8,731954.4,91.32,33.62,2306867.2,1763.6,84967.2,73.83,26.26,819.2,84460.2,164151.4
2048,87.35,17.55,50090803.2,2428.4,1543998.8,71.33,61.7,759398.4,295519.2,693467.4,83.82,33.63,3145728,2340,86986.8,73.32,26.26,3276.8,79535,159698.4
2049,99.8,15.42,35464806.4,2332.4,2749571.4,71.43,61.69,18841.6,300093,719957.2,69.13,34.22,1081344,3254.2,86270.2,73.63,26.27,0,82931.8,166752.4
2050,99.82,16.78,39911424,2089,2754315.6,72.9,61.84,152371.2,306170.8,905501,84.67,32.08,1987379.2,3113.4,92595.4,73.45,26.26,0,84832.8,167170.4
2051,96.2,15.29,10066329.6,2174.2,1383136.8,77,61.89,5734.4,299332.4,718560.2,76.15,29.24,4187750.4,1705.8,85585.6,74.03,26.26,2457.6,81167.6,163543.2
2052,89.9,17.51,50646220.8,118434.6,172918.6,76.23,61.88,9011.2,297834.8,702821.6,76.75,29.24,3984588.8,1762.2,87894,73.25,26.26,0,79248,160431.2
2053,86.35,17.5,23609344,2460256.6,173754.2,71.88,61.86,32768,302186.4,722228.6,76.28,29.25,2936012.8,2088.2,86307,73.52,26.26,4096,81295.8,162124.2
2054,76.97,17.48,8173977.6,2563713.4,178781.8,71.33,61.88,659456,293937.8,687155.8,76.05,29.24,4404019.2,3722.6,86826,74.07,26.27,0,84817,167911.2
2055,70.95,17.46,60599500.8,2563919.2,172592.2,72.6,61.95,17203.2,300761,755387.8,76.22,29.24,3363635.2,2214.6,86208.8,73.6,26.26,0,79939.4,160135.2
2056,68.43,17.47,18780979.2,103110,176606.8,72.08,61.93,13107.2,299557.6,700445.2,69.24,29.8,2931082.57,2708.22,87712.6,73.72,26.25,2457.6,77943,158073.6
2057,75.8,15.51,26429030.4,2226.8,174323,77.7,61.95,13926.4,300173.2,741243.2,100,40.89,2313344.56,2751.91,88228.04,73.38,26.25,819.2,83041.8,164185
2058,99.92,24.08,55459840,2051.4,3003630.6,71.9,61.8,18022.4,300440.6,715544.4,99.97,40.9,2169241.6,2212.8,85063.2,74.05,26.26,0,81136.4,164717
2059,99.97,24.1,7130316.8,2312.6,4049145.4,71.63,61.82,759398.4,295633.8,689887.4,99.95,34.35,2097152,1610.6,85531.6,73.3,26.26,2457.6,79220.8,160025.4
2060,99.93,19.63,53364326.4,2132.4,4090001.8,72.22,61.82,27852.8,302650.4,727716.6,99.98,39.58,13800243.2,2402.2,87336.6,73.95,26.27,0,84315.8,169119.8
2061,99.97,19.66,21966028.8,1062399.4,1155660,71.48,61.79,13926.4,302964.8,892341.6,99.98,34.25,23989452.8,3904.4,89643.6,73.68,26.26,0,84502,166816.4
2062,99.97,20.31,5929369.6,4088479.6,175550.4,77.08,61.81,17203.2,301064.2,723940.2,99.53,31.63,28457883.48,4070.63,95125.1,73.85,26.26,4915.2,83397.8,167281
2063,70.23,14.15,20288307.2,2523965,176062,74.6,61.81,301465.6,297051,696193.2,69.54,28.16,20841315.16,1826.98,87865.08,73.48,26.26,0,80669,163340
2064,69.35,14.16,12987596.8,2020,174366.4,72.82,61.76,12288,302481.4,720512.6,99.98,40.92,24356454.4,1670.4,87081.4,74,26.26,0,81403.6,166760.2
2065,68.78,10.82,22498508.8,2396,176035.4,71.2,61.77,146636.8,294486,686149.2,99.93,40.93,19523174.4,1927.4,88462.8,73.57,26.28,56524.8,80032,161939.2
2066,68,10.83,6232473.6,2172,168139.2,72.77,61.77,31129.6,301745.6,736623.2,99.92,37.67,10733158.4,1889.6,86004.8,73.98,26.27,3276.8,80314.2,163614
2067,69.45,10.83,45817856,2221.8,179098.8,71.05,61.76,16384,295934.8,695605.6,99.9,36.97,5447680,1621,86082.6,73.42,26.26,0,80614.4,162562
2068,68.23,10.84,6710886.4,2161.6,173121,78.27,61.81,108953.6,302027.8,734552.4,99.82,40.97,3355443.2,2456.2,90180,78.28,32.67,19660.8,80843.8,622144.8
2069,69.02,10.82,67769139.2,2089.6,172392,76.15,61.75,859340.8,296064.2,695549.8,99.52,37.72,2936012.8,3268.8,88693.4,100,33.83,87917363.2,86564,4049925.2
2070,69.25,10.82,16778854.4,2371.4,177589.6,72.3,61.76,36044.8,302038.8,724715.8,68.78,38.57,2516582.4,3688,93152,100,32.42,81808588.8,86966.2,4039886.4
2071,68,10.82,6710886.4,2183.8,176020,71.62,61.77,19660.8,294843.4,689407,99.77,44.26,2097152,3392,87992.2,100,32.16,102655590.4,87479.4,3569250.2
2072,69.12,10.84,46854963.2,2017.4,172091.2,71.83,61.78,28672,300181.8,725284.6,99.97,41.02,3981312,3475.2,89222.6,100,32.35,95359795.2,2363610.6,174517.2
2073,70.08,10.84,47477555.2,2698.8,176805.2,71.37,61.8,21299.2,303093.2,894908,94.9,41.02,2734489.6,3282.8,89001.6,100,33.93,93416652.8,3948816.4,173067.4
2074,67.85,10.84,10770841.6,1985.6,173537.2,76.7,61.81,5734.4,300588.4,715736.6,93.21,40.15,3141330.14,4040.54,91793.49,96.13,28,102095257.6,3939241.6,165846.6
2075,70.78,10.69,71691468.8,2702.4,177621.2,74.65,61.77,625049.6,299851.2,704249.2,93.41,39.11,2520110.55,1805.93,85507.91,83.95,27.38,91235123.2,1004407.6,1035178.2
2076,69.4,10.64,21703884.8,2099.8,170913.4,72.28,61.75,161382.4,303710.2,736446,94.1,40.84,2939289.6,1452.2,91200.2,78.93,27.17,85845606.4,81122.2,1458995
2077,68.3,10.65,0,2238.8,175367.8,71.3,61.77,18022.4,292498,690897.8,68.8,40.96,2788556.8,1880.8,86396.4,81.77,27.2,95730073.6,79521,1449101.6
2078,67.88,10.66,0,2062.8,173759.8,72.2,61.75,41779.2,299996.4,716282.2,85.3,39.04,5244518.4,1783,87391,87.8,27.28,102187827.2,566019.2,588017.8
2079,68.58,10.66,0,2443,172314.2,71.07,61.73,13107.2,296198.4,691818.4,81.82,32.52,7869235.2,1554,82736.6,87.22,27.25,107396300.8,1358619.6,161934
2080,68.38,10.66,0,2230.4,176320.2,76.35,61.71,7372.8,298469.2,716003.2,76.22,29.25,2754150.4,1822.8,84877.2,87.22,27.28,105345024,1373439.2,160799.8
2081,67.92,10.67,0,2083.8,174621.6,74.65,61.7,630784,294614,695355.4,75.88,29.26,2498560,1916.8,89997.4,86.1,29.98,70080102.4,914074.6,850060.4
2082,69.25,10.67,55705.6,2424.4,173366.8,71.4,61.72,129433.6,300024.2,718520.8,76.65,29.27,4559667.2,2169.8,85723.2,94,29.66,99099443.2,81126.2,2740856.8
2083,67.88,10.67,0,2387.6,174714.8,71.48,61.71,17203.2,294848.8,688591.8,68.28,28.78,5210112,2087.8,87895.4,94.9,29.81,98983936,80011.8,2746908.6
2084,68.02,10.68,0,2220.2,170045.6,72.42,61.72,36864,299728.6,715390.2,100,41.48,3103129.6,1751.4,84045.2,95.4,29.63,104261222.4,80749.8,2055596.6
2085,68.67,10.67,0,1998.2,174160.8,71.23,61.72,13107.2,302279.8,889839.8,99.97,41.48,2726297.6,1721.4,86251.6,97.73,29.67,111525068.8,2462095,162767.8
2086,68.13,10.67,0,2163.6,172298.2,76.3,61.74,7372.8,298114.2,709929.8,100,33.7,3565158.4,1862.4,88980.2,94.67,29.61,99735142.4,2643543.6,160065
2087,68.35,10.67,0,2679.4,175343.6,75.52,61.58,579174.4,298039.6,691900,100,34.88,2626355.2,1356.2,85846.6,89.17,27.95,103185612.8,2655120,163215.4
2088,68.2,10.68,0,2301.4,172474.6,71.62,61.58,143360,301253,727855.8,99.98,36.62,3011379.2,2043,89219.6,85.97,27.1,92347596.8,296992,1227584.2
2089,69.37,10.68,0,2039.4,174029.8,71.13,61.59,6553.6,293241.6,687035.8,99.5,37.27,4443340.8,1944.4,87288.2,87.62,27.23,106212556.8,80332.8,1452308.2
2090,68.22,10.68,0,2152.2,166970.6,72.37,61.66,30310.4,299320.8,715227.2,68.68,37.27,2516582.4,1685.6,83735.4,87.43,27.22,107410227.2,772199.2,398061.6
2091,68.5,10.68,0,3072.8,178149,71.38,61.7,103219.2,299474.2,702960.4,85.45,38.91,2516582.4,2753.4,89777.6,87.2,27.25,106242867.2,1362728.4,161389.6
2092,68.35,10.69,0,2138.8,172277.4,76.18,61.75,51609.6,299839.8,713819,85.27,39.12,2937651.2,1609.4,84897.6,87.32,27.2,103423180.8,1366817.4,162447.8
2093,67.98,10.7,0,1983.6,173837.8,74.45,61.62,605388.8,294856,689143.8,86.53,38.92,3198156.8,1852.6,89743.8,88.9,32.96,79726182.4,716598.2,1796139
2094,67.92,10.69,0,2360.4,172127.4,71.38,61.63,9011.2,292641.2,682295.4,89.28,38.92,2844262.4,2018.4,87907.2,100,32.66,97734656,81008.4,4045352.6
2095,68.55,10.68,0,2118.8,173332.4,72.85,61.6,44236.8,299394.2,721141.8,86.45,36.57,2516582.4,1612.8,87140.2,100,33.12,96274841.6,80822.2,4035454
2096,68.4,10.67,0,2158.4,169469,71.45,61.6,14745.6,302392.8,896989.8,86.02,36.56,2306867.2,1738.4,84840.2,100,32.75,95356518.4,148712.2,2385086.2
2097,68.07,10.66,0,2525.2,174957.8,78.25,61.68,1959526.4,301308.6,718595,67.82,34.93,2349465.6,2229,89431.2,100,31.05,98947891.2,4027659.4,163748.6
2098,68.95,10.66,0,2038.6,172548.2,74.72,61.7,36864,297545,694134.2,99.98,48.24,6003097.6,1795.4,87464,100,33.03,94212096,3930854.8,166504
2099,68.08,10.67,0,3236.6,172993.4,72.32,61.68,584908.8,302015,732689.6,99.97,48.26,4803788.8,1460.2,89587,89.65,29.22,101030297.6,3599021.2,169278.8
2100,68.8,10.68,0,3305.6,174424.6,72.22,61.7,11468.8,294004.2,705997.6,99.97,35.24,10251468.8,7331.4,86170.2,100,35.15,90639564.8,81740.8,3883900.6
2101,68.83,10.68,0,2155.2,170700,71.57,61.72,170393.6,298915.4,718016.2,99.98,41.71,8195276.8,1612.4,88323.6,100,33.12,97117798.4,81163.4,4033496.8
2102,67.97,10.68,0,2120.4,174168.6,71.2,61.71,21299.2,295074.6,691074.6,99.98,44.92,7546470.4,1840.2,86253.4,100,33.03,88229478.4,79412.2,4019875
2103,67.97,10.69,0,2292.8,172060.2,76.68,61.62,906035.2,298898.4,717226.2,99.83,44.79,11994726.4,1805.6,89806.6,100,33.34,82821939.2,2089134.2,319223.4
2104,68.53,10.68,0,2041.2,170521.4,75.1,61.62,22937.6,296379,699831.2,69.42,35.13,10485760,1653.6,85218.6,100,32.95,94719180.8,3936558,163799.2
2105,68.58,10.69,0,2346.8,174678,71.68,61.34,43417.6,298473.8,710886.8,67.67,28.51,3632332.8,1770.2,91515.4,99.3,32.9,93281484.8,3972260.8,171301.8
2106,68,10.7,0,3127.2,174005.2,71.58,61.38,6553.6,293976,703936.8,69.58,28.51,2172518.4,4272.4,86145.2,82.07,31.89,76224921.6,1565793.6,845893.8
2107,68.85,10.7,0,2289.6,169876.4,71.7,61.43,267878.4,298105.8,717515.2,67.62,28.52,5719654.4,3391.4,90259.2,86.72,27.58,98442444.8,84973.2,1461167
2108,67.95,10.69,0,2078,173954.8,72.45,61.46,33587.2,301918,888461.8,68.88,28.52,9881190.4,1891.2,83877.6,87.67,27.2,102590054.4,78425.2,1445309.4
2109,68.7,10.67,0,2141.4,172414.2,77.05,61.47,618496,300687,717834.4,68.1,28.46,6981222.4,1707.6,89319.4,87.72,27.2,104822374.4,249020,779481.2
2110,68.9,10.67,0,2620.2,175964,75.2,61.51,45056,297533,693968.8,69.8,28.43,19739443.2,1908.6,84009.8,87.55,27.19,104320204.8,1478167.6,161424
2111,67.75,10.68,0,2146.2,173043.2,71.3,61.54,6553.6,296928.6,708603.6,67.47,28.39,16777216,1482.8,90839.4,87.42,27.2,109119897.6,1371829.8,166501.2
2112,68.4,10.68,0,2152.6,175222.2,71.37,61.54,90931.2,296633.2,698828.4,68.97,28.39,22749184,1948.2,83973.2,83.07,27.24,77101465.6,1108846.2,305683
2113,68.17,10.68,0,2235.8,168133.6,71.48,61.56,31948.8,296903.2,708671.2,69.05,28.39,12527206.4,1544.8,85007.6,87.82,27.24,108307251.2,79240,1452508.4
2114,69,10.67,0,7070,179303.4,72.77,61.65,149913.6,301763.8,720647.6,68.41,28.39,16347991.21,1793.21,83997.2,87.78,27.19,106646732.8,79916.6,1450060.2
2115,67.95,10.66,6553.6,2226.4,173634.6,76.2,61.67,584908.8,295898.2,710222,68.85,28.36,21993881.6,1829.4,85489.6,87.63,27.19,107943526.4,77578.4,1306308
2116,67.88,10.67,1638.4,1874.8,172429.2,74.93,61.67,10649.6,300846.6,703591.8,68.85,28.36,21993881.6,1694,88848.2,87.72,27.19,102556467.2,1134593.4,161459.6
2117,68.9,10.67,0,2778.6,177772.6,71.05,61.66,26214.4,299296.4,712573.4,69.18,28.29,23411097.6,3727.2,87511.4,87.65,27.24,108048384,1369059.2,166789
2118,68.23,10.67,0,1949.6,175755.2,71.52,61.65,81100.8,297971.2,699945.2,68.45,28.29,20384972.8,3202.2,87715,84.85,26.36,101858508.8,1377239.8,169631.2
2119,68.87,10.67,0,2313,171975.6,71.58,61.69,25395.2,297994,713294.6,68.83,28.26,24630067.2,1812,84911.6,93.43,28.72,65361510.4,354267,1967157.6
2120,68.15,10.66,0,2637.4,173898.8,72.23,61.73,176947.2,307321.4,900601.8,68.82,28.25,10900275.2,2311.2,87654.2,95.4,29.44,102292684.8,78166,2741307.8
2121,67.95,10.66,0,2233.2,173567,76.13,61.78,625049.6,301395.6,716700.2,67.72,28.24,16144793.6,3393.4,88059.8,93.2,29.7,101933875.2,78894.6,2738506.6
2122,69.32,10.66,0,2274.4,179900.8,75.73,61.77,8192,300319.8,700121.6,69.58,28.24,9098035.2,2453.8,87682.2,87.6,29.64,96979353.6,879660,947139.8
2123,68.15,10.66,0,2188,174129.6,71.28,61.76,5734.4,301790.2,716250,68.78,28.2,12799180.8,1881.2,85724.8,86.97,29.64,96310067.2,2770242.8,163036.8
2124,68.18,10.66,0,2144.8,172762.4,71.4,61.79,19660.8,296232,695051.4,68.43,28.17,111411.2,1699.2,82642,93.65,29.21,94430822.4,2649540,160439.2
2125,67.97,10.66,0,2324.2,175210.2,72.23,61.77,27852.8,301130,716456.4,68.38,28.17,26214.4,1725.4,86133.4,86.68,27.36,97240859.72,78620.37,1447061.24
2126,68.97,10.66,0,1940.4,174499.4,71.25,61.76,149913.6,297628.6,699953.4,68.45,28.17,26214.4,1850.8,87583.8,87.33,27.29,100919705.6,77444.6,1452603.6
2127,67.88,10.67,60620.8,2133.6,171957,76.15,61.78,589824,297097.2,711423.6,69.02,28.17,29491.2,1722.6,85901.6,87.22,27.2,102646579.2,78936,1093453.4
2128,68.08,10.65,108134.4,2087.2,171851.4,75.05,61.78,295731.2,294882.8,690870.4,68.02,28.17,29491.2,1711.4,86776.8,87.67,27.2,98793062.4,1345245.4,163301.2
2129,68.92,10.65,6553.6,2410.4,177097,71.58,61.9,8192,301068.2,717013.4,68.17,28.17,26214.4,1744.2,84380.6,87.45,27.21,94751948.8,1369328.2,159090.8
2130,68,10.65,6553.6,2041.2,174426,71.25,61.8,40960,296694,718070.4,69.02,28.17,80281.6,1699.2,83984,82.87,26.37,86829465.6,1365323.8,161266
2131,68.25,10.66,3276.8,2071,169625.8,71.93,61.82,115507.2,305744.2,896602,68.3,28.17,26214.4,1833.2,82055.6,73.35,26.32,819.2,120090,156923.2
2132,69.05,10.64,0,2084,174729.4,76.1,61.83,588185.6,296465,708069.2,68.45,28.17,26214.4,2077.4,87633,73.63,26.32,55705.6,77017.8,156548.4
2133,68.08,10.64,0,2105.8,173173.2,75.08,61.84,39321.6,301445.4,701164,68.88,28.17,26214.4,2572.4,85254.4,73.43,26.33,0,79295.6,157184
2134,68.12,10.64,3276.8,2249,172719.8,72.2,61.83,7372.8,296555.2,709091.2,68.33,28.17,26214.4,1857.4,85874.8,73.83,26.33,7372.8,78957.6,161932.6
2135,68.18,10.65,0,2286,175854.6,71.23,61.86,5734.4,296151.2,693630,69.43,28.17,26214.4,1869.8,82230.8,73.5,26.34,0,77337.2,155518.2
2136,68.15,10.67,0,2218.6,170526,72.83,61.68,18022.4,297512.6,709097.6,68.03,28.18,26214.4,1959,85013.8,73.73,26.34,0,78515,160009.4
2137,69.17,10.66,0,2096.4,174780.4,71.18,61.7,35225.6,296786,692766.6,68.08,28.18,26214.4,1814.2,82271.8,73.45,26.32,36864,77671.6,156379.4
2138,67.85,10.66,0,2096.8,172864.8,76.08,61.69,144998.4,297866.6,710184.6,68.47,28.18,26214.4,1946.4,86070,73.98,26.32,2457.6,76174.2,155294
2139,67.85,10.67,0,1963.2,171339.6,75.22,61.68,587366.4,295410.6,690461.4,68.88,28.18,26214.4,2502.6,87042.4,73.6,26.32,0,81757.4,161725.2
2140,69.13,10.67,0,2174,175366.2,71.27,61.7,9011.2,299729,711223.4,68,28.19,29491.2,2697,88484.2,73.82,26.33,5734.4,81921.2,164493.8
2141,68.27,10.68,0,2514.2,175350.6,71.23,61.68,7372.8,294478.6,687815,68.92,28.19,29491.2,1970.8,83932,73.55,26.33,0,77452.8,156304.6
2142,68.72,10.67,0,2089.2,170187.6,71.35,61.67,18022.4,299571.8,710750.4,68.35,28.19,26214.4,2224,83552.2,73.63,26.33,0,78651,159751.4
2143,68.02,10.66,0,2710.4,174566.8,71.87,61.88,1691648,302733.2,888004,68.32,28.19,26214.4,1865.8,83901.6,73.57,26.32,3276.8,78224,156898.4
2144,68.1,10.66,0,2587.4,172141.6,76.53,61.94,154009.6,299308.6,709890.4,68.95,28.19,29491.2,2344.6,85192.4,73.63,26.32,0,76401.8,155629.6
2145,68.88,10.65,0,2529,171457.6,74.02,62,634060.8,296552.8,692554.8,68.18,28.19,31129.6,2997.2,86956.8,73.4,26.33,0,82238.4,161583.4
2146,68.47,10.64,0,2100.6,174676.4,71.82,61.94,11468.8,298447.6,710557.8,68.92,28.19,31129.6,2195.2,86883.8,73.78,26.34,2457.6,79533.2,162191.8
2147,68.12,10.65,0,2044.6,169889.2,70.95,61.97,6553.6,290617.8,681996.8,68.83,28.19,26214.4,2573.2,86014.2,73.45,26.35,9830.4,82015.6,162033.6
2148,67.83,10.66,0,2120.4,173133,72.93,61.99,17203.2,299149.8,725127.2,68.53,28.19,26214.4,2683.4,84285.2,73.87,26.34,4096,81482.6,163737.8
2149,67.98,10.64,0,2231.6,173844,99.03,67.45,108206489.6,297448,703377,69.33,28.42,140902.4,8869.2,99746.2,73.83,26.33,8192,81328.6,161154.2
2150,69.05,10.65,0,2270,172043.4,100,65.8,108480102.4,298735.8,729904,68.67,28.42,24576,7372.2,89217.2,73.68,26.33,0,79808.6,160425
2151,67.87,10.65,0,2398.4,174396.8,99.98,67.69,107678105.6,293367.2,690117.8,69.17,28.45,47513.6,8237.6,99770.2,73.28,26.33,0,77805.4,156072.8
2152,68.08,10.65,0,2505.8,169060,100,67.9,107569971.2,298996,713614.4,68.9,28.46,29491.2,3126.8,87690.6,73.75,26.34,2457.6,81427,163723.2
2153,69.05,10.66,0,2438,177580,100,68.18,107629772.8,293659.8,684903.8,68.72,28.48,14745.6,7577.8,91746.6,73.75,26.32,819.2,78443,159513.8
2154,67.9,10.67,0,2019.8,168909.8,100,66.58,122252492.8,295706,708824.6,81.92,29.56,350617.6,7637.6,96143.4,73.58,26.31,17203.2,77751.4,156657
2155,68.17,10.65,0,2286.4,173365.4,72.7,62.04,39380582.4,298569.17,713999.2,80.88,30.28,25555763.2,7262.4,91311.2,73.85,26.31,0,75492.2,154155.4
2156,68.7,10.65,0,2149.6,171329.6,100,69.84,146401267.7,294843.34,694540.22,76.57,30.3,18002739.2,2106,84117.4,73.43,26.31,0,78405.2,157203.4
2157,67.93,10.65,0,2064,171530.6,100,69.81,136554086.4,297600,711271,76.52,30.3,3774873.6,1977.8,84653.8,73.67,26.32,10649.6,79025.2,160724.2
2158,68.73,10.65,0,3008,173642.8,99.98,70.06,123836006.4,290729,682625.8,76.28,30.3,3801205.92,2061.98,85393.44,73.42,26.32,0,78327.2,156641.4
2159,69.15,10.66,0,3480.2,169443.8,100,71.3,123632844.8,297532.4,740007.6,76.36,30.29,4615580.63,8351.74,86478.19,73.83,26.33,2457.6,83654.4,163357.8
2160,68.02,10.66,0,2186.2,173392,100,70.63,124130099.2,294697.6,692291,72.32,30.29,2516582.4,3007,85909,73.55,26.32,2457.6,81613.2,161484.6
2161,67.88,10.66,0,1931.4,171311.4,80.2,61.96,120233164.8,295787,718333.2,83.95,35.87,3886284.8,2763.2,86331,73.52,26.31,0,78420.4,157902.6
2162,68.88,10.66,0,2246.6,174352,99.67,71.25,101847859.2,296171.4,695989.4,99.92,34.32,2097152,2529.2,85871,73.55,26.31,0,82360.2,162332.4
2163,68.1,10.65,0,2053.8,171271,100,70.68,125056614.4,298220.2,714755.6,99.88,33.27,4613734.4,1906.2,85319.2,73.75,26.31,819.2,80220.2,162011.6
2164,67.97,10.66,0,2238.2,175393.2,100,71.95,125435904,292768.4,684145.6,99.92,34.14,2726297.6,2910.6,82324.2,73.28,26.32,3276.8,77631.2,156726.6
2165,68.77,10.66,0,3303.8,169835.2,100,70.49,126638489.6,299162,735208.2,99.95,36.66,4477747.2,3254.8,86503.6,73.4,26.32,0,81243.8,161161.6
2166,68.07,10.67,0,2131.2,172176.8,100,69.73,127162777.6,297839,712041.8,86.4,29.29,2523136,3404.4,90459.6,73.83,26.31,2457.6,79880.8,160006.2
2167,67.92,10.66,0,2699.4,176007.2,82.42,62.11,122472857.6,299493,707083.6,83.6,39.28,7248281.6,3327.2,86257.2,73.35,26.32,0,79713.8,158205.2
2168,68.41,10.66,0,2523.26,170244.59,99.15,70.62,100689510.4,299132,717746.2,99.97,42.49,12207750.5,1553.58,86005.8,73.67,26.32,3276.8,79699,163059.8
2169,67.88,10.65,0,2114.4,174452,100,70.74,124672409.6,292057.8,685750.2,99.98,38.32,17808339.34,2384.75,84412.36,73.52,26.33,1638.4,77489.6,156382
2170,68,10.66,0,1881,173365.4,100,69.77,122808729.6,298865.8,712164,99.97,38.6,20884684.8,1632.4,81817.6,73.47,26.32,0,78542.6,160017.6
2171,69.27,10.66,0,2238,175878.2,100,71.67,122100121.6,296621.4,695997.2,99.98,38.67,5873664,2555.4,85572,73.77,26.33,0,81654.8,161645.8
2172,67.6,10.66,0,7159.6,173505.6,100,70.72,126783488,299452,732033.6,100,38.37,2097152,2865,89469.4,73.72,26.32,2457.6,79142.6,159000.2
2173,69.03,10.66,0,2628.8,175333.2,100,71.73,126235443.2,296796.8,698174.2,76.69,29.85,17793869.92,1871.12,86015.41,73.45,26.32,0,78945.6,156200.4
2174,67.92,10.66,0,2176.8,175185.2,75.52,64.35,125588275.2,298284.8,713295.8,85,30.02,19161088,2122.4,84125.2,73.77,26.33,819.2,78553,160091.6
2175,69.48,10.67,0,1967.8,166888.8,89.28,63.12,95201689.6,291505.4,690460.2,85.97,29.31,24177868.8,1768.6,83554.6,73.65,26.33,2457.6,77671.4,156623
2176,67.32,10.67,0,1948.6,175815.4,87.5,63.04,99532800,296675.2,709956.6,88.37,30.92,23299686.4,3003,85945,73.72,26.33,0,79276.4,161083
2177,68.6,10.65,0,1807,170949.2,90.03,62.97,94540595.2,299998.8,890409.6,88.95,30.91,16094003.2,3199.2,88927.4,73.73,26.32,2457.6,79585,159598.2
2178,68.53,10.66,0,2277,175084.8,93.35,63.16,94352998.4,298432.8,713623,85.48,30.92,27184332.8,2357,84844,73.5,26.32,0,79809.4,159135.4
2179,68.48,10.66,0,1708.4,167530.6,94.57,63.19,83572326.4,291916,687884.4,79.03,29.33,24993792,1642.6,84632.8,73.93,26.33,3276.8,77686.2,159245.4
2180,68.17,10.66,42598.4,1964,175398.2,90.13,63.1,102421299.2,295960.8,719662.4,83.12,40.72,18984140.8,1935.4,85065.4,73.52,26.33,0,76882.2,155258.2
2181,68.58,10.66,6553.6,2194.4,173980.8,99.55,72.33,102462259.2,298157.4,716145.2,100,42.55,15355084.8,1669.2,83221.8,73.68,26.34,0,78391.4,160536.2
2182,68.3,10.66,0,2003.2,170107.4,100,69.59,128427622.4,295703.2,693904,99.85,40.79,24322048,2587.2,85552.4,73.75,26.33,0,80551.6,160264.6
2183,68.07,10.67,6553.6,2229,172938.2,100,72.01,126858035.2,298903,716169.8,99.95,37.39,13207142.4,1959.2,84873.6,73.43,26.33,4096,76279,155427.4
2184,68.8,10.66,3276.8,2232.6,174899.2,100,71.43,127013683.2,294790.2,691372.6,99.97,41.51,2934838.86,1986.41,85588.36,73.68,26.33,1638.4,77759.8,156889.8
2185,68.53,10.66,1637.74,2248.9,173465.41,100,71.04,126135500.8,298899.4,716205.8,99.83,42.19,2307790.32,2031.41,85984.39,73.68,26.33,5734.4,79062,160866.6
2186,68.52,10.66,0,2058.62,175152.26,100,72.03,126903091.2,294027.2,689576,85.18,39.26,3774873.6,2165.8,85159.8,73.57,26.34,11468.8,80465,159813.4
2187,67.75,10.67,0,2092.8,169704.6,76.2,62.23,117537996.8,297149.6,714845.2,76.7,33.12,3774873.6,2801.2,84806,73.48,26.34,0,82722.4,165572
2188,68.4,10.67,0,2388.6,174294.6,98.4,71.01,102585958.4,303084.4,893974.4,76.42,31.74,1949385.01,2917.08,89831.17,73.75,26.33,9011.2,80568.4,160532
2189,68.5,10.67,0,2297.8,172053.6,100,70.21,125440000,298996,715583,76.59,31.64,3414563.36,2467.27,84685.49,73.65,26.32,2457.6,79041.4,158930.2
2190,68.28,10.68,9830.4,2470.6,171175.4,100,69.09,127237324.8,295095.2,696993.8,76.93,31.65,3171942.4,1679.2,85677.6,73.52,26.32,2457.6,78263.8,156784.2
2191,68.55,10.67,42598.4,2578.2,176233.2,100,67.2,128733184,300999,717312.2,76.52,31.25,3150643.2,2193.8,83824.8,73.97,26.33,18022.4,76999.8,155873.2
2192,68.55,10.69,3276.8,2191.8,170985.8,100,68.65,127987712,291729.2,684953.4,72.73,31.24,2097152,1866.2,82050,73.65,26.33,0,78480,159795.6
2193,67.48,10.68,0,2263.2,176850.4,100,71.54,127889408,296542,711253.6,82.48,37.86,2516582.4,2528.2,86883.6,73.52,26.31,0,82420.2,163094.2
2194,68.72,10.68,0,2051.8,171447.4,98.48,66.16,107476582.4,299632.6,716315,99.83,37.8,3143841.69,2416.75,85733.36,73.8,26.32,3276.8,76017.2,155741.6
2195,68.82,10.68,0,2382.4,172950.2,100,67.8,99702374.4,293802.4,688273.8,94.2,37.85,5701776.27,2427.46,87116.47,73.67,26.33,0,80872.4,160565
2196,68.9,10.68,0,2086.6,170916,95.65,66.26,111237529.6,298499.6,710944.2,92.98,36.39,4518707.2,1947.4,86060.4,73.85,26.32,36864,78150.6,159729
2197,68.22,10.68,0,2435.2,173750,98.83,66.1,117270937.6,291891.8,685183,92.95,36.89,9756672,1842.6,84252.6,73.62,26.32,4096,77660.2,156581.2
2198,67.97,10.69,0,2165.8,167130.2,99.98,66.53,115698892.8,299037.6,724048.8,93.35,36.46,11631001.6,2031.6,84023,73.5,26.33,7372.8,78794.8,160420.6
2199,68.42,10.68,0,2127.2,177472.4,100,66.37,118575104,301566.8,889814.8,82.88,33.18,3566796.8,2691.4,83405.4,73.75,26.32,0,80870.2,160619.8
2200,68.3,10.69,0,2023.2,172000.6,78.85,61.77,95970918.4,297465,716082.6,82.37,45.3,2478899.2,2807.2,88375.2,73.58,26.32,3276.8,78875.8,158652.6
2201,68.22,10.69,0,1974.6,173893,98.67,66.25,81175347.2,294764.2,694101.8,99.98,43.13,8511488,2474.6,86624,73.52,26.32,0,79549.6,159629
2202,68.83,10.68,42598.4,2037.6,168471,100,67.03,113757388.8,298343.8,712106,99.95,42.11,11516313.6,1749.4,84466.6,73.9,26.33,0,77801,159387.8
2203,68.03,10.69,6553.6,2302.8,177516,100,67.44,119820288,292848,683875.2,99.98,41.38,13697024,2237,83810.4,73.48,26.34,2457.6,77356.6,155989.6
2204,68.11,10.69,0,1997.4,165973.01,100,66.73,122064076.8,297056.2,708899,99.98,43.14,12715622.4,2564.2,83955.6,73.9,26.33,0,80563.6,161989
2205,68.55,10.69,0,2028.41,177323.13,97.87,66.27,120707481.6,294212.2,692926.2,86.69,33.3,10174912.65,2871.28,87827.7,73.75,26.32,819.2,81173.4,160910.4
2206,68.68,10.68,0,2093.2,172008.8,98.72,65.61,98350694.4,297276.6,717801.8,81.99,41.79,3147616.57,1922.55,85040.42,73.87,26.31,3276.8,77854,156986.2
2207,67.78,10.68,3276.8,2111.4,171218,84.7,61.83,98652979.2,294609.6,697631.4,100,43.96,2516582.4,1851.2,85867,73.73,26.31,0,78139.6,159943.6
2208,68,10.69,0,2099.8,174703.4,98.05,70.21,93128294.4,299384.4,718133.8,99.98,43.77,2516582.4,2020.8,83812.2,73.65,26.32,2457.6,77787.8,157121.4
2209,68.53,10.68,0,2136.6,174112.6,100,71.6,112179609.6,293000,700937,99.97,38.32,2936012.8,1984.2,85438,73.78,26.32,0,80066.6,163189.6
2210,68.32,10.69,0,1941.2,169984,100,71.06,110075904,301341.8,889004.4,99.92,42.25,3443916.8,2369.8,86851.8,73.68,26.31,17203.2,85435.2,168650
2211,67.87,10.66,0,2222.8,171897.2,100,71.17,109409075.2,296522.2,709489.4,99.83,41.74,2693529.6,2937.4,93371,73.82,26.3,12288,82839.4,166526.2
2212,68.92,10.67,0,2937.2,175386.2,100,69.55,105434316.8,295905.4,702127.2,87.97,37.42,3774873.6,2548.2,85660.2,73.35,26.31,0,80355.4,161902.8
2213,67.95,10.67,44236.8,2110.4,172168.2,76.28,64.14,102956236.8,299940.4,722277,76.15,39.05,2726297.6,1809.6,88858,73.83,26.32,0,80888.2,164370
2214,68.33,10.67,11468.8,2125.2,174311.8,71.75,61.83,15872819.2,292549.4,692450.4,76.45,39.06,3355443.2,2852.8,87301.2,73.68,26.32,2457.6,83248.2,164489.8
2215,69.65,10.67,3276.8,1900,169556.6,72.08,61.86,25395.2,297974,710441,76.23,39.07,3774873.6,2498.8,88151.4,73.63,26.32,819.2,81319.6,164336
2216,67.75,10.67,0,5461,174439,72.13,62,27852.8,298415.4,727005.4,76.1,39.07,2936012.8,6335,87401.8,73.67,26.31,0,86824,166509.8
2217,68.08,10.67,0,1787.4,171753.4,75.97,62.01,299827.2,297415.8,709853.2,76.38,39.06,2570649.6,4105,87777.4,73.53,26.31,2457.6,77865.4,159089.6
2218,69.07,10.67,3276.8,2289,174851.2,75.2,62.01,13926.4,296833.8,692764.2,76.17,39.06,2306867.2,2025.2,86792.6,73.32,26.32,0,79547.6,159546.2
2219,67.83,10.67,0,2066,172357,71.27,61.98,5734.4,299720.2,716618.2,73.03,39.06,1677721.6,1734.8,85605.8,73.67,26.33,0,79774.4,163089.6
2220,68.12,10.67,0,2347.2,170948,71.25,62.02,199065.6,294095.8,689629.8,68.33,35.71,6389760,1964.2,88220.6,73.5,26.34,3276.8,79652.8,160267
2221,68.9,10.68,0,2048.8,172355.4,71.75,61.99,514457.6,298249.2,710016.8,68.65,32.39,10833100.8,1819.6,84625.4,73.62,26.34,0,79858.6,162707.4
2222,68.08,10.68,0,3335,174343,73.25,62.04,125337.6,304332.8,906369.2,68.35,32.39,13171097.6,2332,86617.4,73.87,26.33,0,86366.6,163376.2
2223,68.63,10.68,0,1814.6,171540.4,75.98,62.02,102400,297774.8,711049,68.27,30.78,3306291.2,2713,87292.2,73.77,26.32,0,80893,162393
2224,67.95,10.68,0,2273.4,173910.4,74.95,61.81,19660.8,295386.6,688122,69.43,30.77,12114329.6,1655,86160.8,73.57,26.33,2457.6,82096.2,163049.6
2225,68.22,10.68,44236.8,1890.4,168788.8,71.7,61.76,397312,299415.8,713889.4,68.2,30.77,5372313.6,2579.2,88607.2,73.82,26.34,0,78764,161096.2
2226,68.7,10.68,11468.8,2278.2,177738,70.97,61.76,19660.8,293389.2,684958.8,68.37,30.79,7906918.4,2530,86139.4,73.58,26.33,819.2,84490.2,167033.4
2227,68.48,10.68,3276.8,1835.8,170163.6,71.28,61.75,158105.6,298206.8,711274.4,69.02,30.77,10684006.4,2922.4,89995.2,73.77,26.33,4096,83930,168609.2
2228,67.72,10.66,0,2399,174549.2,71.72,61.77,13926.4,296965.6,698029.4,68.73,30.76,14093516.8,2736.4,88449.8,73.77,26.33,0,83908.2,166212.4
2229,68.18,10.66,0,1693.8,168401.8,76.02,61.8,5734.4,297978.2,712609,68.2,30.67,14783283.2,2359.6,87038.8,73.87,26.31,0,81087.2,162844.6
2230,68.77,10.65,3276.8,2313.2,177387.4,75.25,61.83,6553.6,296716.2,692157.4,68.65,30.67,8893235.2,2961.6,86699.4,73.57,26.31,2457.6,79223.4,159026.8
2231,68.33,10.65,0,6925,168876,71.78,61.78,641433.6,299883,730101.6,68.85,30.67,6915686.4,2632.6,87353.6,73.55,26.32,0,80532.2,161743.4
2232,68.07,10.66,0,2318.6,177553,71.22,61.68,20480,293553.8,687700.6,68.07,30.68,5976883.2,1926,84594.2,73.52,26.32,3276.8,82953.2,164223.6
2233,67.77,10.67,0,1989.8,170296.2,71.95,61.66,19660.8,300126.4,722268,68.23,30.68,8829337.6,2444.2,87084.8,73.73,26.33,0,79432.6,162399.2
2234,68.83,10.65,0,2384.4,171976.4,72.02,61.8,13926.4,304064.6,891581.8,68.92,30.48,15971123.2,2905,89915.4,73.56,26.32,0,79737.78,160035.26
2235,68.42,10.65,0,1904.8,175055.2,76.22,61.75,182681.6,299627.2,718897,68.58,30.49,22439526.4,2449.8,84719,73.6,26.32,4096,77707.4,155343.6
2236,67.88,10.67,0,2752,175435.2,75.02,61.54,27033.6,296757.6,691580,68.68,30.5,20258816,2081.8,84217.2,74.07,26.34,819.2,79681.8,162750.8
2237,67.95,10.67,40960,2021,170200.2,72.23,61.53,586547.2,301867.2,717871.2,68.98,30.49,13161267.2,2246.4,85872.8,73.67,26.34,0,78381.6,157229.4
2238,69.43,10.68,6553.6,2313,178810,71,61.55,27033.6,299883.6,712183.4,69.03,30.44,13189120,1791.6,83437.6,73.62,26.32,2457.6,78061.6,160191.8
2239,68.15,10.68,0,1926.8,170064.6,71.9,61.5,17203.2,295690.6,692215.8,68.12,30.44,17886412.8,2116.2,85792,73.65,26.33,0,79920.6,160458.4
2240,68.55,10.68,0,2275.4,174858.6,76.12,61.55,154009.6,299161.6,711286.6,69.37,30.45,29004595.2,2569.4,88543.8,73.75,26.32,0,77480.4,157423
2241,68.15,10.68,0,1988.2,172931.2,75.13,61.5,299827.2,297589.6,693243.6,68.95,30.45,12989235.2,2029,84493.8,73.63,26.32,2457.6,79468,159355.4
2242,68.23,10.68,3276.8,2411.8,174964.8,71.17,61.46,589824,299270.2,713583.4,68.65,30.51,17391616,1841.8,86043,73.72,26.33,2457.6,77931.4,158755.2
2243,69.02,10.68,0,2380.2,177392.4,71.28,61.49,22937.6,293989.6,686592.4,68.28,30.5,10087628.8,1906.4,85432.4,73.52,26.34,0,80247.6,161140.8
2244,68,10.69,0,1981.6,169881,72.53,61.54,48332.8,298673.2,713999.6,68.55,30.51,11137843.2,1836.6,83734.6,73.52,26.33,3276.8,76605.6,157182.6
2245,68.03,10.68,0,2501.2,175196.2,72.27,61.58,18022.4,305086.2,903361.6,69.13,30.38,23407820.8,2582,85939,73.85,26.33,0,83601.2,165015.4
2246,68.8,10.68,0,1669,169677.2,76.1,61.57,21299.2,299960.4,715300.6,68.52,30.36,855244.8,2835.6,88642,73.53,26.33,0,78058.6,157197
2247,68.3,10.69,16384,2278.8,175733.6,75.15,61.57,134348.8,296329.2,692022.4,68.23,30.37,29491.2,2610.2,86649.4,73.57,26.33,3276.8,83914.6,165586.4
2248,68.83,10.68,40960,2011,170635.8,71.15,61.58,14745.6,299140.6,713162.2,68.75,30.36,26214.4,1921.8,86363,73.6,26.34,3276.8,76110.8,156857.2
2249,68.17,10.7,3276.8,2255.2,177543,71.65,61.58,623411.2,292847.8,685029,68.55,30.36,26214.4,2060.4,84253.4,73.9,26.35,0,79909,160022.4
2250,67.83,10.68,0,1946.4,167194.6,71.4,61.56,31129.6,297679,710703,68.55,30.36,26214.4,1736.6,83220.8,73.85,26.34,3276.8,75747.4,155927.8
2251,68.55,10.67,0,2293.2,175672.8,71.5,61.52,16384,297234,693423.6,68.27,30.36,26214.4,2477.6,85032.8,73.55,26.33,0,83189,164661.4
2252,68.4,10.68,0,1777,175461.2,76.4,61.55,5734.4,298288,711750,69.03,30.36,99942.4,2888.4,86580.6,73.73,26.33,0,79066.2,158796.6
2253,67.95,10.67,3276.8,2316.4,174262.4,74.13,61.56,24576,296153.4,689033.8,67.98,30.36,29491.2,2830.4,86668,73.55,26.33,3276.8,80968.6,160247.6
2254,67.98,10.67,0,1995.4,168902.8,71.5,61.67,155648,298562.8,713443.2,69.1,30.35,26214.4,2602,87755,73.43,26.33,0,82433.8,165414.4
2255,68.53,10.68,0,2136,177552.6,70.9,61.69,589004.8,292706.2,687058,68.08,30.35,29491.2,2846.6,85955.2,73.63,26.35,0,81722.2,161377
2256,68.27,10.68,0,2396.2,169613.8,71.8,61.72,1707212.8,296674.2,710221.4,68.72,30.36,29491.2,2637.2,85406.4,73.52,26.34,24576,82778.4,165858.8
2257,68.15,10.68,0,2259.6,174071.4,71.12,61.72,18841.6,300364.4,886838,67.95,30.36,26214.4,3048.6,85949.2,73.85,26.33,12288,82081.2,161794.8
2258,67.97,10.68,0,2014.8,171682.6,76.32,61.8,6553.6,296153.8,710658,68.68,30.36,26214.4,2731.6,88151.2,73.4,26.33,9011.2,77925,156739.2
2259,69.02,10.68,0,2082,174905.4,74.47,61.79,6553.6,295062.2,689836,68.75,30.35,26214.4,2276,85018.4,73.5,26.33,2457.6,79752,160490.6
2260,67.78,10.67,40960,2692.8,172870.6,71.7,61.83,22937.6,299921.4,715210.6,68.67,30.36,27852.8,1956.2,84103.6,73.7,26.33,0,75844.6,156482.8
2261,68.23,10.68,6553.6,2118.4,173805.8,70.88,61.86,722534.4,291450.8,682950,68.4,30.36,31129.6,1750.6,83307.8,73.55,26.34,0,79631.2,159894.2
2262,68.85,10.68,0,2078.6,170163.8,71.82,61.7,32768,297036.2,710134.6,69.23,30.36,31129.6,2209.8,82927.2,73.58,26.34,2457.6,77280.2,157430.8
2263,68.28,10.67,0,2354.8,171889.4,70.88,61.59,15564.8,297074.6,692234.4,68.28,30.36,26214.4,2960.2,87990.8,73.98,26.33,0,81673.6,162633.4
2264,68.83,10.67,0,1997,175449.6,76.35,61.71,5734.4,297604.2,708783.8,68.18,30.36,40960,2461.6,86316.4,73.62,26.33,3276.8,77492.8,155746
2265,67.83,10.67,3276.8,2046.8,174630,74.27,61.64,5734.4,296012.6,689069.4,68.37,30.35,29491.2,1893.2,85757.8,73.58,26.33,1638.4,80960.6,161679.8
2266,68.02,10.67,0,2623.6,170165.8,71.12,61.61,7372.8,301043,716485.8,68.43,30.35,26214.4,2353.4,84497.6,73.73,26.34,0,77408.6,159210.2
2267,69.13,10.67,0,2258.4,175301.2,70.8,61.77,635699.2,296401,687183.6,68.2,30.35,26214.4,1766,83309.8,73.75,26.34,0,78281,157408.6
2268,67.92,10.67,0,2051.6,173382,72.2,61.58,206438.4,299582.6,722107.8,68.23,30.35,26214.4,1703.4,82949.2,73.9,26.34,2457.6,77258.4,158821.6
2269,68.03,10.67,0,2110.6,174570.2,71.78,61.66,24576,305633.6,893434.2,68.78,30.35,26214.4,2298.8,85961.4,73.6,26.33,16384,78123,156550.4
2270,68.87,10.67,0,1951,171856,76.55,61.75,6553.6,298185.8,710211.2,68.38,30.35,26214.4,2346.4,84907.4,73.48,26.32,2457.6,78955,157331.8
2271,67.87,10.68,0,2147.2,173947,74.35,61.72,5734.4,295659.4,689774.8,69.38,30.61,52428.8,7595.2,99307,73.92,26.33,0,78467.4,161316.8
2272,68.02,10.67,42598.4,2507,172337.6,71.88,61.72,6553.6,300307.2,712702.2,68.07,30.62,39321.6,2412.4,84716.4,73.35,26.33,0,79981.6,159159.8
2273,68.7,10.68,6553.6,2216.8,174221.2,71.68,61.8,582451.2,293396,685218.6,69.37,30.63,47513.6,7327.2,90656.2,73.9,26.33,10649.6,77210.4,157991.2
2274,68.93,10.69,0,2181.4,169649,71.18,61.67,35225.6,298442.2,709159,68.32,30.67,39321.6,7452,95253.4,73.75,26.33,0,77233.8,156355.8
2275,67.97,10.68,0,2362.8,175055,76.28,61.71,175308.8,300866.8,744544.2,69.7,30.68,29491.2,11085.4,90182,73.75,26.32,0,77322,154041.2
2276,67.92,10.68,0,4517.4,169283.2,74.37,61.72,6553.6,297880.6,691217.4,68.7,30.7,36044.8,9531.8,100680.6,73.45,26.32,0,81188.4,160796.8
2277,68.52,10.68,3276.8,2174,178173.8,71.57,61.69,5734.4,301322.6,717870,68.18,30.71,60620.8,2905.6,87654,73.83,26.32,2457.6,81728.8,164020.4
2278,68.68,10.67,0,2287.8,170022.8,71.1,61.77,579993.6,295349.6,687879.8,68.9,30.72,14745.6,7530.2,90332.8,73.65,26.33,0,77968.4,156970.6
2279,67.7,10.67,0,2032.85,170921.07,72.27,61.84,18841.6,299573.6,712441.4,68.38,30.74,55705.6,1969.2,82407.6,73.53,26.33,3276.8,79106.6,160622.8
2280,68.52,10.66,0,2168.4,175756.6,72.12,61.77,46694.4,304029.4,892943.8,68.35,30.74,36044.8,2580.2,85486.2,73.5,26.32,1638.4,81874.4,162174.6
2281,68.27,10.66,0,2897.6,170973.2,76.07,61.89,254771.2,301378.4,731524.8,68.28,30.74,45875.2,3026.6,88756.4,73.87,26.32,0,83846.2,160082
2282,68.57,10.65,0,1992,178603.2,74.87,61.9,13107.2,296522.6,691474.2,69.48,30.75,27852.8,4554.6,88145.2,73.63,26.32,0,78731.4,157084.8
2283,68.15,10.66,0,2799.4,171360,71.03,61.85,5734.4,302593.6,719141.6,68.25,30.75,37683.2,2812.2,86639,73.93,26.34,2457.6,80322.6,163243
2284,68.62,10.66,0,1935.4,175423.2,70.97,61.88,5734.4,294308.2,688204.2,68.67,30.76,77004.8,3238.2,86605.2,73.25,26.34,0,82397.2,162108
2285,68.27,10.66,0,2230.8,174525.6,71.85,61.75,598835.2,300797.8,714847.8,69.02,30.77,40960,2753.8,85086.6,73.6,26.34,0,80807.6,162148.8
2286,68.05,10.65,0,1988.4,172651.4,70.9,61.78,12288,297485.6,691824.6,68.53,30.77,32768,2156,84054.4,73.73,26.33,3276.8,78551.4,158180
2287,69.05,10.64,0,2192,174053.2,76.6,61.69,33587.2,300198.4,714525.8,68.92,30.78,29491.2,2718.2,88101.8,73.77,26.33,4096,79632.8,159853.6
2288,67.8,10.64,0,2016.2,176462.6,74.95,61.69,165478.4,295812.8,690950.8,68.13,30.78,26214.4,2532.2,84988.6,73.57,26.33,4915.2,80771.2,160471.4
2289,68.05,10.65,0,2325,174447.8,70.98,61.68,20480,302622.2,718664.4,69.4,30.78,26214.4,2299.4,86180.2,73.7,26.35,4096,77707.2,158715
2290,69.18,10.65,0,7082.6,176139.8,70.97,61.69,6553.6,296416.4,707566.8,68.07,30.77,26214.4,3230.8,84326.8,73.5,26.35,819.2,80896,159021.4
2291,68.13,10.65,0,2270.6,171650.6,71.67,61.69,630784,301035.2,714040.6,68.67,30.77,26214.4,2692.6,85281.4,73.93,26.33,0,81680.4,163712.8
2292,68.62,10.65,0,2537.2,179893.8,71.87,61.77,14745.6,305200,893567,68.68,30.77,26214.4,2160.4,82504.8,73.75,26.33,2457.6,78142.4,156704.4
2293,68.45,10.64,0,2289,173760,76.35,61.79,28672,300747.6,715531.6,68.1,30.76,26214.4,2331.6,86932.6,73.57,26.33,20480,74759.8,153067.8
2294,68.22,10.64,0,2351.6,175990,74.93,61.65,12288,298821.4,694190.6,68.42,30.75,29491.2,1983.4,84608.2,73.53,26.33,0,80727.8,160169.6
2295,68.08,10.66,0,2221.6,171334.4,71.2,61.67,555417.6,302084.4,718203,68.55,30.75,26214.4,2481.2,86884.4,73.9,26.33,2457.6,78374.6,159409
2296,68.47,10.66,0,1932,175927.4,70.92,61.67,16384,294993.6,688559.2,68.18,30.76,36044.8,1961.6,83121.8,73.4,26.35,2457.6,77354.8,155747.2
2297,68.3,10.66,0,2097,171977,71.25,61.68,217907.2,302133,717010.4,69.07,30.76,27852.8,2182.4,84431,74,26.34,0,76880.8,157810.4
2298,68.18,10.66,0,1988.4,176442,71.6,61.69,14745.6,296971.2,694506.6,68.37,30.77,26214.4,2707.6,86069.6,73.87,26.33,3276.8,81135.6,160680
2299,67.72,10.66,0,1976.2,177419,75.82,61.71,25395.2,301098.6,716212.4,68.32,30.78,26214.4,2162.6,85165.8,73.9,26.33,0,78504.2,157838.2
2300,68.03,10.66,0,2174.6,172947.8,75.7,61.7,368640,296824.8,692596,68.8,30.77,26214.4,2020.8,84065.8,73.42,26.33,0,78049,156195.4
2301,69.13,10.67,0,2207.6,174142,71.02,61.72,54886.4,302402.6,717807.4,67.98,30.78,26214.4,1806.8,84741.6,73.88,26.33,2457.6,77151,158277.2
2302,68.12,10.68,0,2260,175940.6,71.7,61.75,25395.2,297406,691717.8,68.67,30.78,27852.8,1780.6,81634.6,73.58,26.33,819.2,77772,156236.6
2303,69.15,10.68,0,1992.8,171297.2,73.35,61.7,617676.8,301654.8,764232.8,68.53,30.78,27852.8,2255.4,84474.2,73.7,26.33,0,76892.6,157631.4
2304,67.7,10.68,0,2196.2,176370.6,73.87,61.72,18022.4,306358.8,932652,68.35,30.77,26214.4,2898,89715.6,73.63,26.33,2457.6,81392.2,161474.2
2305,68.03,10.67,0,2027.4,174448.4,77.55,61.76,13926.4,303145.4,738203.6,69.95,31.29,373555.2,8612.6,99944.6,73.8,26.33,0,79186.2,159216.4
2306,69.4,10.67,6553.6,2606.8,179957.8,75.88,61.76,29491.2,298124.2,699927.8,99.97,43.56,6412697.6,1739,3659795.2,73.37,26.33,0,81314.2,161367.4
2307,67.92,10.66,1638.4,2172,170145.6,74.57,61.75,6553.6,303640.2,738594.6,99.92,44.12,16336486.4,7829.4,3925648.2,95.23,29.62,58633420.8,77292.6,158033.8
2308,68.32,10.66,0,2644.6,178914.4,74.75,64.67,216268.8,295485,717536.4,99.9,41.83,26512588.8,1781,3975969,95.15,29.68,97516748.8,77254.8,160222.4
2309,68.88,10.67,0,1946.6,170642.2,100,70.78,124154675.2,294193,690295.8,100,39.96,19359334.4,8721.4,395915.8,94.73,29.69,93673881.6,83390.6,165290.4
2310,67.87,10.66,0,2237.6,174819.2,100,71.05,126309171.2,296814.2,712186.8,99.95,42.54,14403174.4,342433.6,94270.2,94.27,28.77,100365926.4,81180.4,163090
2311,68.68,10.65,0,2119.4,171765.8,100,71.17,129070694.4,295771,694491.4,99.98,40.08,5033164.8,4256068,84500.8,99.13,29.66,100756523,78404.84,159166.53
2312,68.72,10.66,0,2102.6,176083,100,71.06,128643891.2,299226.2,715827.2,75.37,34.06,2306867.2,3795805.8,83862.4,100,29.87,110028164.9,76866.95,160172.47
2313,67.78,10.66,0,2083,171470.2,98.32,69.03,128242483.2,294161,701546,79.03,39.81,2516582.4,2635435.2,85637,78.42,26.37,30110515.2,77834.6,157258.4
2314,69.07,10.67,0,2331,169981.4,75.38,64.09,103114342.4,298552.4,726901.2,99.98,47.44,3040870.4,3768.6,85742.2,85.43,27.35,77750272,76861,159778
2315,67.9,10.66,0,2568.8,177829.4,87,63.84,109000294.4,300852,891250,99.93,47.45,3407872,2887.2,85255.8,78.65,27.26,100852531.2,83864.8,165867.8
2316,68.05,10.66,0,1802.48,171494.2,94.08,62.97,97063731.2,296624.6,708403.8,99.97,42.43,2518220.8,3760.6,89017.6,87.33,27.26,93900800,82104.2,164521.2
2317,69.34,10.66,0,2095.04,174674.87,96.95,62.95,83440435.2,294047.4,690139,100,42.21,5033164.8,2656.8,84516.6,87.3,27.21,104911667.2,78057.8,157747
2318,67.97,10.66,0,2070.6,168893.8,90.08,62.89,94133452.8,298656.4,714063,100,42.83,3104768,1797.6,2378933,87.57,27.22,102248448,79019.2,164210.2
2319,68.15,10.67,0,1950,177651,89.45,63.03,105289318.4,291061,684468,93.7,34.17,6381568,2221.6,3955736.6,87.4,27.24,104450457.6,77482,158860.6
2320,67.88,10.67,0,1840.2,170369.4,89,62.02,113188044.8,297532.8,718801.2,69.45,30.95,5583667.2,2032,1653666.8,76.08,26.4,33613414.4,76919.8,158300.6
2321,68.55,10.67,0,2214.07,172603.84,73.32,64.87,2482176,297729,707020.2,67.93,30.94,8539340.8,1656.6,85466.2,85.27,27.37,77292339.2,77475.4,157722.2
2322,68.38,10.67,0,2235.94,173852.31,100,71.05,118832332.8,300289.6,717161.6,68.15,30.94,9509273.6,1843,83535.4,87.82,27.31,92984115.2,74479,155161.6
2323,68.3,10.67,0,2743,176916,100,66.79,109772800,297828.4,696068.4,68.7,30.93,9006284.8,1721,84098.4,87.48,27.23,99194470.4,77970.2,158623.6
2324,69.02,10.68,0,2337.2,177833,100,70.6,125266329.6,300694.6,717510.2,69.17,30.94,10256384,7790.8,98030.2,87.35,27.23,98736537.6,78075.6,159271.6
2325,67.92,10.69,0,2317.6,172812.8,100,73,112874291.2,294152.2,689836.6,68.67,30.96,13234995.2,1541,84585,87.55,27.22,98473574.4,76896.6,160185.8
2326,68.85,10.71,0,2125.8,171524,100,71.07,103687782.4,298943.8,712492,69.82,30.86,13862502.4,717490,88292.2,76.47,26.38,46510080,80856.4,160951
2327,68.08,10.69,0,2410.4,179103,79.6,62.94,105327001.6,300324.6,733766.4,70.95,30.82,14798028.8,4155645.6,89998,85.32,27.36,75630182.4,80816.6,162390.6
2328,69.32,10.67,0,2185.8,176631,100,71.19,100406067.2,297551.8,699144.6,71.08,30.87,14584118.35,3825673.33,84413.23,78.52,27.26,99585228.8,77901.4,158820
2329,68.07,10.67,0,2150,173326.6,100,68.45,116195328,301189,722573.4,69.69,30.86,17105184.47,2361455.18,85732.89,86.68,27.27,96820428.8,77032.2,160136
2330,68.13,10.68,0,2612,176342.6,100,72.38,125057433.6,294931.8,690517.4,94.7,37.54,22164275.2,3154.6,85319.6,87.42,27.27,102037913.6,77411,158042.8
2331,69.7,10.68,0,1902.6,168917.8,100,70.49,125251584,300708.4,716585.6,99.78,36.09,11748966.4,2415.2,84320,87.4,27.23,102088704,77389.8,160411.4
2332,67.92,10.68,0,2834.4,179657.4,100,72.78,125651353.6,297574,696539.8,99.87,35.77,5375590.4,2614.6,206449.8,87.43,27.21,102095257.6,77420.4,158147.6
2333,67.93,10.67,0,2094.6,173045.2,100,70.04,125160652.8,299907.6,723603.6,97.92,35.37,28106752,1915.6,2671930.6,76.47,26.36,66328985.6,74772.2,153846.6
2334,69.03,10.67,0,4290.4,171484.4,82.62,64.26,105389260.8,296683.6,713564.6,96.1,37.98,11719475.2,2436.2,2649298.8,78.05,27.26,66820505.6,83366.4,164215.8
2335,67.83,10.67,0,2124.2,175490.6,96.63,66.99,106243686.4,298440.4,732208.8,75.35,34.27,5242880,1680541,85399.6,84.63,27.39,93017702.4,85840,169138.6
2336,68.57,10.67,0,2208.2,174637,100,67.22,109695795.2,292987.8,688686.4,70.87,31.11,3838771.2,2549112.2,81745.4,87.78,27.22,96893337.6,78824.4,159608.8
2337,68.33,10.68,0,2162,170741.6,98.5,66.07,109681049.6,299666.6,724617.6,69.87,31.13,3568435.2,2572493.2,85218.8,87.32,27.23,101094195.2,77137.6,160487
2338,68,10.66,0,2007,174421.4,100,67.24,124406988.8,303079.4,891826.6,88.82,37.73,1646592,794033.6,1610275.4,87.33,27.27,98792243.2,80082.8,161739
2339,67.93,10.66,0,2507.6,172766.4,99.98,66.3,126017536,299235.6,711534.4,99.37,37.69,1689190.4,2929.8,2671664.6,76.93,26.38,53749350.4,78062.6,156481.6
2340,69.13,10.66,0,3002.6,171524.6,99.3,62.62,125335961.6,292108,694143,99.5,33.71,11342643.2,2671.6,2659210.4,94.4,33.63,45675315.2,82951.6,163962.2
2341,68.42,10.67,0,2668.6,172368.2,100,65.8,107737088,290634.4,684440.6,99.78,37.05,19306905.6,2950,1137518.2,100,31.84,87407001.6,83203.6,165232.4
2342,68,10.68,0,2013.6,170914.4,99.32,66.73,111479193.6,300448.2,715832.2,99.78,34.94,23856742.4,3312.4,86107.6,100,32.98,87119462.4,83632.2,168027.6
2343,69.12,10.67,0,1970,174956,97.08,69.35,123363328,294784.2,692426,99.93,38.52,9833676.8,2482,84729.6,100,33.7,93376512,78864.8,160135.6
2344,67.78,10.67,0,1916.2,172516,98.7,66.92,122014105.6,297439.2,709760,81.87,34.41,10815078.4,2212.2,84952.8,100,32.91,87796940.8,74883.2,155619
2345,68.57,10.67,0,1885.8,177902.4,100,66.31,125687398.4,294894,691223,68.4,31.17,18305843.2,90243.4,85337.6,100,33.19,96124108.8,78287.6,159353.4
2346,68.57,10.67,0,2263.4,172666.6,99.52,64.89,123665612.8,299279.8,714685,70.55,31.19,17668505.6,2667590,84765.8,80.72,29.61,86242918.4,77703.6,161016.4
2347,67.9,10.67,0,1915.2,174720.4,73.63,63.34,48658022.4,294680.6,708118.6,70.12,31.13,9989324.8,2578807.2,85445.2,84.4,27.37,88397414.4,77816,159015
2348,68.9,10.67,0,7125.6,171201.6,100,68.24,107639603.2,299060.2,732354.4,69.6,31.14,9997516.8,2537802.6,83380,79.57,27.24,86685286.4,78502.4,160681
2349,68.05,10.67,0,2157,175693.2,99,69.75,106496819.2,304569.2,894810,69.6,31.14,17784832,1649754.2,83857.4,88.03,27.28,93702553.6,78575.8,159721.4
2350,69.12,10.68,0,2080.4,173751,98.45,66.57,123951513.6,297951,716032.2,83.33,32.84,4082892.8,1611.4,83299.6,87.52,27.17,101791334.4,75250.6,156306.8
2351,68.18,10.68,0,1909,175202,100,67.25,112522035.2,290074.8,683642.6,78.5,32.87,9425715.2,1683.2,85805.4,87.44,27.27,104034142.7,76947.43,157797.72
2352,68.27,10.69,0,2240.4,170054.4,100,66.64,128236748.8,303032.8,721377.4,76.53,32.58,20486553.6,2374.4,235577.8,87.19,27.21,107464056,77193.52,160726.04
2353,68.57,10.7,0,2287.2,175573.2,99.37,65.84,127414272,293884.2,692072.6,77.7,32.58,2111897.6,2802.6,1375375.8,77.05,26.34,53744435.2,81410.8,162120.8
2354,68.58,10.69,0,2122.4,175031.8,74.78,62.98,49795072,301567.4,724889,77.28,32.57,8980070.4,1698.6,1370361.8,94.07,29.65,65786675.2,77823.2,158705.8
2355,68.1,10.67,0,1891,175967.8,100,71.08,114783027.2,295246.8,694461,72.95,32.59,15627664.27,1869.9,1223940.05,94.63,29.69,97358643.2,74780.4,155666.8
2356,68.77,10.67,0,2534.8,171543,100,70.06,126823628.8,296229.2,690562.8,68.24,32.6,10346926.99,1585.92,83163.63,95.47,28.59,98355609.6,76961.2,157451
2357,67.98,10.67,0,2209.8,179812,100,70.3,128661094.4,302495.8,720036.4,68.65,32.6,6098507.1,1765.66,85532.12,97.13,29.08,97335705.6,76902.4,160201.2
2358,68.5,10.68,0,2002.6,175520.4,100,70.94,127834521.6,294009.2,688894,68.12,32.59,3090022.4,2458.2,84633.4,100,29.64,104955084.8,82203,163621.6
2359,68.3,10.68,0,2285.8,175440.8,99.68,67.26,121793740.8,303470.8,726595,69.37,31.31,4010803.2,1184524.8,83805.6,80,26.37,88502272,81547.4,163679.2
2360,68.2,10.67,0,1839,175889.4,74.08,63.37,118648012.8,302911.4,902067.4,70.37,31.29,3355443.2,1280765.2,85328.4,94.03,33.05,45345996.8,77874.2,158295.2
2361,67.83,10.67,0,2100.6,173139,94.12,63.2,94588928,298232.2,721365.2,69.32,31.3,2097152,1280344.6,85543.4,100,31.27,94456217.6,74513.6,155359
2362,69.42,10.66,0,2066.4,173378.4,97.23,62.39,98340044.8,293708.8,688415,96.6,37.97,2516582.4,85661.6,2249367,100,33.68,92917760,77012.8,156833.6
2363,68.2,10.67,0,2292.4,175221.4,88.25,63.05,104226816,306284.2,726218.6,99.65,34.52,2516582.4,1710.6,2669418.2,100,33.21,96567296,78164,162908.4
2364,68.27,10.67,0,1914.8,179794.4,89.7,63.08,106565632,294338.8,687532.2,99.97,34.82,3348889.6,1742.6,2663167.8,100,33.51,91072102.4,77073.6,157960.8
2365,67.9,10.66,0,2102,168948.6,91.47,62.99,105891430.4,300862.2,718151.6,99.78,33.82,15756492.8,1975,486419,100,33.01,87228416,76799.8,159199.8
2366,68.53,10.66,0,2416.8,176544,91.6,62.01,97121075.2,298134.4,697836,99.68,38.82,13007257.6,2174015.6,87338.6,80.22,29.66,89567232,81672,162224.4
2367,68.35,10.66,0,2154,176865.6,79.95,62.05,48036249.6,314826.2,730261.6,73.38,31.34,2087321.6,2558662.8,86420.6,94.07,28.83,77198950.4,81504.2,163539.6
2368,68.18,10.66,0,2033,172578,100,69.76,107248025.6,624470.4,712992,70.22,31.31,19144704,2564716.6,85975.8,93.92,29.68,88798822.4,79522,161305.8
2369,68.87,10.66,0,2414.2,177233.8,100,67.35,126962892.8,323833.2,718665.4,81.15,36.85,27149926.4,283215.8,1353204.4,86.85,29.71,92015820.8,78875.8,160717.2
2370,68.17,10.67,0,1945.8,171693.2,100,68.74,125282713.6,298928.4,716951.6,99.92,44.57,16778854.4,1666.2,3935613.8,86.47,29.67,92759654.4,78170.4,162601
2371,68.88,10.67,0,2263,174207,100,70.75,124944384,305414.8,905304.6,99.93,44.57,19192217.6,1712,3976456.2,88.17,29.41,89468928,77969.2,159819.4
2372,68.03,10.66,0,2380.2,175325.4,100,67.89,123544371.2,299512.8,722639.8,99.82,43.44,27317043.2,2409.8,2675283,79.52,26.4,85771878.4,75561,155450
2373,68.37,10.67,0,2581,176305,82.13,62.15,120811520,296856.6,703753.8,99.98,43.14,12722176,2067.6,84364.8,73.3,26.37,60620.8,79464.8,158828.6
2374,76.05,12.38,11468.8,2415.8,176700.2,90.48,62.11,26169344,304206.2,734835,99.95,44.32,9648537.6,1785,85708.6,73.8,26.37,0,77377.4,158827.2
2375,80.15,12.43,18189516.8,1914.4,171790.4,80.82,61.64,3525017.6,293959,691708.6,90.35,38.01,11337361.8,177226.7,83705.45,73.47,26.37,3276.8,78523.8,157218.2
2376,76.27,12.44,6265241.6,2791,174745.2,72.07,61.57,384204.8,302316.6,717550.4,70.7,37.97,3362841.45,3702798.76,82370.82,73.83,26.38,0,77282,158244.2
2377,76.43,12.42,3085107.2,1939.6,171678.2,71.12,61.59,22937.6,295203.6,693016.2,70.28,37.96,2516582.4,3855601.4,84770.8,73.58,26.37,0,78451,156856.6
2378,76.3,12.42,3583180.8,2164.2,173128.4,76.73,61.71,5734.4,298649.4,717169.4,76,42.08,3355443.2,2917732.6,443437,73.57,26.37,0,74720.4,153116
2379,76.07,12.42,3381657.6,1944.2,178424.4,74.73,61.68,362905.6,296265,688909.6,99.32,41.55,2516582.4,1947.4,2676630.2,73.3,26.35,24576,77286.6,156061.4
2380,73.92,12.41,29715660.8,2254.4,170891.8,71.42,61.7,163020.8,302552.4,721633.8,99.73,41.41,2097152,1794.4,2650303.2,73.85,26.36,819.2,77144.8,157863.6
2381,73.33,14.09,1526988.8,1987.4,178927.4,71.77,61.75,156467.2,295967,695807.6,89.23,41.49,2516582.4,2259,2301358.8,73.7,26.37,819.2,79309,158139.2
2382,87.58,11.48,33624883.2,2265.4,171741.8,72.45,61.73,331776,301639.2,717921.2,85.95,38.29,2097152,2054871.8,85646.2,73.8,26.36,2457.6,82130,164330.6
2383,87.48,12.39,41943040,1963,175627,71.45,61.74,18022.4,305701.2,897985.4,85.93,38.32,3144089.6,2534434.4,82745,73.65,26.36,16384,78010,156784.6
2384,87.8,12.39,37638963.2,2151.6,173169.4,76.72,61.75,6553.6,301801.4,720203.8,83.7,38.29,2727936,2550680.4,85174.4,73.77,26.35,9011.2,74559.8,152990.4
2385,90.58,12.43,53506867.2,2123.4,176548.4,74.13,61.75,5734.4,291533.8,685143.6,68.33,35.03,2080768,504892.4,85858.2,73.63,26.36,0,78761.8,157793.6
2386,77.9,12.41,19190579.2,2138,170624.8,71.15,61.78,7372.8,308126.2,730242.4,69.02,35.02,9188147.2,1604.8,83893.6,73.43,26.36,819.2,78119.6,159622.8
2387,76.42,12.39,7969177.6,2138.6,179543.4,71.85,61.78,31129.6,294294.6,688159.6,91.03,41.63,10154803.2,2459.8,82916.6,73.47,26.37,4096,78734.2,157936
2388,77.55,16.86,2970419.2,2314.8,168824.4,71.55,61.77,138444.8,301504.2,723826.2,91.97,38.41,11088691.2,1873.2,83207.2,73.68,26.36,1638.4,77014.4,157596.4
2389,99.95,23.91,59962163.2,2054,179167.8,71.2,61.84,636518.4,298319.8,696809.4,84.78,38.42,11750604.8,2067.4,84114.6,73.92,26.35,0,78379.6,156831.8
2390,99.87,23.93,41597337.6,2234.6,173856.4,76.53,61.88,10649.6,300816.4,716170.8,84.43,38.42,4002611.2,2105.6,83742,73.6,26.35,0,74544.2,152921
2391,99.97,23.27,19539558.4,2082.4,175757.8,75.25,61.9,8192,297192.6,695119.4,86.3,38.41,5106892.8,2129,732229.6,73.58,26.35,2457.6,79449,157742.2
2392,99.97,20.23,30592204.8,4393.8,171054.2,71.28,61.87,10649.6,301323,718945.2,75.6,38.41,3984588.8,7263,2641815.4,73.87,26.35,819.2,77248,157754.2
2393,99.98,23.95,7176192,2898.6,175285.4,71.25,61.88,6553.6,295394,721399.8,70.78,38.4,4194304,1967.8,2673987,73.75,26.36,0,80237.6,156193.6
2394,90.95,17.41,38345113.6,2077.4,171204.4,72.6,61.6,181043.2,300523.2,720155.2,71.32,38.4,4404019.2,3014.2,2024882.8,73.75,26.36,2457.6,79049,159978.6
2395,73.25,19,6710886.4,2111,179073.6,72.58,61.63,591462.4,303598.2,895234,69.92,35.16,4823449.6,2354004.6,88209.2,73.55,26.36,819.2,81119,160583.6
2396,88.02,19.01,3404595.2,1832.2,170209,76.83,61.83,162201.6,300663.4,714253.8,71.47,35.18,3145728,2561661.4,84714.2,73.75,26.34,0,78691.2,158162.8
2397,77.62,19.02,13816627.2,2302.8,179310,74.6,61.82,19660.8,298036.4,697626.4,69.6,35.17,4613734.4,2545217.2,85184.6,73.67,26.35,3276.8,77902.2,155992.8
2398,77.12,15.77,72448409.6,2018.2,170409,71.08,61.81,5734.4,301676.8,723102.6,96.23,41.81,6858342.4,218836.2,2221372.2,73.9,26.35,0,81887.4,156896.2
2399,76.13,15.78,3581542.4,3145.4,176427.8,71.17,61.92,5734.4,295951.2,706958.8,99.67,35.53,3938713.6,2280.2,2629923.2,73.65,26.35,2457.6,77032.6,157598.6
2400,76.53,12.56,6081740.8,2678.2,175521.6,72.53,61.84,126976,301410.2,715962.2,99.95,38.41,8355840,1795.2,2663631.6,73.58,26.34,819.2,77803,155779
2401,74.45,12.49,47708569.6,2181,172490.4,71.07,61.7,593920,297977.2,698655.4,99.9,33.88,14086963.2,1923.2,554489.6,73.87,26.33,0,74343.6,152708.8
2402,77.72,16.87,16713318.4,2078.8,173992.4,76.18,61.55,16384,298253.4,691275.6,93.88,38.93,14181990.4,2319.4,83939.8,73.58,26.34,2457.6,79005.4,157584.6
2403,99.95,23.92,32707379.2,2165.4,179473.8,71.27,61.53,36044.8,299453.4,715385.4,93.17,37.89,3134259.2,1776.8,83566.2,73.68,26.35,819.2,76956,157485.4
2404,99.87,23.12,65001881.6,2190.4,171264.4,71.25,61.54,6553.6,294931.6,695201.2,72.33,35.27,7561216,1926,84594.2,73.57,26.35,3276.8,77587,155571
2405,99.98,19.97,20945305.6,2205.6,179833.2,72.37,61.57,17203.2,301214.2,729316.6,68.47,32.73,4481024,1765.4,83201.4,73.48,26.35,4096,77283.2,158251
2406,100,23.89,6714163.2,2100.6,172342.2,72.18,61.55,739737.6,303770,913145.2,68.92,32.73,2518220.8,1918,81920.2,73.65,26.34,1638.4,77823,156630.6
2407,99.68,22,49120870.4,7089.6,177350.6,76.68,61.57,12288,299565.4,718025.4,68.25,32.71,5203558.4,3092,86849.8,73.88,26.34,0,75876.8,152503.2
2408,91.5,23.67,86835.2,2639.4,180639.6,74.67,61.57,8192,294774,699657.2,68.3,32.67,3147366.4,2162.2,82606,73.62,26.34,4096,78607.6,157443.6
2409,99.48,17.42,60538880,2058.2,174744.2,72.1,61.57,16384,304232.2,726722,68.7,32.67,5033164.8,1512.4,84968.4,73.75,26.34,1638.4,76763,157701.4
2410,99.8,16.46,6022758.4,2196.8,176320,72,61.36,24576,294957.6,692381.6,68.72,32.67,3163750.4,2388.8,84477.8,73.58,26.36,0,80681.6,159837.6
2411,99.8,15.05,6014566.4,2121.4,172456.2,71.15,61.38,18022.4,301398.6,716874.6,68.67,32.67,2726297.6,2433.8,83877.2,73.88,26.35,2457.6,78310.6,158808.4
2412,99.77,15.95,6293094.4,2156.2,176073.6,70.95,61.37,792985.6,298036.4,695040.2,68.53,32.67,8537702.4,1952.4,84914.2,73.63,26.35,819.2,77851,156709.8
2413,99.85,18.19,70021939.2,1930.8,170292,77.17,61.37,16384,300088.6,715207.8,68.6,32.68,15386214.4,1685.6,83944.4,73.58,26.34,0,74546.2,153342
2414,93.03,10.76,41349939.2,2116.8,179806.4,75.07,61.35,321126.4,299024.6,704251.6,69.27,32.64,18438553.6,1240237.8,85560.2,73.7,26.35,2457.6,79788.8,158810.2
2415,73.78,12.45,6083379.2,2128,174519.2,71.3,61.35,41779.2,302304.2,720278.2,69.35,32.64,11614617.6,2556634.6,87063.8,73.85,26.35,819.2,81703,163693.4
2416,86.68,12.45,18636800,2175.4,176422.4,72.13,61.49,41779.2,295137.8,689725.2,70.45,32.6,15982592,2541602.2,84935.8,73.47,26.35,0,78842.2,157650.4
2417,87,11.49,61613670.4,2178.8,172205.4,71.8,61.49,40960,301268.8,716860.8,69.68,32.6,9433907.2,2561999.6,83002.2,73.57,26.36,2457.6,77244.2,157922
2418,87.73,12.46,6601113.6,2582,177811.4,71.5,61.5,587366.4,305928.8,900622.2,69.78,32.58,15361638.4,2544555.6,83378.6,73.75,26.35,819.2,77431.2,156108.4
2419,89.18,12.46,5506662.4,2438.6,177124.2,76.72,61.5,99942.4,305554.8,728009,71.47,32.51,11586764.8,2102683.8,85920.4,73.58,26.34,3276.8,74908.2,153628.4
2420,86.38,12.46,6678118.4,2672.6,175754.6,75.15,61.52,13107.2,301685.8,702737.8,68.07,32.51,9871360,1993.6,83613.6,73.53,26.35,3276.8,77153.6,154760
2421,81.13,10.83,8301772.8,2172.6,179065.8,71.38,61.5,7372.8,304275.4,724579.8,69.17,32.49,15592652.8,1722.8,84159,73.5,26.35,8192,77996.8,160393
2422,76.4,16.38,30934630.4,2106.6,173680.6,71.32,61.63,94208,295627,689454,68.37,32.5,15389491.2,2217.2,83654.8,73.65,26.36,40960,77372.6,155860.6
2423,99.97,24.02,29448601.6,2261.2,177485.4,71.95,61.71,24576,303061.2,717966.4,69.4,32.52,24413798.4,1924.6,84528.2,73.6,26.36,0,76975,157986.6
2424,99.92,24.03,12605849.6,2659.6,178517,71.15,61.69,613580.8,300236.2,698929.4,68.45,32.52,18328780.8,2417.6,84211.6,73.78,26.36,6553.6,80086.6,159492
2425,99.97,19,40160460.8,2034.8,171360.8,75.87,61.69,11468.8,302374.6,723060.2,68.72,32.47,15761408,2963,88297.4,73.8,26.36,0,79024.6,158068.6
2426,100,18.19,6314393.6,2195,177216.4,75.03,61.67,9011.2,298151.6,693805.6,68.47,32.47,16364339.2,2612,85982.4,73.63,26.35,2457.6,81383.2,160805.4
2427,100,23.23,6502809.6,2086.4,175417.4,71.53,61.65,5734.4,302680.2,719035.4,69.85,32.35,18142003.2,2710.2,85703.2,73.65,26.36,819.2,81136.2,162938
2428,92.85,14.16,48000204.8,2165.8,177808.4,71.3,61.7,5734.4,298510.6,706933.6,68.5,32.36,13765836.8,2766.2,84997.4,73.53,26.36,1638.4,81149.8,159962.2
2429,75.42,12.46,52312473.6,2173.4,176820.4,71.97,61.69,141721.6,302266.8,723586.6,68.5,32.38,18122342.4,2652.6,84960.6,73.9,26.36,3276.8,81209.2,162949.4
2430,87.23,12.45,30415257.6,2480.2,178290.2,72.27,61.76,27852.8,307362,898107.8,69.6,32.21,15862988.8,3453,88584.2,73.82,26.35,2457.6,81191,160673.6
2431,85.88,12.43,49761484.8,2154.6,175772.4,76.3,61.77,636518.4,303896.8,728886.4,68.42,32.2,1603031.78,2583.25,86448.33,73.57,26.35,0,78616.4,157585
2432,76.57,12.43,6506086.4,2482.8,174924.2,75.08,61.62,12288,300778.6,698375.8,68.68,32.21,34427.06,1795.28,85234.94,73.5,26.35,0,78903,159105.4
2433,77.05,12.47,60953395.2,2258.4,179607.4,71.22,61.61,21299.2,304313.6,720785,69.27,32.21,26214.4,1900.2,83359.2,73.77,26.37,2457.6,77894.4,157225.2
2434,76.38,12.48,40773222.4,2207.2,178180.6,71.27,61.64,90112,297661.8,695737.8,68.4,32.21,26214.4,1925.8,83086,73.43,26.37,0,78032.6,156269.4
2435,74.47,12.46,26873036.8,2147.8,173375.8,71.45,61.71,17203.2,302369.6,721747.4,68.78,32.21,26214.4,2491.4,83618.6,73.68,26.37,2457.6,78416,159795
2436,76.27,18.64,58982.4,2153.4,174354,71.98,62.11,140902.4,299487.8,709625.8,68.53,32.21,108134.4,2894.2,89080.6,73.83,26.36,0,78840.8,158365.6
2437,99.88,19.06,24792268.8,2179.4,175371.6,76.57,61.98,595558.4,303061.8,722073.4,68.37,32.21,26214.4,2313.6,84138.6,73.58,26.36,2457.6,78276.8,157147.4
2438,99.85,17.38,24289280,2232.6,176149.6,75.52,61.98,42598.4,297282.6,693113.4,68.45,32.22,26214.4,1890.8,85121.2,73.73,26.37,819.2,77170.8,157432.2
2439,99.9,16.42,60620.8,2107.2,174112.4,70.95,61.93,6553.6,302007.6,718185.6,68.48,32.22,31129.6,2067,83854.6,73.58,26.36,0,78557,157252.8
2440,95.8,17.38,4669440,2299.8,180537.4,70.82,62.02,5734.4,295947.8,733123,68.13,32.22,31129.6,1892.4,82564.4,73.47,26.35,4096,76696.2,156881.4
2441,93.38,17.88,58328678.4,2183,172793.6,71.82,61.98,13107.2,305660.4,895145.8,69.18,32.22,29491.2,2285.4,84067,73.82,26.35,16384,80785.4,159755.8
2442,88.23,14.15,5872025.6,2131.4,177411.4,76.73,61.99,737280,302154,721447.6,68.34,32.23,29449.97,2734.57,85516.28,73.63,26.34,0,78501.4,157543.4
2443,69.05,10.77,21692416,2001.8,175141,74.45,61.95,28672,300149.8,700102.6,69.06,32.23,29532.55,2786.3,86890.65,73.48,26.34,0,80561.2,160444.4
2444,69.12,10.73,67357900.8,2750,177847.6,73.77,61.65,25395.2,302448.2,719834.6,68.53,32.24,29491.2,1614.8,85432.6,73.93,26.36,2457.6,76776,157758
2445,68.12,10.73,6098124.8,2421.2,174620.8,71.12,61.65,298188.8,294312.8,688503.4,68.8,32.24,26214.4,1887.4,81698.6,73.77,26.37,0,77831.6,155603.2
2446,68.92,10.74,6764953.6,2104.4,171804.2,71.63,61.64,22118.4,301789.4,717294.4,68.38,32.25,26214.4,2631.4,85455,73.73,26.36,9011.2,80951.8,162183.8
2447,69.22,10.74,5041356.8,2496,176914.2,72.7,61.68,1956249.6,300363.6,695878,68.27,32.25,26214.4,3106.4,85796.8,73.7,26.36,2457.6,81520.8,161385.2
2448,68.15,10.7,31789875.2,2361.6,171786,77.03,61.71,12288,304701.2,723918,68.37,32.25,29491.2,3289.2,87561.6,73.77,26.36,0,78979.8,157947.4
2449,69.05,10.71,6578176,2056.8,179465.8,76.22,61.78,131072,301633.8,702770,70.2,32.45,60620.8,5112.8,91693.6,73.37,26.35,0,81321.2,160557.4
2450,68.88,10.71,48868556.8,2344.6,171461.6,73.03,61.79,113049.6,304236,742688,68.62,32.49,63897.6,6186.6,94681.4,74,26.35,3276.8,81268.8,162513.8
2451,67.93,10.71,6278348.8,2052,176678.8,72.52,61.83,677478.4,298081.6,716077.2,68.3,32.49,18022.4,7940.6,89481.8,73.62,26.36,6553.6,77694.4,155800.4
2452,69.15,10.72,5562368,4561.4,175517.6,72.85,61.88,31129.6,303619.2,777858,69.77,32.54,85196.8,12996,96167.2,73.7,26.36,4096,79472,157499.6
2453,69.68,10.7,63599411.2,2381.4,173481,74.32,61.91,448102.4,305364.2,921743.2,68.65,32.54,26214.4,2230.6,84899.8,73.42,26.35,4096,79560,158882.8
2454,68.92,10.71,6502809.6,2060,174177.4,79.8,62.02,45056,305431,793554.2,68.87,32.54,11468.8,8189.8,95948.4,73.88,26.35,0,76593.6,155366.2
2455,68.57,10.71,5932646.4,2690.4,177237.8,76.5,62.02,236748.8,302117.8,721264,68.68,32.6,31129.6,7689.4,93800.6,73.5,26.35,0,79258.4,158082
2456,68.22,10.71,6240665.6,2439.4,174089.2,72.55,61.94,65536,302287.4,723295.8,68.83,32.62,31129.6,8116,91083.6,83.5,32.75,6279987.2,81928.2,1392218
2457,69.22,10.67,30092492.8,2070.4,178461.8,72.28,61.94,601292.8,293355.8,709065,68.77,32.62,44236.8,3005,86594.2,100,31.39,86916300.8,79625.4,4030689
2458,69.15,10.62,48008396.8,3279.8,168212.6,71.63,61.88,125337.6,299880.4,735489,69.38,32.62,119603.2,2905.2,82910.6,100,32.94,92950528,81029.2,4011075
2459,68.32,10.62,22256025.6,2009.8,178554,72.9,61.93,19660.8,299004.8,738565.6,79.35,38.07,791347.2,1742.4,82767.8,100,32.64,95168921.6,92389.6,2810167
2460,69.07,10.49,5681971.2,2268.8,169937.8,77.53,61.84,6553.6,300163,722268.4,99.9,37.22,28293529.6,2491,86479,100,34.58,91430092.8,2559749.2,154821.6
2461,68.78,10.51,5740953.6,2192.8,175059,75.5,61.87,5734.4,296551.6,694682.4,93.27,36.71,2657484.8,2825.8,85020.4,100,33.32,86899916.8,4020352,157434.6
2462,94.58,22.66,7053312,2557.8,176194.4,72.22,61.82,5734.4,300855.8,722903.6,93.2,39.69,3984588.8,1846,84377.4,90.88,29.7,84126105.6,4032250.4,158483.6
2463,99.92,23.82,15708979.2,2136.2,174998,72,61.87,579993.6,292545.8,696194.2,92.8,38.41,3774873.6,1815,83266,79.97,27.32,80016998.4,347523,1195542.6
2464,99.85,21.73,6199705.6,2269,166606.8,71.65,61.86,22937.6,298132.2,718037,86.23,36.09,3355443.2,1767.8,83360.8,77.58,27.36,83816448,76808.2,1448801
2465,100,18.84,3394764.8,2083,177868.6,72.15,61.87,178585.6,301681.6,896299.2,78.73,39.75,3226009.6,1659,85920.4,78.43,27.26,80098099.2,77970.2,1445424
2466,99.98,23.39,5663948.8,8442.6,174093.6,76.7,61.87,13107.2,302461.6,723076.4,99.98,46.4,2516582.4,4381.8,84379.8,80.6,27.28,88538316.8,570098.8,410252.8
2467,99.85,20.69,53388902.4,2558.6,172212.6,74.65,61.87,396492.8,299891.2,715252.2,99.95,45.45,3145728,1807.6,86055.6,83.05,27.28,99749888,1410960.2,159284.2
2468,74,16,5609881.6,2268.2,176049.2,72.18,61.97,9830.4,299818.2,719351,100,43.41,2793472,2250.8,84774.8,79.92,27.29,92917760,1370581.4,162120.8
2469,94.18,22.59,6920601.6,2019.8,171509.6,71.4,62.01,7372.8,292978.2,699823,99.93,43.76,2097152,2839,84909.4,87.65,29.72,66242150.4,753215.2,1181121.2
2470,99.88,18.79,6501171.2,2182.6,170373.2,71.48,61.98,18841.6,299752.8,713661.6,99.97,43.59,3303014.4,1799.2,82978.8,100,29.88,89264947.2,79395.8,2731689.6
2471,95.75,17.31,59136409.6,2556.6,178979.6,71.18,61.99,22937.6,297804.6,694869.8,90.02,36.59,6999244.8,2180.4,85039.4,89.03,29.72,83378995.2,105861.2,1729403.2
2472,87.98,17.3,62396825.6,2126.8,173445.6,77.33,62.05,208076.8,301089.4,721722.2,73.93,35.54,16603545.6,1862.4,85206.2,87.65,29.68,91464499.2,2661910.2,158314.4
2473,84.35,17.3,1563033.6,2026.4,172156.2,74.7,62.03,259686.4,296315.6,698785.8,85.13,34.29,5680332.8,1499.4,85361.4,86,29.69,91464499.2,2657958.8,160190.8
2474,85.72,17.27,37883084.8,2291.2,176667.8,70.92,62.01,626688,301226.8,715984.4,79.92,35.5,2936012.8,2292,84297.8,82.68,29.66,92334489.6,2660658.8,160854.4
2475,71.6,17.24,3909222.4,2045.8,172091.6,71.38,62.05,24576,303465.6,730110.4,76.8,35.5,3401318.4,3195.2,84258.4,97.48,33.94,86413312,196174.4,3474230.4
2476,93.78,23.7,49378099.2,2208.4,175628.8,71.87,62.02,13926.4,304088.2,895794.8,76.53,35.5,3568435.2,3161.4,87002,100,33.48,86003712,80177.8,4033082.2
2477,99.98,23.9,23519232,1992.8,175087.8,76.67,62.03,5734.4,299583.4,716785.6,76.5,35.49,2306867.2,1565.6,84257.6,100,33.25,85302476.8,74801.6,4008254.8
2478,99.93,16.65,28740812.8,2046.2,173827.8,74.78,61.83,53248,298544.8,698743,73.6,35.47,3774873.6,1768.4,84974.4,100,33.04,92295987.2,1234668.2,728680.4
2479,100,19.56,1351680,2756.6,175690.6,72.85,61.83,715161.6,300164.2,719424.4,78.52,42.13,2678784,1541,84080.4,100,33.44,84906803.2,4072564.2,160151.4
2480,99.97,23.51,54357196.8,2247,169043.4,71.98,61.88,13107.2,292956.6,685497.2,99.7,38.36,3411148.8,2273,84489.8,100,34.01,90536345.6,3938967.4,162334.8
2481,75.02,17.38,5275648,2216.2,168402.8,71.77,61.85,67993.6,300242,721166.4,99.95,39.72,4138598.4,2140.8,83891,87.98,36.68,83066060.8,2318880.2,1527501
2482,93.42,30.51,3589734.4,2061.8,175651.4,71.33,61.85,17203.2,297130,697143.6,99.75,39.43,3145728,1761.4,85837,100,31.87,84484915.2,78167,4052395.6
2483,99.93,24.08,54342451.2,2062,173467,76.8,61.66,9011.2,301424.2,721509.2,99.85,38.64,2516582.4,1739,85961.8,100,34.56,88551424,74611.8,4001424
2484,99.97,15.66,28606464,2116.6,178373.6,75.32,61.76,633241.6,295769.6,694549.8,99.92,38.54,4764467.2,1776,83663.2,100,32.73,88537497.6,103403.6,2654899.6
2485,99.97,22.39,18604032,2310.2,168850.6,71.25,61.68,27852.8,300604.8,722491.2,91.52,33.89,10028646.4,1620.8,85646.4,100,33.26,84708556.8,3262428,159946.4
2486,99.98,20.3,35364864,2209.6,177789.6,70.98,61.71,16384,295089,693736.4,73.42,35.58,13506969.6,1946.6,83810.2,100,33.03,85747302.4,3982860,158412.8
2487,99.98,23,34983116.8,2076.2,167684.6,71.1,61.75,2532966.4,299803.8,712406.8,78.73,35.61,13051494.4,1742,82941.4,90,29.73,86869606.4,4106941,158407
2488,76.2,10.87,38112460.8,2205.8,179486.4,72.05,61.72,17203.2,304728,907618.8,76.82,35.62,4613734.4,2103.6,82645.6,97.3,35.6,79966208,266991.6,3398970.8
2489,93.28,23.98,6247219.2,2670,173612.2,77.32,61.81,5734.4,299921.2,719178,76.7,35.62,5242880,1613.6,85870.6,100,32.33,89181388.8,74863.2,4046918.2
2490,99.82,24.02,67397222.4,2479,175873.2,74.98,61.81,15564.8,299543,698888.4,76.28,35.61,3126067.2,2292.4,85469.2,100,34,86174924.8,78006.4,4013353.8
2491,99.93,18.82,30130176,2144.8,173228.4,71.33,61.8,767590.4,301125,717889.8,76.57,35.62,3145728,1509.8,85151.2,100,33.21,84654489.6,1041469.2,778182.2
2492,99.93,21,10847846.4,2099.8,172307.8,71.28,61.81,22118.4,294785.6,689050.2,74.05,35.58,4194304,2081,82653.8,100,33.01,87461888,4271743,159425.2
2493,99.88,22.56,71014809.6,1952.2,174636.8,71.52,61.82,22937.6,300473.4,716639.2,77.88,41.85,2516582.4,1825.2,84917,100,33.58,88430182.4,4036313.8,160371.4
2494,99.93,21.5,33090764.8,2120.6,172652.2,71.22,61.85,13107.2,298127.4,702483.2,99.67,35.85,6832128,2156,83930.4,86.12,36.23,75119820.8,2137938.8,1034945.6
2495,75.55,17.45,6625689.6,2143.6,172250.2,76.8,62.06,11468.8,299471,719642.2,95.08,39.74,2306867.2,3456.4,89206.8,88.6,29.79,78377779.2,82464.2,2747140.2
2496,92.83,23.96,4251648,2352.4,175822.2,75.17,62.05,21299.2,296515.2,704327,92.7,40.26,10915020.8,3134.4,85975.4,86.02,29.76,82413977.6,80704.6,2741246.6
2497,99.9,19.42,2088960,2713.2,175983.4,71.9,61.78,627507.2,301249.8,721829,84.53,40.32,9986048,2482.6,86227,88.03,29.7,88190976,96483.4,1860172
2498,95.98,21.36,1589248,2307.4,172697,71.6,61.66,185958.4,295604,690176.6,80.33,40.31,2726297.6,1683,82448.6,87,29.75,87146496,2531536.4,160048.2
2499,91.35,23.96,58982.4,2089.8,171705.8,71.42,61.7,40140.8,300690.8,717063.2,73.43,36.12,7839744,2026.8,84328.4,87.15,29.76,90089881.6,2669773.8,161091.6
2500,85.13,20.71,33690419.2,2268,178590,71.82,61.81,18841.6,306262.2,899059.8,85.4,34.59,2215116.8,3079.8,89133.6,82.1,29.68,81377689.6,2648825.4,160172.2
2501,86.02,17.42,69381324.8,1993.8,172114.2,76.67,61.82,8192,299147.2,721930.2,84.98,36.08,4404019.2,3468.8,84614.4,97.58,29.87,87257088,89926.8,2495900.6
2502,72.55,17.4,29894246.4,2728.2,175780.4,74.7,61.82,15564.8,299734,696859.2,88.48,36.07,4507238.4,3589,90039.6,88.97,29.72,88941363.2,84346.2,2734749
2503,81.87,12.56,13862502.4,2127.4,172628.8,71.32,61.82,693862.4,299693.8,714645.6,88.62,35.8,4112384,3384.4,85364,86.58,29.81,89803980.8,84472.8,2751959.2
2504,89.03,12.52,42981785.6,2300,175768.4,72.12,61.63,11468.8,294561.2,688326,85.77,36.01,2246246.4,1894,85129.4,87.52,29.71,87143219.2,1318019.6,415082
2505,87.17,12.52,6291456,2055.2,171652.8,71.53,61.65,31129.6,300874,718101,80.67,34.34,2306867.2,1596,81726.4,87.12,29.74,89708953.6,2654413.8,160035.4
2506,88.8,12.5,4628480,2253.2,177749.4,71.27,61.65,13107.2,300221.8,699678.6,77.27,40.97,7625113.6,1912.8,87406.6,87.13,29.68,89757286.4,2655183.6,158305.2
2507,87.13,12.48,6671564.8,2304.6,174010.8,77.57,61.71,430899.2,303209.6,724302.4,99.98,47.55,14591590.4,1613.8,83217.6,88.9,34.72,92994764.8,77491.8,4007469
2508,85.7,12.48,27969126.4,2133.4,175035.6,74.88,61.75,28672,297541.8,694462.6,99.95,45.06,19197132.8,1727.8,85739.2,100,32.86,83544473.6,77134.6,4031419.6
2509,72.33,10.85,5909708.8,2264.2,170635,71.45,61.72,17203.2,301529.8,719880,100,41.68,14432665.6,2039.4,82422.4,100,32.99,82581913.6,163923.4,2226228.6
2510,84.35,12.53,34406400,2301.4,175247.2,71.97,61.78,170393.6,296033.4,695509.2,99.98,45.4,15727001.6,1824.8,84496.2,100,32.48,82518835.2,3697571.2,159335.2
2511,86.75,12.09,62555750.4,2001.8,170927.6,71.5,61.79,310476.8,300746.8,723102.2,99.87,47.31,9402777.6,3128.6,81916.6,100,33,84315340.8,3897816.6,158750.4
2512,85.72,12.52,13157990.4,4594.6,178758.4,72.77,61.85,173670.4,304117.8,911575.4,90.9,44.28,11545804.8,6108.6,88359.4,87.28,32.93,79958835.2,3784801.8,155811.6
2513,88.73,12.51,5152768,2134,177595,75.45,61.83,299827.2,300252,707364.8,77.02,47.64,14893056,2070.6,84220,91.22,31.37,68244275.2,81179.4,2545486.4
2514,87.67,12.49,6710886.4,2526.8,173432.4,72.27,61.8,13107.2,302633.8,722314.2,99.83,35.43,2940928,3934.8,87317.6,86.2,29.7,79503360,82773,2747763
2515,85.97,12.49,56631296,2496.8,173934.6,71.58,61.84,18022.4,295210.8,696090,93.97,39.51,6402867.2,1734.2,84780.6,87.63,29.71,87284121.6,76938,2735433.4
2516,72.93,10.76,13872332.8,2298.8,173011.2,72.92,61.48,446464,300233.6,722002.4,93.4,41.45,4197580.8,1770.4,81505.8,87.2,29.71,82712166.4,1435663.6,351751.8
2517,92.37,22.56,30677401.6,2121,175493.6,71.17,61.51,22937.6,298104.8,712129,93.28,41.86,2516582.4,2621,83148.2,86.62,29.7,84523417.6,2656717,158713.6
2518,99.97,17.74,19333120,1999.6,173588.2,76.6,61.49,5734.4,300287.4,715166,93.35,41.44,4194304,1840.4,87005.2,86.9,29.72,85194342.4,2656654.6,155016.4
2519,99.97,17.96,45712998.4,2111.2,176025.6,75.15,61.5,6553.6,299421.2,703787.4,87.57,38.15,2306867.2,1804.8,82288,75.32,26.4,61374464,1172351,160351.8
2520,99.88,23.89,43048960,2214.4,174540,71.43,61.49,5734.4,302991,728367.4,76.87,41.54,4615372.8,2877.8,89340.6,73.35,26.39,819.2,81171.4,162878.4
2521,68.38,10.78,6139084.8,2155.8,179175.8,70.92,61.63,5734.4,294545.6,684814.4,68.83,35.41,23289856,2459.6,84612.2,73.52,26.37,7372.8,79298.2,157880.8
2522,68.5,10.78,29530521.6,1968.2,167202.8,72.22,61.81,593920,300946.6,728867.8,68.72,35.33,25300172.8,1990.2,83592.4,73.9,26.37,51609.6,76674.4,157218.2
2523,69.23,10.75,40288256,2131.8,174852.4,75.97,61.97,146636.8,303620.2,919288,68.48,35.32,27556249.6,1585.2,82979.8,73.78,26.37,0,77323,156091.4
2524,68.48,10.78,6263603.2,2055,176239.4,77.05,62.04,76185.6,299242,726175.8,69.27,35.31,19447808,1905.2,85438.2,73.68,26.37,819.2,74865.8,153556.8
2525,68.78,10.74,36108697.6,2046,174893.2,75.28,62.03,13107.2,295511.4,693588.6,68.35,35.32,1995571.2,1776.2,82405.8,73.7,26.37,2457.6,79648.6,159457
2526,69.77,10.61,42985062.4,2496.6,173871.2,74.48,61.56,36044.8,306136.6,751028.6,68.15,35.3,12111766.26,1841.1,83587.95,73.87,26.37,0,80998.8,163083
2527,68.35,10.55,17380147.2,2115.6,172516.2,71.88,61.62,5734.4,295260.4,705249.6,69.62,35.22,19893452.8,2030.2,83353.2,73.48,26.38,2457.6,77395.6,156050
2528,68.03,10.56,49152,2310.4,171092.4,73.58,61.72,602931.2,304379.6,760317.2,68.43,35.18,25817907.2,1756.4,83093,73.75,26.38,12288,76530,156906.4
2529,68.87,10.57,0,2596.8,175885.2,72.02,61.74,16384,303912.4,899411.8,68.82,35.14,19868876.8,2301.2,85674.8,79.7,27.36,36650188.8,76769.2,620804.8
2530,68.25,10.57,0,2166.6,173265.8,77.03,61.78,170393.6,299165.4,720292,68.22,35.13,86835.2,1818.6,82946.8,79.7,27.32,93091430.4,74018.8,1439955.8
2531,69.13,10.58,0,2201.8,175272,74.53,61.75,47513.6,292606.2,686808.8,68.65,35.13,31129.6,1713.6,84166,82.63,27.26,97542963.2,77325.8,1446708
2532,68.23,10.58,0,2347.2,176654.8,73.07,61.33,62259.2,305294.4,728576.8,68.27,35.12,26214.4,1575.8,84565.4,83.02,27.23,82647449.6,109214.2,988332.2
2533,67.82,10.58,0,1980.8,175291.6,71.1,61.34,11468.8,293512,685998,68.87,35.13,150732.8,1705.2,82780.8,87.48,27.26,93973708.8,1409270,157251.2
2534,68.13,10.59,47513.6,2163.8,168217,71.48,61.45,27033.6,300951,715820.6,68.45,35.13,27852.8,1822,83220,87.42,27.31,93439590.4,1368751,159426
2535,68.55,10.58,0,2134.8,178467,71.93,61.54,593920,297250.2,704260,68.08,35.13,113049.6,3502.2,88461.4,100,29.79,80819410.47,81824.14,2651595.35
2536,68.33,10.58,0,2210.9,172235.87,76.13,61.59,18841.6,299241.4,711927.8,69.3,35.13,26214.4,2995.4,85615.6,99.62,29.79,84003225.6,80831.4,2729337.6
2537,68.21,10.59,6562.79,2044.06,174966.55,75.72,61.49,17203.2,295907.6,691891.2,67.97,35.13,50790.4,1562.2,85275,95.15,29.93,88459673.6,76854.4,2737199.4
2538,68.18,10.59,1638.4,2521.6,170716.6,71.37,61.48,17203.2,302318.4,718999,68.37,35.13,26214.4,1858.8,82478.2,94.37,29.71,93850828.8,1642975.2,267358.4
2539,68.3,10.59,0,2057.4,174812.2,71.03,61.73,139264,294380.8,686599.4,69.15,35.14,26214.4,1650.4,85000.2,95.17,29.69,93494476.8,2650301.6,160898.2
2540,68.33,10.59,0,2198.6,174474.4,71.13,61.55,625049.6,303301,888640.8,68.08,35.14,26214.4,1871.6,83035.2,96.02,30.09,93868851.2,2658907.4,162967.4
2541,67.77,10.58,0,2009.2,172443.6,76.22,61.6,36044.8,301652.8,718564.6,68.47,35.14,26214.4,3232.2,90110.6,79.58,27.3,83704217.6,1034861,805191.8
2542,68.22,10.58,0,2256.2,173280.2,75.27,61.65,120422.4,295556.6,691439.4,68.83,35.14,31129.6,3302.2,86942.8,78.35,27.3,79167488,81843,1455317
2543,69.25,10.57,0,2783.2,179056.6,71.52,61.62,6553.6,306076,728086,68.37,35.14,34406.4,2215.6,86526.2,86.4,27.6,90383155.2,78231.2,1451326
2544,68.33,10.59,19660.8,2326.4,170435.8,71.17,61.71,49152,293496.8,685690.6,69.57,35.15,40960,1749.8,83771.4,88.03,27.27,88127897.6,347665.2,803989.8
2545,68.4,10.59,16384,2355,173841.8,73,61.79,29491.2,299994,716433.6,68.25,35.15,42598.4,1578.2,81648.6,87.45,27.28,91782348.8,1364962.8,159550.8
2546,68.72,10.58,0,2094.2,172040,71.03,61.79,586547.2,296616.8,693289.8,68.32,35.15,27852.8,1893.8,83405,86.73,27.31,98474393.6,1370028.4,161335
2547,68.35,10.58,0,2187,176638,76.22,61.76,92569.6,300457.4,722104.2,68.82,35.15,27852.8,3298.8,89861.2,84.12,32.27,55416422.4,1127484.2,538167.2
2548,67.93,10.58,0,1933.8,171464.6,75.08,61.79,100761.6,295805.8,692609.6,68.18,35.14,31129.6,3067.8,84129.8,100,32.96,81089331.2,80874.4,4050075
2549,67.93,10.58,60620.8,2407.6,176845.4,71.43,61.77,179404.8,302287.2,720688.8,68.38,35.13,104857.6,1603.2,85022.8,100,32.97,85471232,77045.6,4009352.4
2550,68.83,10.58,0,2040,175300.6,71.02,61.79,8192,295109.4,686820.8,68.58,35.13,27852.8,1830.4,83580.8,99.98,32.3,80360243.2,77723.6,3645518.6
2551,68.15,10.59,6553.6,2278.8,167175,72.02,61.79,22937.6,299810.2,714279.4,68.02,35.13,27852.8,1612.6,83247.6,100,33.28,83790233.6,2773990.4,160710.8
2552,68.13,10.58,3276.8,2074.8,176287.2,72.48,61.77,589824,305241.4,894052.8,69.18,35.4,27852.8,7755.2,97823.6,100,33.02,84171899.24,4012017.19,161629.95
2553,68.87,10.58,0,3620.2,177453.2,76.72,61.79,195788.8,301122.4,732204.2,68.75,35.41,29491.2,5561,90328.8,96.13,31.27,80196533.01,3734986.99,162101.64
2554,68.38,10.59,0,2853.4,172778.8,75.27,61.81,43417.6,296069,709924.2,68.68,35.41,32768,12402.6,94973,79.95,27.27,74554572.8,1457613,898270.6
2555,68.62,10.59,0,3194.6,174430,71.38,61.71,301465.6,305770.6,728200.4,69.4,35.47,29491.2,7437.6,96181.2,77.77,27.3,83002982.4,77077.6,1448938
2556,68.35,10.6,0,2018.6,177814.4,71.9,61.55,97484.8,293527.2,686916.2,68.72,35.47,24576,7219.6,88911.4,82.73,27.31,85871001.6,77201.6,1446697
2557,68.38,10.59,0,2091.8,170823,71.57,61.55,21299.2,300085.2,712835.6,69.13,35.51,34406.4,7322.2,97263.6,80.7,27.31,90654310.4,292411.8,714199.2
2558,68.9,10.59,0,2084.2,175077.2,71.13,61.55,355532.8,296934.4,694993,68.75,35.51,93388.8,1871.2,83534.8,87.87,27.82,88440012.8,1499646.2,158019.8
2559,68,10.59,0,3303.2,173031.8,76.6,61.63,8192,300786.8,728543,68.62,35.52,22937.6,8014.6,91100,86.98,27.27,98999500.8,1367132.6,155797.2
2560,67.87,10.59,0,1906,175457.2,74.82,61.66,18841.6,296235.6,696493.6,68.48,35.52,55705.6,1956.2,83559.2,84.82,29.32,55743283.2,1038342,603896.6
2561,69.28,10.59,0,2251.2,173454.2,71.98,61.66,9011.2,300954,717184.4,68.38,35.52,39321.6,3241.4,86741.6,100,29.82,91289190.4,83846.8,2747481.8
2562,67.85,10.59,0,2057.4,174840.8,71.27,61.72,6553.6,294423.6,688388,68.62,35.54,39321.6,3536.4,84408.2,99.13,29.68,85299200,81339.6,2736772.8
2563,67.97,10.59,0,2198.8,167917.2,72.15,61.65,191692.8,301567,727444.8,68.42,35.54,32768,2003.2,85372.4,95.32,29.81,87414374.4,77144.6,2296701.6
2564,69.25,10.58,0,2116.2,175278.2,71.53,61.63,589004.8,304080.6,893171.4,68.7,35.53,90112,1882,85848.8,94.9,28.94,92057600,2169874.8,159317.8
2565,67.85,10.59,0,2029,175831.6,75.85,61.72,11468.8,299484.6,714899.4,67.88,35.52,29491.2,1728.6,83238.6,94.52,29.77,90253721.6,2645195,155342.6
2566,68.65,10.59,0,2308,174944,74.63,61.7,15564.8,292829.2,685090.8,68.98,35.49,29491.2,1900.2,84487.6,92.02,26.45,94497177.6,2657711.6,154872
2567,69.03,10.59,0,2828.6,173300,72.73,61.72,314572.8,304829,728781.4,68.63,35.5,26214.4,2185.8,85118.4,94.88,29.61,80853401.6,509582.6,2077042.6
2568,68,10.59,0,6961.4,172062.4,71.88,61.7,76185.6,294993.4,709040.4,68.03,35.5,26214.4,2985.8,83633.4,99.53,30.03,92181299.2,78460.4,2738347.2
2569,69.28,10.59,0,2230.4,170507.6,72.17,61.76,43417.6,299545.4,712008,68.38,35.5,26214.4,3401.6,85199.6,86.5,29.76,86611558.4,80028.8,2735147
2570,67.73,10.58,0,2034.4,178199,71.17,61.75,485785.6,297331,694931.6,69.2,35.51,26214.4,3447.2,90062,87.87,29.76,84430028.8,1061700,836539.4
2571,69.16,10.58,0,2075.66,172649.83,76.07,61.78,22937.6,298955.6,712657.8,68.28,35.51,26214.4,1602.2,83274,86.83,29.72,85719449.6,2663809,160664.4
2572,68.08,10.59,0,1909.44,174730.11,75.03,61.73,335052.8,296029.8,691215.6,68.45,35.51,26214.4,1616.6,85755.2,86.8,29.73,87712563.2,2651789.6,157979.4
2573,69.12,10.59,0,2211,173753,71.6,61.77,9830.4,301058.4,720783.4,68.88,35.51,26214.4,1754.4,83532.6,79.77,27.34,84374323.2,77184.2,1447653
2574,68,10.59,0,2152.6,172082.6,71.17,61.76,363724.8,295617.8,692760,68.03,35.51,26214.4,1728.6,83477.6,83.17,27.33,89205964.8,79018.8,1454810.4
2575,67.77,10.6,0,1999.4,174992.6,73.13,61.79,22118.4,301662.4,727628,68.93,35.51,26214.4,2028,83988,88.07,27.28,86730342.4,78093.4,1080304.2
2576,68.85,10.59,0,2294.2,175721,73.65,61.79,22118.4,304610.2,911484,68.2,35.51,26214.4,1870.8,84660.6,87.53,27.28,90618265.6,1245988.4,156113.4
2577,68.48,10.59,0,1954.6,170131.6,83.52,64.98,18880921.6,296514.6,698187.8,68.32,35.51,26214.4,1791,84791,87.28,27.36,95398297.6,1364564.4,155033.4
2578,68.25,10.59,0,1939.2,175306.2,100,65.92,116852326.4,302357.6,740709.6,68.75,35.5,26214.4,1591.8,85407.6,83.37,26.46,93075865.6,1365980,162457.4
2579,69.22,10.58,0,2072.2,174922.2,100,66.1,111077785.6,293540.2,695411.8,68.77,35.5,26214.4,2331.4,83832.4,97.95,30.17,84431667.2,116465.4,2397434.4
2580,68.07,10.59,0,2357,171140.8,99.65,66.62,123908915.2,301411,731550.4,68.03,35.51,26214.4,1766.4,82937.2,97.07,29.76,92919398.4,78514.4,2747318.2
2581,68.1,10.59,0,2208.6,175669.2,100,66.85,124911616,295821.6,697011.4,68.47,35.52,34406.4,1567.8,85372.8,95.12,29.87,91633254.4,77558,2733304.2
2582,85.42,12.03,8400076.8,3226.6,174742.4,100,66.1,117425766.4,302582.4,730657.4,68.8,35.51,47485.11,1915.85,86259.64,94.55,28.35,93229056,1123547.2,492311.8
2583,85.43,11.58,33759232,2124.6,174910.2,95.78,63.89,107112038.4,293586.8,692956.6,68.16,35.52,26230.14,1462.48,81525.32,97.13,29.73,94236672,2656213.2,157784.8
2584,86.02,12.31,1564672,2026.2,173027.2,81.03,64.17,52528742.4,300081.6,723149.8,69.08,35.52,27852.8,1920.2,87425,95.08,29.73,92208332.8,2662304.4,161075.6
2585,88.65,12.32,6710886.4,2136.2,172615.6,100,66.3,104187494.4,294006,691079,68.38,35.51,47513.6,1745.8,87041.4,88.47,35.68,92506521.6,1275478.8,1813514.6
2586,88.13,12.31,49104486.4,1986.6,171971.8,98.55,65.88,115230310.4,300674.6,728262,68.63,35.53,145817.6,6850.6,88922.4,100,31.76,92133785.6,77878.6,4038779.8
2587,89.45,12.28,9302835.2,2289.8,175652.8,100,66.65,109057638.4,303732.8,895490.6,69.73,35.53,90112,7921.4,101202.6,100,34.29,83143065.6,77458.6,4018331.6
2588,72.91,10.64,6672172.73,2272.89,173169.13,100,67.14,117201305.6,297916.4,715228,68.22,35.52,44236.8,1760.2,84142.2,100,31.56,94555340.8,143984.6,2366389.8
2589,90.85,23.72,6713571.83,2032.81,178944.98,99.98,66.53,101284249.6,296362.6,693665,68.32,35.53,67174.4,7508.2,92600.8,100,33.69,89505792,3351641.4,161780.6
2590,99.98,22.24,6501171.2,2657.6,174805.8,92.95,61.94,120375705.6,300164.2,723773.6,70.22,35.53,39321.6,9569.8,100476.6,87.92,29.76,96326451.2,3661183,164500.2
2591,99.97,23.23,6501171.2,2126.6,172823.8,78.82,65.45,32350208,296350.6,700407.4,67.98,35.54,16384,2948,87418.8,74.57,26.5,89013452.8,80670.4,163120.8
2592,99.97,20.44,23753523.2,2085,171962,100,66.52,116948992,297669,696111.8,70.08,35.54,16384,7058.6,87751.4,74.48,26.41,53307801.6,78814.6,158930.6
2593,99.98,20.64,31247564.8,2516,176118,100,68.45,105281126.4,300032.4,714534.2,68.03,35.54,50790.4,2702.6,87069.4,73.8,26.4,64716.8,79533.8,159877
2594,79.53,10.77,48075571.2,2297.2,176185.8,100,66.46,96100352,296469.4,694632,69.1,35.53,42598.4,2510.6,87328.6,73.37,26.41,2457.6,81843.8,161905.8
2595,90.88,17.27,52053606.4,2090,174911,98.47,66.15,124078489.6,298589.2,712671.8,68.23,35.54,39321.6,3867,89889.4,74.08,26.41,39321.6,80842,162988
2596,99.55,13.4,6383206.4,2041.6,173545.4,93.62,61.72,126926028.8,298809.6,697407.6,68.22,35.54,98304,3137.8,85416.6,73.52,26.42,13107.2,77990.6,157170.6
2597,99.9,14.8,36865638.4,1957.8,172222.2,78.27,63.03,63738675.2,302130.4,733536.6,68.12,35.54,95027.2,2112,83958,73.78,26.41,819.2,78602,160097.4
2598,99.87,12.16,7130316.8,2200.2,176695.4,90.52,63.24,103860633.6,304237.8,898174.6,68.83,35.54,26214.4,1831,83887.8,73.48,26.4,16384,78329.6,157691
2599,99.73,18.11,52422246.4,1945,173365.4,94.05,63.1,101215436.8,299652,714606,67.97,35.55,27852.8,2201.2,86810.6,73.9,26.4,8192,76468.2,155867.4
2600,99.87,15.94,5781913.6,2111.4,176193.2,95.77,63.23,98571878.4,297168,695402.6,68.55,35.55,27852.8,1947.4,84133.2,73.38,26.4,0,80371.6,159857.2
2601,78.33,10.75,31055872,2106.6,177201.6,90.63,63.03,107613388.8,301536.6,718674.8,68.4,35.55,27852.8,2431.4,87469.8,73.9,26.41,2457.6,80248.8,162026.2
2602,90.4,17.34,55587635.2,1988,172621.4,89.28,63.1,104979660.8,293575.8,688128,67.63,35.56,26214.4,2737,86626.8,73.63,26.41,0,82031.4,162230.4
2603,99.8,13.62,6496256,1989,171156.2,85.82,62.48,98639872,298717.8,714714.4,68.32,35.52,26214.4,1701,84318,73.9,26.41,0,81624.6,164728.4
2604,99.92,15.18,6086656,2809.4,175909,76.45,62.79,33643724.8,297542.6,700044.2,68.43,35.52,27852.8,1980.2,86550.6,73.8,26.4,3276.8,78318.8,157826.6
2605,99.7,15.12,5854003.2,2171.4,172864.8,94.03,62.98,102673066.7,296834.93,710866.07,69.07,35.52,27852.8,1611.2,83654.8,73.75,26.4,0,75849.4,154777.2
2606,99.82,18.2,41743155.2,2234.8,175624.8,96.66,62.89,103985866.1,296426.45,690893.19,67.17,35.51,27852.8,2391.4,88808.6,73.53,26.4,0,77516.8,156749
2607,99.87,14.69,9977856,1912.6,173188.8,89.48,62.95,108870041.6,298830.6,712682.6,68.75,35.51,27852.8,2357,83399.4,73.45,26.4,0,79330,158201.6
2608,78.4,10.77,29150412.8,1999.8,175707,90.85,62.94,116563148.8,293877.8,691958,68.72,35.51,27852.8,1890,83633.8,73.68,26.41,0,78601.8,159904
2609,90.23,23.93,6142361.6,2055.2,174539,90.52,62.93,107483955.2,298347.2,714510.6,68.52,35.52,26214.4,2021.6,84495.8,73.75,26.4,3276.8,80059,159734
2610,99.85,23.99,60771532.8,2143.4,172972.6,81.36,65.76,13459572.26,301221.47,729584.85,68.3,35.52,26214.4,2996.4,88615.6,73.62,26.4,0,79645.8,159897.8
2611,99.97,19.3,44066406.4,2199,177803,100,66.32,107795211.5,295421.25,711470.48,68.07,35.52,26214.4,2056.2,84644.8,73.43,26.4,0,81464.2,159857.2
2612,99.93,21.88,20814233.6,3157.8,173418.4,99.87,66.2,114012979.2,304768.8,737307.6,69.8,35.54,36044.8,13199.6,99924.2,73.85,26.4,0,80475.6,161035.8
2613,99.93,22.18,21402419.2,2579.8,175594.2,97.45,67.79,118443212.8,293727.6,692908.6,68.43,35.54,29491.2,2974,86662,73.55,26.41,3276.8,78130.4,156658.8
2614,78.35,17.33,55268147.2,2081.8,168759,100,66.55,123015168,300512,722138,68.87,35.45,19660.8,7525.8,91075.2,73.88,26.42,0,78388.2,158707.4
2615,90.03,23.87,471859.2,2680,177033.8,100,66.71,108598886.4,296314.4,694617.4,68.77,35.46,29491.2,7550.6,94136.8,73.65,26.41,3276.8,77488.6,156213.2
2616,97.12,23.54,160210.74,2036.52,176221.31,96.78,63.95,117697740.8,299372.4,717719,69.5,35.46,26214.4,7383.2,92866.2,73.7,26.4,0,75707,154520.2
2617,93.5,23.83,73890.56,2881.94,172551.21,86.12,65.95,66070937.6,296414.2,718709.4,68.85,35.46,42598.4,7744.2,97624.6,73.53,26.4,0,81858.6,156538.8
2618,93.38,21.11,14799667.2,2403.2,177828.4,100,67.04,115853721.6,301534,719966.2,68.18,35.46,98304,3131.4,84688.2,73.97,26.4,0,79046,160567.4
2619,93.98,24.26,70773964.8,2022,175796.2,99.98,66.91,121072844.8,297579.8,690889.4,68.92,35.47,8192,7446,82129.8,73.42,26.42,2457.6,77712.8,156312.8
2620,94.1,23.85,10489036.8,2113,168822,100,66.87,112439296,296713.8,731320.8,67.87,35.47,42598.4,1830.6,84682.8,73.7,26.42,819.2,77862.6,159118.6
2621,77.77,14.03,35489382.4,2082.4,179470.4,99.27,66.34,113557504,307163.4,897752.2,68.6,35.46,42581.37,2192.92,86066.17,73.45,26.41,819.2,77387.6,155744.4
2622,69.53,10.93,39454310.4,2094.4,170341.2,99.07,66.42,126295244.8,298087.6,739082.4,68.61,35.46,32735.26,3068.33,84916.48,73.75,26.4,2457.6,75288.2,153683.2
2623,68.62,10.95,5865472,2341.4,175575.8,97.6,63.96,126921113.6,295225.2,699491.2,68.84,35.45,27891.85,3247.15,88042.06,73.42,26.4,0,79818,158573.6
2624,68.12,10.95,6150553.6,2288,173806.2,78.53,63.16,43205427.2,302317.8,755838.4,69.17,35.45,86835.2,2083.2,84639.8,80.57,27.38,100693606.4,77075.4,157919.4
2625,68.7,10.9,70429900.8,1930,175453.4,90.88,64.16,104620032,292678.8,709207.2,68.37,35.46,47513.6,1594.4,83536,78.98,27.38,99886694.4,78034,161616.4
2626,69.38,10.9,21984051.2,7010.4,171478.4,92.3,63.67,108858572.8,302916.6,738681.4,68.23,35.46,26214.4,3048,82349.8,87.58,27.29,94882201.6,79288.2,158862.4
2627,68.55,10.9,6501171.2,3025,175194.2,89.73,63.19,110347878.4,298744.8,716068.8,68.85,35.46,26214.4,2742,88161.2,87.27,27.29,103978598.4,76354.2,157712.4
2628,67.78,10.9,6576537.6,2180,172985.8,95.73,63.26,104541388.8,296599.4,700397.2,68.02,35.47,27852.8,1943.2,82354,87.37,27.29,98424422.4,76996.2,157784
2629,69.1,10.9,5898240,1915.2,178999,86.42,61.96,92268953.6,298081.6,724545.4,68.63,35.47,26214.4,1574.2,87253.2,87.18,26.47,100676403.2,77845.2,161361.8
2630,70.45,10.86,67405414.4,2017.6,176008.6,76.3,63.28,16935321.6,294955.4,696799.6,68.62,35.48,27852.8,2069.8,82298.6,73.88,26.64,45990707.2,77070.2,155800.4
2631,68.52,10.82,37752012.8,2208.2,175043.4,90.72,63.14,101688115.2,300562.4,736382,68.2,35.48,27852.8,1607.2,84274.8,100,33.18,64537395.2,77740.4,160764.8
2632,68.13,10.79,6017843.2,1925.2,175883.2,90.4,63.06,112072294.4,301794.4,891295.2,68.35,35.48,26214.4,1800.8,82072.4,100,32.02,97080934.4,76481.4,157187.8
2633,68.87,10.79,5804851.2,2490,173292.6,94.53,63.1,112359833.6,299012,715923.2,68.87,35.49,26214.4,1762.6,85426,100,32.07,88472780.8,76109,156965
2634,68.32,10.79,6081740.8,2366.8,172365.2,95.12,63.11,102650675.2,296684.4,695028.6,67.87,35.49,26214.4,3178.4,87643.8,94.57,33.02,85508915.2,79778.2,160255.8
2635,69.12,10.62,14642380.8,2319.8,173847.8,91.58,63.07,105159884.8,299936,723087,68.65,35.5,26214.4,1428.2,85549,93.73,32.99,81675059.2,79007,164170
2636,69.22,10.63,39321.6,2304.4,178571.8,85.9,61.9,95082905.6,292237,695792.4,68.22,35.5,26214.4,1915.2,83280.4,95.83,33.34,88605491.2,76501.6,157286.6
2637,68.08,10.65,0,2026.6,170378.6,76.43,63.35,14748876.8,300071.4,722768.2,69.15,35.5,26214.4,2278.8,83108.2,74.32,28.11,82872729.6,77669.4,158604.8
2638,69.15,10.65,0,1946.2,172107.4,89.72,63.11,108521881.6,294703.4,695747.2,67.97,35.51,26214.4,1781,81645.8,99.9,30.67,78163148.8,76400.4,157120
2639,68.08,10.65,0,2207.6,176519,91.77,62.65,96876953.6,298598.8,712218.2,68.57,35.5,26214.4,1693.6,85608.2,94.62,29.8,88853708.8,76174.8,157330.4
2640,69.02,10.66,0,1902.6,175232.8,95.48,63.15,105887334.4,294585,691593.6,68.02,35.48,32768,1645,85448.8,94.93,29.78,99436953.6,77011.2,158124.4
2641,67.9,10.66,52428.8,2088.4,173306,89.58,63.04,107599462.4,300526.6,716012.4,68.73,35.49,9830.4,7238.6,92622,95.55,28.25,98322841.6,77496.4,160483
2642,67.95,10.67,0,1749.55,171387.97,89.67,63.1,103038976,293560,685284.6,68.88,35.49,26214.4,7544,93758,96.35,29.79,96551731.2,76984,157826.2
2643,68.9,10.67,0,2040.42,174796.48,86.9,62.01,96548454.4,299559.4,716635.8,68.63,35.49,22937.6,7153.8,87286.2,94.85,29.82,92101836.8,77084.2,160107
2644,68.32,10.67,0,1936.4,172970.4,71.93,62.05,15632793.6,304974.6,904930,68.97,35.5,32768,4876,96392.4,74.68,26.44,79084748.8,77243,156086.4
2645,68.82,10.67,0,2237.2,173921.8,75.88,62,146636.8,301518,714638.2,68.47,35.52,85196.8,5766.8,90523.2,87.52,27.36,97424179.2,75705,156752.4
2646,68.22,10.64,0,2536.8,176615.4,74.8,62.07,233472,297434,694562.8,69,35.52,47513.6,6703.4,90456.8,82.57,27.33,97976320,79487,159325.4
2647,68,10.65,0,2365.4,177379.8,71.08,62.01,16384,301316.2,716722.4,69.07,35.52,116326.4,1992.8,83315.4,85.13,27.34,100094771.2,78102.2,162737.8
2648,67.98,10.65,0,1941.2,171657.4,70.88,62.09,7372.8,293759.4,687672.6,68.8,35.53,45875.2,1615.2,82898,87.08,27.3,98897920,76545.8,156782.6
2649,68.9,10.65,0,2198,173916.4,71.6,61.96,346521.6,300016,712491.4,68.58,35.54,32768,1914,83551.8,87.55,27.29,103243776,77485.2,158249.2
2650,68.33,10.65,0,2147.6,174899.2,73,62.06,16384,298884.4,718264.6,68.82,35.54,83558.4,3496.6,88224.4,73.83,26.44,18354176,76142.2,155533
2651,68.03,10.65,0,1985.6,168793,77.05,62.06,18841.6,297699.8,735904.8,68.3,35.55,32768,3642,86248.6,87.17,27.44,100366745.6,83415,165154.8
2652,68.93,10.65,0,1985.8,178304.2,78.18,61.9,456294.4,296275.6,728417.4,68.62,35.52,37683.2,2354.8,85260,87.82,27.38,97690419.2,79149,162813
2653,67.9,10.65,0,2593.8,173540.2,73.08,61.91,6553.6,297873.8,727239.6,68.48,35.52,72089.6,2360.6,86034.6,87.58,27.3,94928896,77347.8,158445.6
2654,68.15,10.64,0,1962,172461.2,72.52,61.84,312115.2,300546,734442,68.32,35.52,26214.4,1679,83134.8,87.38,27.3,102303334.4,77200.2,160325.8
2655,68.95,10.66,0,1975.4,170429.6,72.18,61.85,15564.8,303980.4,898788.8,81.97,42.16,340787.2,1905.4,1479440,87.4,27.3,97131724.8,76959.6,158049.6
2656,69.12,10.65,0,2246.6,175407,77.85,61.98,6553.6,301509.2,731963,99.98,48.86,16764108.8,1695.2,3933678,87.27,27.34,100387225.6,73641.4,153554.6
2657,67.93,10.66,0,2059.6,173552.8,75.93,61.97,23756.8,294604.4,695554.6,99.95,48.84,12577004.2,1938.84,3967071.96,74,26.45,51822592,77113.8,156763
2658,69.77,10.65,0,2229.2,175756.2,71.5,61.95,157286.4,304765.6,724468,99.97,45.53,10610090.85,1610.77,2557188.51,99.22,33.08,62044569.6,78780,164136.4
2659,67.85,10.65,6553.6,2793.6,179103,71.18,61.95,5734.4,294733.2,689963.8,99.98,46.04,11747328,1894.8,83887.2,100,33.12,100114432,77112,157845.6
2660,69.48,10.67,1638.4,1998.8,168694.6,73.13,61.96,756940.8,301013.8,734961.2,99.95,48.86,13880524.8,172892,82406.6,100,33.91,96119193.6,77981,160924.8
2661,68.08,10.65,0,2200,175962.6,71.35,61.96,88473.6,296302,694692,89.32,38.91,3984588.8,3800936.8,83727.2,97.37,33.02,86598451.2,77197.4,158521.2
2662,68.12,10.65,0,1951.2,173483.4,76.77,62.02,57344,298925.4,716871.6,70.18,38.89,4404019.2,3851131.6,86959.8,93.65,33.02,84721664,73784.6,153519.4
2663,68.52,10.65,0,2121.8,179573.8,96.1,70.61,81779916.8,296778.8,699231.6,69.42,38.9,2936012.8,3801133,82023,95.78,32.97,82222284.8,78378.4,160398.6
2664,68.3,10.65,0,1965.21,174680.13,100,69.94,129061683.2,301644.4,722389.4,70,38.9,2731212.8,3754473,85304.6,75.3,26.65,86352691.2,77609.6,159010.6
2665,68.22,10.65,0,2217.69,173692.28,100,71.16,123162624,294292.6,688768,70.68,35.99,4613734.4,3917776.8,84997.6,99.02,33.52,86354329.6,76996.4,157698.4
2666,68.87,10.65,0,2169.8,172200.2,100,69.57,112021504,302024.4,730829,70.65,35.99,4197580.8,3438564.6,83163.4,97.97,33.59,74832281.6,77570.6,161269.8
2667,67.97,10.65,0,2275.6,179580.6,100,70.7,120789401.6,303127,893264.4,71.47,35.95,2344550.4,4088276,85942.2,93.75,33.16,81938841.6,76985.8,157858
2668,68,10.65,0,2314,171308,100,70.24,128117964.8,300893.6,720563,69,35.94,8488550.4,2589305.4,83823.8,95.62,33.22,85602304,75194.4,156339.2
2669,69.42,10.65,0,2939.4,177664.6,84.97,64.54,127055462.4,300500.8,703274.4,73.45,37.62,17445683.2,1773,85648.6,94.37,33.06,82343526.4,74844.4,153670.6
2670,67.95,10.67,0,3585.8,174188.2,89.35,63.14,81123737.6,301032.6,726549.4,87.23,37.63,16598630.4,7098.4,568182,75.53,26.6,73202073.6,79308.8,156216.2
2671,68.03,10.67,0,2988.2,176375.6,87.7,63.13,101002444.8,296261.2,732686,78.85,37.65,17406361.6,1765.2,1379857.4,97.43,29.97,84464435.2,76828.8,159527.8
2672,69.33,10.67,0,1801.2,175310.4,90.38,63.06,101704499.2,299500,716160.8,77.98,37.68,11825971.2,1685.2,1368342,95.32,30.52,94797824,76317.8,156886.2
2673,67.92,10.65,0,2017.4,176156.6,93.17,64.29,107571609.6,298293.8,711638.4,77.93,37.69,3987865.6,53195.4,885318.2,95.25,29.82,97255424,74957.8,155878.6
2674,68.07,10.65,0,2166.6,174090.4,94.83,63.49,107545395.2,296542.6,692291.2,77.08,37.65,6081740.8,1334709.8,83285.2,94.87,28.62,99862118.4,77108.2,157803.4
2675,69.03,10.65,0,2018.2,176376,76.48,61.85,53991833.6,302594.2,738229.8,75.6,37.65,3361996.8,1271489.2,85695.2,98.23,29.87,102267289.6,80659.4,158707.6
2676,67.93,10.65,0,2216.2,172783.8,94.35,70.99,84205568,294735.4,694296,70.2,37.64,2097152,1197723,81783.8,100,31.24,102359040,78045.2,159838.4
2677,67.93,10.65,0,2005.8,171698.4,100,71.14,133034803.2,300450.6,721024.6,68.02,37.64,2726297.6,1904.6,84647,75.12,26.5,23263641.6,77588.6,158895.6
2678,68.67,10.64,0,2153,179154,100,71.46,130603417.6,304011.2,895773,69.02,37.65,2516582.4,2788.8,84960,98.67,29.82,81721753.6,83860,165127.6
2679,68.44,10.64,0,2366.51,174893.88,100,71.46,128862617.6,299870.8,716302,68.45,37.66,2097152,4145.2,88605.8,100,29.92,86793420.8,80167.6,161634.6
2680,68.32,10.64,0,2530.89,176481.1,100,69.6,128906035.2,293713.4,691421.8,68.05,37.65,2516582.4,1857,83128.4,99.48,29.86,86705766.4,76488.2,156703.4
2681,69.17,10.65,0,2038.44,171185.59,100,70.45,128488243.2,303386.2,728900.6,99.4,42.65,12288000,1676,2675787.8,95.42,29.86,94946918.4,77126.2,160503.8
2682,67.97,10.65,0,2116.2,176109.8,80,64.56,126821990.4,293698.6,690112,99.68,41.06,17815961.6,2242,2647372.2,94.5,30.01,95993036.8,76782.6,157641
2683,68.78,10.67,0,2583.6,175998.4,85.23,63.17,78730035.2,301080.8,723935.4,99.78,40.68,20219494.4,1704,1659167.4,94.47,29.79,93659136,77331.6,161187.6
2684,68.27,10.67,0,2024.6,176851.4,90.18,63.05,98803712,296699.8,703466.8,96.45,41.39,24120524.8,3085.6,85971.6,75.5,26.51,51215564.8,77932,157232.4
2685,68.03,10.67,0,7142.4,175180.6,93.85,62.91,111541452.8,300863.8,736106.4,93.48,42.7,4194304,1495.4,81748.2,88.43,29.83,65681817.6,76411.2,156239.4
2686,69,10.67,0,2083.4,176480.2,96.53,62.89,105932390.4,295658.8,691569,83.78,39,2726297.6,225053.8,86287,87.48,29.83,87538073.6,78059.2,161807.8
2687,67.93,10.67,0,2135,175033.8,89.92,62.91,108295782.4,301713.6,719310.8,70.2,38.98,2726297.6,2827724.2,83704.8,87.55,29.8,86464921.6,76510.4,156973
2688,68.98,10.66,0,1910,176551.6,89.58,62.87,114362777.6,293209.8,689086,69.53,38.97,3565158.4,2573968.2,84462.2,87.5,29.81,89117491.2,76908.4,159752.4
2689,68.12,10.66,0,1995.2,168864.8,76.3,61.78,33973043.2,301200.6,722414.6,76.83,44.19,2097152,1863319,520785.8,85.82,29.78,84788019.2,77202,158765.4
2690,67.98,10.66,0,1894.8,179886,94.65,62.98,101216948,300862.09,724055.04,99.47,45.63,2936012.8,1919,2694323.2,74.81,26.53,36823056.38,75457.22,154401.84
2691,68.65,10.66,0,2238,172179.2,96.73,62.98,106844160,296308.4,695788.8,99.9,41.48,2516582.4,2021.2,2672132,73.32,26.5,26224.89,77085.23,154313.53
2692,69.15,10.65,0,2200.8,174194.8,90.27,62.99,112425369.6,304378.4,729141.8,99.88,42,3565158.4,2183.2,2184556.8,73.95,26.51,7372.8,76887.6,157899.8
2693,67.83,10.66,0,1733.2,178793,89.97,63,117011251.2,291111,685124,99.87,37.98,8039628.8,2020104,83295.8,73.7,26.52,45056,78590.8,158161.6
2694,68.08,10.67,0,1969.2,168572,90.58,63,117796864,300636.2,716054.4,99.92,43.24,21418803.2,2534331.4,81729.2,73.9,26.51,0,77216.6,156839.4
2695,69.23,10.66,0,2071.8,175959.4,77.65,61.78,72224768,296781.6,703928,95.38,39.06,28021555.2,2591102.6,84820.4,73.62,26.51,4096,78380.8,158076.4
2696,67.85,10.66,0,2336.6,174206.8,88.85,63.09,75838259.2,300337.6,719594.6,69.08,35.82,26384793.6,381837,86108.8,73.48,26.49,64716.8,76911.8,155794.4
2697,68.98,10.66,0,1887.6,178693.6,97.28,62.18,111358771.2,294686.2,699893.4,85.17,45.22,25760563.2,2125,1904835.2,73.57,26.48,9830.4,77212.2,155307.2
2698,68.08,10.66,0,2142.6,170381.4,89.43,62.94,110901657.6,300714.2,718618.8,99.98,49.18,25196953.6,1959.8,3983425.8,73.78,26.48,0,75270.8,154996
2699,67.97,10.67,0,1745.2,178686.8,88.68,62.95,118260531.2,293846.4,688285.8,99.98,46.29,22120038.4,1661,3911486.2,73.57,26.49,0,78422.4,158386
2700,68.8,10.67,0,2030.4,169013.2,90.17,62.93,108639027.2,301590.8,729993.2,99.97,45.59,24500633.6,2016,2134149.2,73.65,26.49,3276.8,76070,155643.6
2701,68.35,10.66,0,2358.6,175951.2,90.18,62.94,105237708.8,303341.6,894604,99.92,47.03,12091392,2433.4,84515.8,73.88,26.48,0,83040.2,163698.4
2702,68.88,10.66,0,2092.4,173533.4,82.1,61.74,70890291.2,299868.8,718396.4,84.83,49.1,4194304,2735.2,85460.8,73.65,26.48,21299.2,78558.4,157648.6
2703,68.52,10.65,0,2747.4,179351.6,95.17,66.45,69477990.4,295340.4,694082.8,69.17,49.12,3355443.2,53643.2,83890.4,73.28,26.49,26214.4,80373.8,159535.8
2704,68.9,10.65,0,2188.6,174555,100,69.41,129939865.6,304310,726040.6,70.37,42.76,7130316.8,3367000.6,84622.8,73.8,26.5,0,78503.4,161174
2705,68.11,10.66,0,1932.43,172461.42,100,70.26,129917620.6,292256.45,686569.86,71.53,39.53,3774873.6,3829776.6,81382.4,73.7,26.5,3276.8,76126.2,155763
2706,68.92,10.66,0,2503.8,176088.04,100,70.63,127624376.2,299601.96,718179.91,69.98,39.53,4944691.2,3672809.6,83949.6,73.7,26.49,0,79233.4,159612.4
2707,68.23,10.65,0,2190.2,172965.4,100,70.94,128996966.4,300327.4,714603.8,99.83,49.46,5408358.4,2509.4,3744767.2,73.77,26.49,0,77073.6,155622.6
2708,68.85,10.65,0,2198.6,177213.8,86.6,64.65,125407232,297766.6,712047.6,99.97,49.54,2011955.2,2139.8,3962583.8,73.72,26.49,0,79354,159658.6
2709,68.18,10.66,0,2212.6,177007.2,87.57,63.18,94526668.8,300395.2,733499.4,99.97,45.19,12346982.4,2672.4,3920970.4,73.7,26.5,2457.6,81421.2,163305.8
2710,89.25,11.45,26609254.4,2020.2,172994.2,90.18,62.79,100193894.4,294332.2,696236.6,99.92,46.88,14314700.8,3063.2,317267.6,73.47,26.5,819.2,81649,161110.6
2711,85.02,12.6,6678118.4,2112,171904,90.9,62.99,115792281.6,292822.8,705553.4,99.95,49.47,6319308.8,2133062.6,84854.4,73.88,26.49,3276.8,81135.8,162757
2712,86.57,12.38,6139084.8,1918,179116.2,90.48,63.07,105227059.2,308513,903366.8,99.97,48.59,12209356.8,3934417.6,82291.2,73.68,26.48,16384,76896.2,155576.2
2713,90.02,12.38,51704627.2,2128.2,171029.8,94.68,63.17,98438348.8,296479.4,712941.6,71.3,42.84,5675417.6,3852138.8,86827,73.87,26.48,0,73957.6,151651.4
2714,91.23,12.36,26420838.4,2726.6,177030.8,96.35,62.88,107133337.6,297618.4,700814.4,81.92,44.5,8114995.2,1066208.6,850167.8,73.48,26.48,0,78273.6,157967.8
2715,85.27,12.37,5675417.6,2232.2,176559.8,76.18,61.7,51662848,300942.6,724198.6,78.55,41.25,19759104,1586,1348801.8,73.93,26.5,3276.8,76769.4,157760.6
2716,69.73,11.25,30063001.6,2070.8,172584.6,92.55,70.97,77671628.8,296027.2,696041.2,78.43,37.98,12453478.4,2459.4,1382238,73.48,26.49,2457.6,80202.6,158868.6
2717,86.08,12.05,44058214.4,2239.8,174943.2,100,70.56,124827238.4,295558.2,717150,76.03,37.97,7675904,2588.8,85126,73.72,26.49,0,81383.6,162978.2
2718,88.45,13.1,17196646.4,1964.2,176431.2,100,70.71,144716595.2,300351.4,702793.8,76.68,37.97,20178534.4,50017.4,87267,73.68,26.48,11468.8,80659.8,159901.2
2719,86.74,12.9,24330338.26,2150.94,172105.56,100,68.28,146934988.8,296345.2,709822.6,71.62,37.99,5010497.7,1344577.85,82957.03,73.88,26.49,0,77611.2,156660.8
2720,89.06,12.89,39547134.05,2033.21,178027.81,100,70.08,145785651.2,300140.6,707779.4,69.93,36.8,3888617.97,1270459.68,83828.1,73.57,26.49,4096,77657.8,158922.6
2721,86.97,12.87,37543936,2336,173344.2,100,69.62,144465100.8,296784.6,709251.8,69.27,36.8,8213299.2,1280865.4,85006.6,73.65,26.51,4915.2,81129,160432.4
2722,89.97,12.86,38430310.4,1844.2,171823.8,81.53,62.53,140586188.8,297391,701132.8,69.8,36.82,4059955.2,1282960.4,85436.2,73.6,26.49,0,79245.4,160216.4
2723,70.1,11.22,68606361.6,2028.8,171217,90.93,63.17,104197324.8,303689.2,895685.8,69.72,36.77,2308505.6,1278314,83387.6,73.85,26.49,6553.6,77825.8,156781.4
2724,84.6,12.09,7130316.8,2478,176813.8,94.9,63.18,98217984,298688.4,715574,70.05,36.72,1566310.4,1281281.2,86969.2,73.83,26.49,0,77377.4,156681.6
2725,91.68,12.85,36729651.2,2304.2,177969.8,96.63,63.05,103993344,294918.8,695081,68.77,36.72,2516582.4,1160999.6,83891.2,73.42,26.48,0,77276.2,156390.8
2726,89.15,12.86,34285158.4,2109.6,174637.6,89.65,63.03,107700224,303912.8,726155.2,68.88,36.74,2785280,1649.8,85199,74.03,26.49,3276.8,75622.8,155637.8
2727,86.68,12.86,6710886.4,1973.4,176055.6,89.67,62.93,98762752,294769.8,689000,68.93,36.75,2516582.4,2289.6,84549.4,73.53,26.5,0,80716.4,161318.8
2728,85.7,12.86,11953766.4,4942.8,174606.6,77.7,61.82,62782668.8,302199.2,750170.8,68.65,36.75,3553689.6,3187.6,83471.6,73.68,26.49,0,78482.4,155903.8
2729,70.48,11.17,31486771.2,2091.2,172113,72.17,61.73,128614.4,297688.4,710061.8,95.72,43.4,11881676.8,6208,82895.2,73.8,26.49,2457.6,79524.8,160014
2730,97.53,24.27,30269440,2315.6,176939.8,77,61.7,5734.4,300361,717779,99.82,42.45,6032588.8,1727.2,85635.2,73.85,26.48,0,75177.2,153246.4
2731,99.83,24.37,27059814.4,2037.2,176304.6,75.23,61.75,317030.4,297953.2,693610.2,99.92,41.58,12881100.8,2494.2,84420.6,73.42,26.49,819.2,81059.8,160251.2
2732,99.93,17.93,12876185.6,2245.2,174229.8,71.28,61.77,9011.2,302303.6,717810.8,99.95,41.13,10221977.6,2844.8,87579.2,73.93,26.49,4096,80388.6,161604.2
2733,99.98,22.33,6501171.2,3356.8,172565.4,71.27,61.76,22937.6,297331.4,711188.2,99.92,44.2,8975155.2,2779.6,85756.2,73.25,26.49,0,82390.2,162856.8
2734,100,23.83,6710886.4,1936.2,171186.4,71.63,61.76,18022.4,300974.4,725646.6,99.82,42.44,8570470.4,3224.6,2019838.2,73.92,26.5,0,82019.2,158824.2
2735,99.98,20.28,49507532.8,2128.8,178223.6,71.42,61.74,159744,303933.8,891850.4,75.5,39.96,15536947.2,2510.4,2612635.4,73.6,26.48,2457.6,82003.6,161541.2
2736,71,11.01,2000486.4,2151.6,173697.6,78.05,61.8,19660.8,296740.8,715701.4,71.23,36.71,13113753.6,2811.4,2668112.2,73.73,26.48,0,78487.6,157610.2
2737,97.3,17.59,1553203.2,2466,175214.8,74.83,61.82,740556.8,296835.8,696066,68.83,36.72,7806976,2739.4,777214.6,73.33,26.48,2457.6,79350.2,158384.8
2738,97.32,16.14,2554265.6,2161.4,170709.4,72.92,61.57,11468.8,301842.2,718413.6,68.45,36.72,8344707.16,2471.84,86873.72,74,26.49,2457.6,76838.4,158199.6
2739,93.12,17.6,9322496,2164,175800.6,71.1,61.59,5734.4,298311.2,694028,68.75,36.67,10503782.4,2686.2,85039.8,73.55,26.49,0,81694.6,161099.4
2740,94.05,17.24,70300467.2,1913,171828.4,71.65,61.67,18841.6,297403.2,716188,68.22,36.68,10066329.6,2689.8,84779.6,73.8,26.49,0,80764.8,162259.8
2741,93.17,17.58,26910720,2124.4,178996.4,70.87,61.71,13107.2,300936.8,699928.8,69.58,36.64,16949248,1144853.4,86220.2,73.78,26.48,3276.8,81065.4,160254
2742,94.01,17.17,6571928.09,2163.2,173858.57,77,61.61,185139.2,296161.6,709060.2,70.65,36.63,14917632,2573818.6,85735.8,73.88,26.48,819.2,78653.8,158084.8
2743,71.45,13.9,17440397.28,7047.46,173238.29,75.37,61.44,22118.4,304213,726478.6,69.72,36.6,14309785.6,2545763,85002.2,73.35,26.48,5734.4,79222.8,156579.8
2744,97.2,27.06,71858585.6,2224.8,176808.2,71.38,61.52,1041203.2,297675,713076,81.95,38.28,7315456,1353255.2,562261,73.8,26.5,50790.4,77230.8,157826
2745,99.95,24.01,8808038.4,2207.2,177612,71.98,61.5,22937.6,301240.6,701575.2,87.25,37.25,13344768,1720,1381853.6,73.65,26.49,0,77073.2,155078.8
2746,99.93,22.67,889651.2,1981,171962.8,71.53,61.5,20480,296980.6,708014.8,86.65,37.86,13557760,2082.8,1362942.6,73.87,26.49,0,76645.8,156689
2747,99.93,25.87,32854835.2,2450.4,176714.4,71.33,61.54,12288,308713.8,901719.2,88.92,38.32,9207808,2066,894266,73.72,26.49,8192,78504.8,156929.8
2748,99.92,25.99,6116147.2,1898.8,170769,77.23,61.6,15564.8,296869.4,711083,88.4,38.24,16710041.6,1959.6,85550.2,73.57,26.48,0,75016.6,154675
2749,99.87,22.52,57635635.2,2172.6,176779.4,75.37,61.61,35225.6,299497.4,707316.2,85.88,38.24,10516889.6,1909.6,84267.4,74.07,26.49,2457.6,78847,161395.8
2750,71.6,17.29,6502809.6,2512.6,175705.6,72.15,61.69,730726.4,302577.6,719089,79.1,38.28,12622233.6,462469.6,84946,73.43,26.5,49152,80927.2,159805.8
2751,86.23,12.97,20191641.6,2138.4,175566.4,71.27,61.7,11468.8,299141.8,705418.4,70.28,36.88,16161177.6,1284361.6,86302.2,73.83,26.5,0,80794,162151
2752,77.63,12.58,73048064,2594.6,176331,71.63,61.71,18841.6,297449.8,708654.8,69.28,36.83,4148428.8,1278696.8,83858.8,73.6,26.49,13107.2,79958.2,158450
2753,77.28,12.55,37919129.6,2231,173813.8,76.02,61.77,7372.8,296812.8,708531.8,78.65,43.49,2097152,837357.6,756232.6,73.78,26.49,0,77184,155615.2
2754,76.23,12.55,6085017.6,1909.6,177149.4,74.22,61.78,15564.8,300704.2,697699.6,99.35,43.5,2516582.4,2205.4,2624861.6,73.6,26.5,0,77560.8,155737.8
2755,76.18,12.55,5452595.2,2039.6,175968.8,71.63,61.76,729088,297763.8,710536.8,99.85,41.02,4405657.6,1951.6,2692445.4,73.82,26.49,2457.6,76755,157215.6
2756,76.23,12.38,29258547.2,2155.8,173896.4,71.33,61.77,14745.6,300527.4,701824.6,99.73,40.4,4463001.6,2146.4,1999283.4,73.58,26.49,0,77268.8,155107.8
2757,69.9,12.4,21181235.2,2284.6,173026,72.23,61.81,76185.6,296488.4,711021.4,99.45,40.2,14170521.6,2260755.4,83623.2,73.97,26.5,0,78444.2,159006.2
2758,99.95,25.53,18459852.8,2236,173148.2,71.28,61.8,15564.8,308730.6,899866.4,99.9,44.33,12717260.8,2540102.2,83081.8,73.47,26.49,3276.8,77310,156036.2
2759,99.93,20.96,61892198.4,1898.8,173691.8,76.73,61.81,7368.38,296612.83,708376.77,91.55,36.87,22185574.4,2557662.8,85318.8,73.95,26.49,0,74358.8,152604.8
2760,100,20.13,11878400,2677.6,175767.2,74.98,61.68,6557.53,298869.52,696632.18,67.92,36.84,18959564.8,209988.2,84493.2,73.4,26.5,0,79579.8,158258.4
2761,99.97,24.91,35722035.2,2117.4,172991.2,71.22,61.69,621772.8,299782.8,713110.4,69.27,36.84,19808256,1678,85273.4,74.18,26.5,3276.8,76585.4,157430
2762,100,22.73,33734656,2334.8,178799.4,71.57,61.7,7372.8,298461.8,695720,68.97,36.86,21669478.4,1742.2,82066.8,73.32,26.5,0,77494.6,155642.2
2763,73.4,10.81,5655756.8,2069,168977.2,71.87,61.78,31129.6,297640.8,715680,69.45,36.82,25893273.6,2205.8,84721.6,73.82,26.5,819.2,78040.4,158917
2764,83.53,12.44,12233932.8,2307.4,176535,71.88,61.85,164659.2,302722.4,710079,68.52,36.81,23442227.2,1733.4,81406,73.68,26.48,2457.6,77131.4,155214
2765,80.02,12.44,56265932.8,2080.4,177376.6,76.8,61.81,9011.2,298090.6,714132.6,68.68,36.78,28011724.8,2212,87275.4,73.85,26.48,0,74760,152557.4
2766,77.57,12.43,6081740.8,2049.8,172130,74.48,61.8,9830.4,300339.4,699668.6,68.78,36.76,27325235.2,2498.8,84582.4,73.43,26.48,0,81465.8,161206.8
2767,76.72,12.43,57062195.2,2076.6,173653.6,71.02,61.8,583270.4,297070.6,707146.4,69.13,36.68,26440499.2,2859.6,87766.6,73.88,26.48,0,81080.4,163061
2768,76.95,12.42,1581056,2314.8,179351.2,71.67,61.8,7372.8,299484,700283,68.48,36.69,28046131.2,2596.2,85615.8,73.43,26.49,2457.6,81554,161090.6
2769,76.22,12.43,4187750.4,2236.8,171498.2,71.47,61.82,40960,298563.4,720106.2,70.27,36.7,27788902.4,2690.8,85381.8,73.73,26.49,2457.6,80767.8,162288
2770,70.55,12.4,68850483.2,2194,175944,71.62,61.83,137625.6,307854,903169.4,69.08,36.73,23663411.2,2332.6,84090.4,73.7,26.48,16384,79008,158013.6
2771,95.85,18.89,40810905.6,2054.8,173896,77.08,61.91,27852.8,296855,711481.8,68.43,36.73,6961561.6,1959.4,85456.8,73.75,26.48,0,74516.4,152605.2
2772,99.83,12.96,28898099.2,2213.4,173112.2,74.7,61.89,88473.6,297144.8,697480.4,68.93,36.72,15068364.8,2307.6,84757.6,73.48,26.48,0,80481.6,159280.6
2773,93.93,17.24,10485760,2090,177354.6,73.02,61.91,647987.2,302050.6,721745.2,68.8,36.61,10153164.8,2357.8,87623.6,73.93,26.5,0,79514.6,162404.6
2774,84.53,17.26,6291456,2153.8,172703.6,71.33,61.94,8192,298201.4,695239.8,68.5,36.62,26214.4,1711,83679.4,73.55,26.49,12288,77786.8,156375.6
2775,87.75,17.29,66337177.6,2594.2,175259.2,72.33,61.97,31129.6,297900.2,709394.8,68.28,36.62,26214.4,2017.2,83643.2,73.72,26.49,0,79183.2,160748
2776,86.48,15.79,45752320,2581.4,176429,71.17,61.98,16384,302826.8,705121.6,69.17,36.62,88473.6,3892.2,90218.8,73.7,26.48,0,82149.8,162025.4
2777,70.9,17.22,6830489.6,1990.4,173509.4,76.12,62,173670.4,297590.2,713550,68.05,36.62,26214.4,2610.6,85315.6,73.77,26.48,2457.6,79433.4,159081.4
2778,68.82,17.15,5908070.4,1997.4,172894.6,76.77,61.98,1952153.6,302904.6,701853.6,68.6,36.62,26214.4,2743.6,87926,73.42,26.48,0,81327.8,160944.2
2779,69.17,10.72,49058611.2,2331.8,174199.2,71,61.97,18022.4,297923,710631.2,68.47,36.63,26214.4,2603.2,85411.4,73.68,26.48,0,81538,163533.8
2780,68.75,10.7,6271795.2,2018.4,176105.6,70.83,61.97,586547.2,298850.8,695552.6,68.4,36.62,26214.4,2696.4,83812,73.38,26.49,3276.8,81432.4,160716.8
2781,68.5,10.71,5827788.8,2274.6,172068.4,71.25,62.01,28672,297570,710089.4,68.98,36.62,27852.8,2524.6,85853.4,73.63,26.49,0,81257.4,163052.6
2782,67.88,10.71,6235750.4,2124.6,176219.6,72.98,62.12,21299.2,307613,899971.8,68.3,36.62,26214.4,1817.6,85728.8,73.65,26.48,3276.8,79146,157900.4
2783,68.07,10.72,5793382.4,2144,173804.4,76.38,62.08,214630.4,298967.8,712417.2,69.22,36.85,52428.8,7991.8,98411.2,73.85,26.49,2457.6,74479,153331.2
2784,69.85,10.73,26422476.8,1976.4,176233.8,75.47,62.03,519372.8,294489.8,690399.8,68.72,36.86,81920,1524,83911,73.12,26.48,0,79440.2,158425.6
2785,69.25,10.73,69885952,2250.6,177761.2,71.25,62.02,6553.6,305513.8,724618.6,69.52,36.88,40960,7324.4,93184.6,74,26.49,819.2,76965,157760.8
2786,68.13,10.74,12661555.2,2043,175507,70.72,62.03,619315.2,294484,687079.8,68.98,36.93,96665.6,7549,91808.8,73.67,26.49,0,77089,157147.6
2787,69.73,10.68,33639628.8,2089.8,171649,71.32,62.06,19660.8,300348.8,714830.8,68.63,36.93,27852.8,7289,89727,73.63,26.48,0,79338,155034.6
2788,69.63,10.54,69076582.4,4491.6,173063,71.32,62.06,25395.2,299452,730451,70.25,36.97,32768,13116.8,100612.4,73.83,26.48,2457.6,76881.4,156041.6
2789,67.95,10.56,7759462.4,2008.6,177197.4,76.63,61.99,33587.2,300065.8,716245.2,67.87,36.97,4915.2,2805.2,84132.4,73.9,26.49,36864,87994.8,163099.6
2790,69.08,10.56,6501171.2,2075.2,172931.8,73,61.92,641818.69,304506.5,737578.75,68.63,36.98,18022.4,8147.4,94340.6,73.97,26.49,24576,81371.8,163376
2791,69.27,10.57,24777523.2,2310.4,174815.2,72,61.92,9830.4,296394.8,708072.8,69.17,36.99,54067.2,2834.2,85307,73.5,26.49,27852.8,80964.4,160086
2792,69.83,10.56,62337843.2,2084,176056.6,72.78,61.92,17203.2,301498.2,731105.8,68.37,37,106496,2605.4,84559.8,73.92,26.52,0,80935.8,162272.2
2793,68.05,10.57,6920601.6,2229.6,174768,72.42,61.89,105676.8,305676.4,918583,68.32,37,32768,3465.6,84078.8,73.48,26.5,0,81924.8,156193.2
2794,68.93,10.53,13841203.2,3016.4,175683,93.97,63.78,84154777.6,302064.6,1864563.8,69.15,37,83558.4,3732,87542.2,73.85,26.5,2457.6,74183,152664
2795,68.58,10.48,0,1998.2,172671.2,97.48,63.26,99479552,293875,2009001.4,67.75,37.01,32768,2611.2,84549.4,73.2,26.5,819.2,78091,155968.2
2796,69,10.48,0,2604.6,176828.8,92.42,63.04,100279910.4,305234,2050019.6,68.83,37.01,37683.2,1699.2,85018.4,73.82,26.51,0,78434.8,161160.4
2797,68.25,10.48,52428.8,1998.2,172543.8,91.13,63.05,106542694.4,851397.4,912684.8,68.83,37.01,83558.4,2377.4,84062.6,73.33,26.51,2457.6,77894,156548
2798,69.22,10.48,0,2016.2,170642.4,91.43,63.24,103601766.4,1586537.8,725153.8,68.3,37,32768,1630.2,82691,73.85,26.51,0,76841.2,157800.4
2799,68,10.48,0,2424.4,175317.4,90.57,63.13,101383372.8,1587626,705489.2,68.52,37.01,26214.4,1996.2,83159.4,73.68,26.5,0,78025.6,156440.8
2800,68.12,10.48,8192,2778.4,177122.8,89.03,65.26,88625971.2,1483788.6,742451.4,68.93,37.01,27852.8,3055.6,87153.8,73.93,26.48,3276.8,78425.2,157593.2
2801,69.03,10.48,111411.2,2628,172379.6,100,64.99,99744972.8,2897533.4,696944.6,68.08,37.01,27852.8,2786.6,84959.6,73.45,26.48,3276.8,81622.6,160323.8
2802,71.4,12.82,29491.2,7764.8,178060,100,66.47,109495091.2,2865637.6,735805,68.47,37.01,22937.6,2755,84594.4,73.83,26.49,0,82587,163406
2803,100,23.74,12609126.4,2226.8,176885.2,100,69.2,111656960,2337628.6,1162512,68.57,37.01,26214.4,1714.4,82592.6,73.38,26.49,2457.6,77431,155818.6
2804,100,23.75,17629184,2292.6,172224.6,100,71.13,129033830.4,300366.4,4667171,68.2,37.01,26214.4,1797,81118,73.75,26.49,0,76764.4,157837.6
2805,99.95,16.78,2993356.8,2361.8,175549.8,100,70.06,122465484.8,303750,4855924.2,68.5,37.01,26214.4,2078.2,85375,73.88,26.47,5734.4,74367.2,152824.8
2806,100,19.99,50995200,2249.2,169918.2,100,71.21,129232076.8,298009.4,4178514.2,67.8,37.01,29479.41,2520.99,84911.64,73.38,26.48,0,78549.87,157146.31
2807,99.95,22.56,25310003.2,2127.6,175807.4,100,68.08,130040627.2,4170842.4,722094.6,68.84,37.01,22946.78,1560.02,83168.07,73.93,26.48,0,76508.91,157729.44
2808,71.38,18.81,4544921.6,1909.2,172918.8,96.13,64.96,129956249.6,4155219,693027.6,68.48,37.02,26214.4,2034.4,84793.6,73.45,26.49,2457.6,76890.8,155520
2809,99.93,23.89,38348390.4,2202.4,175425.4,93.28,68.12,121135104,1224454.4,2454941.6,69.05,37.01,26214.4,1682.2,81290.8,74,26.48,0,77015.8,157983.2
2810,99.95,23.88,72945314.41,1973.02,175822.11,100,66.81,112874291.2,297051,3336254.4,68.05,37.03,26214.4,2340.8,85078.4,73.52,26.48,0,78844.6,157830.4
2811,99.97,20.35,17489920,2134.4,169724.2,100,66.28,101388288,298109.4,3340540.6,68.73,37.03,26214.4,1755.8,83502.8,73.85,26.49,3276.8,74385,153317
2812,99.9,21.04,55430839.3,2110.27,175234.54,100,67.03,105343385.6,861413.4,1583975.8,68.47,37.03,26214.4,2033.4,83166.8,73.57,26.48,0,77510.2,155908.2
2813,99.97,20.94,24520294.4,2229.8,176690.6,100,66.76,104110489.6,3079671,714259.6,68.12,37.03,54067.2,7831,97240.6,73.82,26.48,0,76577.05,157259.44
2814,96.97,20.54,6920601.6,2073,172559,100,66.59,102936576,2866752.4,689524.2,68.67,37.03,16384,1651,82510.4,73.45,26.49,3278.77,76924.35,155636.18
2815,70.05,21.64,40773222.4,2158.6,171848.2,89.65,65.25,87235788.8,2084908,1288562,68.48,37.04,18022.4,7800.4,89393.8,73.83,26.49,0,76491,157001.8
2816,86.1,12.29,37865062.4,1991.6,175386.2,100,66.76,136949760,303167.6,3537364.8,68.7,37.03,26214.4,2778.8,87116.4,73.47,26.48,819.2,80718.6,160280.4
2817,76.5,12.3,10896473.22,2312.15,175885.89,100,67.15,145090969.6,298471.6,3327479.4,68.47,37.03,37683.2,8711.4,99946.2,73.77,26.48,0,78330.2,157509.8
2818,78.78,12.29,64693188.15,2064.25,175388.11,100,64.9,141242368,295636,2758649.8,68.9,37.02,16384,1947.4,84388.8,74.03,26.49,819.69,79350.81,161673.8
2819,76.37,12.29,32926924.8,2250,170630.6,100,66.55,145074585.6,2858700.6,684802.4,69.3,37.03,80281.6,7379.8,92077.8,73.63,26.5,12288,77306.8,155724.2
2820,76.08,12.3,11114905.6,2067.4,178583,92.45,62.12,144864870.4,2893399,713334.8,69.38,37.03,26214.4,7582.6,93544.8,74.02,26.5,7372.8,78528.8,159708.6
2821,76.07,12.29,70464307.2,2235.8,168348.2,96.07,66.65,122192691.2,646951.2,2754978.4,68.83,37.03,22937.6,8154,90641,73.43,26.48,3276.8,81786.8,161499.2
2822,71.1,14.46,30626611.2,2229.4,173963.6,100,65.66,146024857.6,299676.6,3341054.4,68.97,37.03,47513.6,2831.2,87482,73.57,26.48,0,78291.8,157707.6
2823,96.73,18.44,54668492.8,1943.2,176237.8,100,66.99,132021452.8,296337.4,3338658.6,68,37.03,39321.6,2838.2,85664.4,73.43,26.48,17203.2,81911.6,161118.4
2824,94.05,18.87,11137843.2,2116.4,170447.6,98.75,67.96,146611404.8,1399104.8,1288232.2,68.7,37.04,32768,2591,87093.4,74.02,26.49,10649.6,79572.2,160936.2
2825,86.44,18.82,53791731.31,2251.3,179209.32,98.22,67.72,143779430.4,2865283.8,691546.6,68.62,37.04,108134.4,2294,84230,73.42,26.49,0,76807.2,155077.8
2826,85.4,17.28,25588531.2,1914.6,171387.6,100,66.68,132062412.8,2887160.8,711120.4,68.38,37.05,39321.6,2613.2,82424.8,73.8,26.49,3276.8,76456.8,157096.6
2827,83.81,17.29,36808272.11,2502.6,173410.76,89.43,65.99,124498739.2,1707623,1850474.2,68.83,37.05,37683.2,2154.2,84654.8,73.45,26.48,26214.4,77147.6,155000
2828,70.45,18.99,7651328,2122.8,177148.8,100,66.12,106512384,299269,3351596.6,68.22,37.05,26214.4,1874.8,84276,73.63,26.48,0,74184,152654
2829,99.97,30.39,11134566.4,2189,172728.4,100,66.67,115372167,296078.72,3335515.88,68.73,37.05,26214.4,1695.8,83424.8,73.37,26.49,2457.6,77085.4,155718.4
2830,99.87,23.87,65280409.6,2122.4,177642.6,99.98,67.03,128045306.1,337694.69,2386799,68.45,37.06,26214.4,2091.6,84966.2,73.97,26.5,0,76558.8,157787
2831,99.97,15.9,33605222.4,2045.2,175941.4,100,66.85,128530022.4,2914494.4,687133.4,68.02,37.05,26214.4,2791.4,85246.2,73.27,26.49,0,79824.6,158635
2832,99.98,22.5,6684672,2089,171118.8,100,66.58,125996236.8,2881053.2,715659.2,69.05,37.05,72089.6,2681.4,85752,73.82,26.48,8192,82149.2,162451.8
2833,99.87,23.88,30803558.4,2051.8,176107.4,89.57,62.19,116958822.4,2755069.8,700098,68.52,37.05,27852.8,2787,88030.6,75.62,29.5,5734.4,79107.2,159278.2
2834,98.4,17.37,35844915.2,1994.6,173418,94.98,63.35,94815846.4,1262872.2,736442.4,68.35,37.05,26214.4,2349.8,83528.8,87,29.85,83563315.2,79472.4,160850.8
2835,71.62,13.23,5418188.8,2058,173645.8,89.73,63.27,107819827.2,1590922.6,718146.2,68.7,37.05,27852.8,1674.8,85411.6,87.5,29.85,87295590.4,76769.2,159951.6
2836,99.57,17.4,53762457.6,2125.8,177051.8,90.62,63.99,121453772.8,639306,1551795.4,68.07,37.05,27852.8,1768.4,84902.8,86.73,29.81,90586316.8,77570.4,158392.4
2837,99.72,17.34,28298444.8,2214,176084.4,90.73,63.02,103341260.8,301302.6,2041356,68.52,37.05,26214.4,1700.2,83318.8,86.62,29.8,89860505.6,76677.8,159894.8
2838,97.82,16.86,6381568,2126.8,179421,90.48,63.28,109529497.6,302484.6,2212173.6,68.58,37.05,26214.4,1789.2,81947.4,87.53,29.79,93882777.6,78256.6,159209.6
2839,93.9,17.72,47844556.8,1913.8,171187.8,94.57,63.26,103886848,542798.2,1182683.8,68.33,37.06,29491.2,1733.6,86820.2,90.15,28.77,92505702.4,74101.8,154746.4
2840,93.03,17.26,6512640,2754.2,181713.6,96.2,63.23,97289830.4,1726294.8,716808.6,68.57,37.05,37683.2,1908.4,83461.8,75.4,29.35,53360230.4,79971.2,159797.8
2841,70.43,13.22,4869324.8,2068.6,174977.2,91.62,63.23,118719283.2,1588952.8,725237.6,68.78,37.03,26214.4,2352.8,86797,100,32.97,65598259.2,78218,161218.2
2842,99.98,24.53,4815257.6,2207.6,177053.2,83.4,63.29,85576908.8,1173878.6,1001557.2,68.65,37.04,26214.4,2296.4,82758.6,100,33.04,89186304,81434.6,162260.8
2843,100,21.84,5670502.4,1785.8,171898.2,90.62,63.35,120523161.6,299995.2,2030716.6,69.02,37.04,27852.8,3555.6,87264.4,100,33.24,92354150.4,83830.8,168222.2
2844,99.95,20.26,70488883.2,2638.6,173670.6,90.98,63.11,114601164.8,297100.6,2016616.8,68.6,36.98,63897.6,3375.6,89459,100,34.62,89916211.2,84010.4,166157
2845,99.95,20.07,18782617.6,4533.6,174305.8,94.15,63.55,108675072,300567.2,1730481,68.68,36.97,86835.2,9389.8,99420.6,100,33.12,92158361.6,80978,162578.8
2846,100,21.73,6633881.6,2429.2,180284.8,96.58,63.07,103993344,1488186.4,738385.2,68.72,36.96,31129.6,14362.4,91840.4,98.73,28,83881984,85580.6,164728.8
2847,98.93,14.64,25822822.4,1998.4,174671.8,90.87,62.99,105360588.8,1593121,723894.2,69.88,36.98,111411.2,8218,99511.4,75.32,27.99,95999590.4,78682.2,160847.4
2848,70.9,12.3,70905036.8,2385.6,177671.8,85.2,61.84,89386188.8,1587146.8,700665.2,68.3,36.99,6553.6,8996,96848,78.9,27.5,86468198.4,81770.2,163406.8
2849,85.88,13,16723148.8,1972,170110.6,71.7,61.81,235110.4,440660.6,727707.6,69.13,37.03,91750.4,8340.4,95647,78.27,27.45,79749939.2,83969.4,168713.2
2850,81.58,12.99,5591859.2,2211.6,180615.6,71.38,61.81,18841.6,306425.8,899107.2,69.47,37.04,24576,8132.2,89843.8,85.3,27.37,96564838.4,79868,161038.8
2851,76.23,12.99,5252710.4,3007.4,173758.4,77.83,61.81,255590.4,301019.6,733223.4,67.43,37.04,104857.6,1781.8,85503.6,87.82,27.36,91920793.6,78832.6,155862.8
2852,79.75,12.89,39577190.4,2053,175752.2,74.65,61.81,9011.2,297271.8,696257.6,68.8,37.04,45875.2,1625,85669.8,87.4,27.37,92510617.6,77885.6,159164.8
2853,77.75,12.52,52938342.4,2950.4,174341.6,71.35,61.8,208896,302493.2,718196.8,68.82,37.05,26214.4,2868,83976.4,86.18,27.4,105472000,76961,160367.6
2854,75.83,12.49,12958105.6,2216.2,175627.2,71.35,61.81,11468.8,296907.4,694644.8,69.13,37.05,86835.2,5488.6,90409.4,75.28,28.4,38037913.6,81163.6,161641.2
2855,70.5,13.16,7284326.4,2005.8,167605.8,72.3,61.79,77004.8,299930,720782.6,68.02,37.05,54067.2,2710.6,84903,94.92,29.76,86709043.2,84005.2,168172.4
2856,88.68,12.42,70207078.4,2121,179078.2,71.3,61.8,331776,297357.8,695787.8,68.8,37.05,29491.2,1767.4,86225.8,92.52,29.84,93234790.4,78999.6,160413.6
2857,80.64,12.44,27638598,1993.01,170823.15,75.78,61.8,196608,300565.4,715811,68.77,37.05,75366.4,1684.4,82162.4,86.78,30.94,88557158.4,75021,156352.6
2858,76.17,12.45,6304064.13,2131.26,176515.43,75.52,61.83,6553.6,297952,696709.4,68.1,37.05,26214.4,1705.8,87728.2,86.45,29.8,91603763.2,77488.4,159008.8
2859,77.27,12.43,65622835.2,2170.4,176882.4,71.1,61.88,339148.8,300906.8,716573.4,68.43,37.05,26214.4,2271.8,83920,87.57,29.83,87564288,77843,162051
2860,77.17,12.45,35205939.2,7280,176299.2,71.18,61.77,50790.4,296507.8,711869,68.78,37.05,26214.4,4201.6,87501.6,75.57,28.27,88670208,82737.4,165641.2
2861,76.05,12.43,6081740.8,2037.4,171553.2,71.77,61.78,20480,301158,728261.4,68,37.05,26214.4,2702.8,85871.2,83.08,27.43,79188787.2,80299.8,162808
2862,70.23,11.56,17250713.6,2144.8,172177.2,72.15,61.8,629964.8,303570.6,895507,68.93,37.05,26214.4,1512.6,84276.8,80.98,27.54,80378265.6,74593.8,155429.6
2863,99.95,23.98,56465817.6,2066.4,175515.8,76.92,61.83,114688,298976.4,718945,68.08,37.05,26214.4,1874.8,85010.2,78.23,27.39,94508646.4,77431.2,157896.8
2864,99.95,23.99,6501171.2,2027.8,171727.2,75.33,61.73,31129.6,306843.4,726858.4,68.72,37.05,26214.4,1479,85556.4,86.83,27.5,89122406.4,77384.6,160944.2
2865,99.8,17.29,44397363.2,2434,174476,71.02,61.71,13926.4,295260.6,690174.8,69.42,37.06,26214.4,2242.4,84288.6,86.7,27.5,104605286.4,77637,158639.8
2866,99.97,20.33,16410214.4,2344.2,180098.2,71.83,61.71,18022.4,301734,720873,68.33,37.06,29491.2,1591.8,81863.2,86.8,26.6,96811417.6,77051.8,160184.4
2867,99.93,23.96,5534515.2,2025,172547,71.42,61.7,23756.8,296337.4,698220.2,68.62,37.06,29491.2,1970,83315.6,74.53,28.3,11821875.2,77931.8,156701.2
2868,98.73,20.65,28998041.6,2249.2,176384.8,76.85,61.71,432537.6,301200.4,724681.8,68.97,37.06,26214.4,1935,87424.2,91.68,29.86,86020915.2,74725,155685.8
2869,69.05,10.77,62573772.8,2630.6,170459.4,74.7,61.71,21299.2,297341.8,701013.6,67.83,37.05,31129.6,1974.2,83561.2,87.55,29.86,86242099.2,77728.2,158459.6
2870,68.67,10.76,39205273.6,2159.8,174315.8,71.77,61.6,9011.2,302418.8,719350.8,68.75,37.06,31129.6,2155.8,85626.6,86.05,29.89,90841088,77278,160299
2871,68.52,10.77,20206387.2,2243.6,179191.8,71.57,61.61,11468.8,296301.4,691812.2,68.4,37.06,27852.8,2099.2,83727.6,87.28,29.83,88571084.8,77595.6,158364.6
2872,68.52,10.77,1417216,2288,171840.8,71.28,61.58,18022.4,301620.8,725850.8,68.37,37.06,27852.8,1578.6,82856.8,89.28,30.51,90299596.8,76903.8,159814.6
2873,68.93,10.71,57597952,2019.4,176427.2,71.25,61.59,14745.6,304987.8,895728.2,68.9,37.06,26214.4,1791.2,81679.4,94.52,28.18,97103872,77656.6,158050.2
2874,68.6,10.72,54429286.4,2034.2,170607.2,77.23,61.61,748748.8,300252.6,723598.8,68.38,37.06,47513.6,1730.8,90487.6,74.7,27.34,51848806.4,75184.8,154265.2
2875,69.03,10.71,28517990.4,2511,177163.2,74.62,61.6,12288,296909.2,694579.8,68.5,37.05,93388.8,8195.6,95268.4,100,34.5,70214451.2,79888.8,160308
2876,68.45,10.72,6456934.4,2273,174648.6,72.22,61.64,16384,305445.6,726756.6,69.03,37.05,32768,7254.6,90518.6,100,33.1,87025254.4,78794.2,163846
2877,68.05,10.72,5788467.2,2138.8,178718.6,71.9,61.78,65536,293042,685625,69.22,37.04,417792,7744.2,98517.4,100,33.13,86238822.4,78028,159393.2
2878,68.97,10.73,5693440,2191.2,168602.2,71.68,61.78,30310.4,300503.6,715500.4,69.13,37.05,19660.8,1675.2,85291,100,33.17,89060147.2,77647.8,161589.8
2879,68.97,10.71,6081740.8,2501.6,176223.2,71.13,61.8,12288,298357.4,697500,68.25,37.05,8192,7239.2,89539.2,100,33.13,84439040,77581.2,159245.4
2880,69.55,10.71,35592601.6,2264.2,177659.4,77.45,62,596377.6,299849,719436.4,69.02,37.04,31129.6,7972.2,100808.8,99.43,32.57,83754188.8,75385.6,157661.8
2881,69.05,10.73,34927411.2,1945.8,176291,75,62,13107.2,299080.6,699526.2,68.43,37.04,398131.2,2122.4,83823,75.1,27.21,80361881.6,82159.2,163029.4
2882,68.1,10.74,6291456,2248,174981,71.3,61.97,18841.6,300833.6,721198.4,68.97,37.04,113049.6,8504.4,94941.4,100,34.51,90484736,84896.6,170749.6
2883,68.57,10.71,26417561.6,2203.4,175680.8,71.38,62.02,248217.6,296956.2,693436.6,68.3,37.04,47513.6,3000,87648.6,100,32.63,87554457.6,80061,161663.6
2884,68.93,10.62,43832115.2,2177.8,168215.8,72.02,62.02,110592,299534.4,714793.8,68.12,37.05,34406.4,1585.6,82011,100,33.52,89477120,77685.4,161378.2
2885,68.67,10.63,4639948.8,2037,175900.2,71.08,62.03,24576,304073.2,893572.8,68.32,37.06,80281.6,2758,87503.2,100,31.83,83863961.6,77662.4,159051.6
2886,69.5,10.52,23615897.6,2249.8,174722.8,76.55,62.01,592281.6,301228.2,722138,68.48,37.04,39321.6,2331.6,85779.2,100,33.16,85827584,74820.2,155762.4
2887,68.33,10.52,0,2954.2,177551.8,75.18,61.99,12288,298552.4,695268.2,68.68,37.05,36044.8,2841,88072.2,99.83,30.64,90594508.8,80810.4,161936.8
2888,68.38,10.53,0,2286.8,173716.4,71.42,61.99,9830.4,305064.6,732118.6,68.23,37.05,26214.4,2878.2,86371.6,75.08,26.72,88130355.2,82854.8,166525.6
2889,68.58,10.53,0,2262.2,178212,71.22,62.05,5734.4,294768,687005.2,69.07,37.06,26214.4,1685.8,83873.4,98.32,29.95,82268160,80668.6,162608.6
2890,68.43,10.55,57344,2109.6,170354,72.32,62.12,144998.4,299535.6,716353.6,68,37.06,34406.4,1791.8,84035.6,94.08,29.91,81620172.8,77746.6,161722.8
2891,68.58,10.54,0,2071.6,171762.2,71.32,62.25,328499.2,294954.2,687773.8,68.43,37.05,83558.4,1698.6,85936.2,95.17,29.89,91087667.2,77836.2,159700.2
2892,68.37,10.55,0,2728.8,177354.8,76.67,62.26,700416,296741.8,705153.6,68.2,37.02,32768,1934.2,83927,95.45,28.61,94527488,75033,155961.6
2893,68.05,10.55,0,2083.4,175630.8,75.77,62.15,25395.2,296490.2,700528.8,69.37,37.02,26214.4,2004.2,84557.6,94.45,29.83,93460889.6,77836,158996.8
2894,68.2,10.56,0,2211.4,171445.6,71.4,62.21,11468.8,303085.4,722623,68.07,37.02,26214.4,1942.2,84091.4,98.82,29.5,107005542.4,78003.6,161506.8
2895,68.67,10.56,0,2271.4,176586.2,71.42,62.25,12288,297374.4,700120.2,68.53,37.02,26214.4,1737.2,84884.8,74.22,26.64,49499340.8,78444,157762.2
2896,67.77,10.57,0,2346.2,172162.2,71.7,62.23,411238.4,300692,717499,68.42,37.03,26214.4,1747.6,83836.6,95.45,33.11,77893632,77520.6,159152.4
2897,68.28,10.56,0,2002.4,180065.6,72.57,62.24,294092.8,307061.2,896019,68.28,37.04,29491.2,1534.8,85953.6,93.7,33.11,79575449.6,75107,156347.8
2898,68.88,10.56,0,2057.6,171922.8,76.95,62.15,9830.4,300626.2,715556.2,69,37.05,31129.6,2223.4,84635.8,95.48,33.06,81581670.4,81346.8,163524.4
2899,68.45,10.55,0,2189.2,179730.4,74.93,62.12,100761.6,296396.6,690299.6,68.17,37.05,34406.4,3275.2,88443.2,94.43,33.07,78939750.4,84428.4,168803.6
2900,68.92,10.55,0,2238.8,171821,71.12,62.12,6557.53,295980.79,694019.41,68.92,37.06,34406.4,3078.2,86105.2,93.78,33.08,77163724.8,80591.8,162296.6
2901,68.17,10.56,0,2245.4,179265.4,71.87,62.14,19660.8,301479.4,723114.2,68.87,37.06,27852.8,1687,81793.4,75.18,26.59,66695987.2,77343.6,159571.2
2902,68.28,10.56,0,2029,168820.2,71.25,62.15,616038.4,298021.4,697370.4,68.52,37.06,63897.6,1950,83864.2,73.68,26.53,50790.4,79932.6,159424.2
2903,68.6,10.57,0,1953.4,179141.8,76.75,62.14,147456,300004,716242.2,68.35,37.07,27852.8,2702.8,88452,73.65,26.53,9011.2,76845.4,155339.8
2904,68.5,10.56,0,2067.6,170190,74.63,62.12,6553.6,297126.4,690756.6,68.9,37.03,42598.4,7805.8,98164,73.75,26.53,5734.4,81834.4,160163.2
2905,69.27,10.57,0,4993,174742.4,72.07,62.1,16384,303375.8,748991.2,68.4,37.04,96665.6,8075.2,88266.2,73.9,26.53,0,83365,163205.8
2906,67.7,10.56,0,2317.4,179127.2,71.82,61.79,108134.4,296551.6,691234,68.9,37.03,40960,7923,92033.4,73.58,26.54,30255.94,78165.1,156867.24
2907,68.1,10.56,0,2182.4,168925.2,71.45,61.8,20480,301796.6,724736.4,68.75,37.03,106496,7707.6,95117.4,73.79,26.51,59909.44,77532.76,158668
2908,69.2,10.55,0,2181.6,175826.6,71.4,61.77,698777.6,304784.4,891799,69.25,37.04,8192,7033.2,87236.4,73.5,26.5,7372.8,77690,156480
2909,67.67,10.56,0,1869,176500,77.27,61.8,36864,299650.8,713630,68.77,37.04,86835.2,7724.8,101424.2,73.73,26.51,0,75337.4,154200
2910,69.63,10.58,0,3466.2,172908.4,74.83,61.84,35225.6,295825,705914.2,68.22,37.04,29491.2,2438.8,85017.8,73.55,26.51,26214.4,86150.8,161755.8
2911,67.73,10.58,0,2140.6,178271.4,72.62,61.82,59801.6,305350.6,726694.2,68.45,37.05,104857.6,9122.2,93351.6,73.92,26.52,4915.2,81198.2,163071.4
2912,68.23,10.58,0,2521.2,173442.2,71.67,61.73,43417.6,296089.8,690840.2,68.63,37.05,37683.2,2341.4,84956.2,73.63,26.52,6553.6,79394.2,158550.2
2913,68.73,10.59,0,1913,175137.6,71.4,61.73,18841.6,300247.8,713499.8,68.88,37.05,26214.4,2240.6,81976.8,73.85,26.52,0,77389.8,158046.8
2914,68.55,10.58,0,2222,176785.8,70.83,61.72,592281.6,298469,695841,68.05,37.05,32768,2205,85829,73.62,26.5,0,80059.4,159596.2
2915,68.45,10.57,0,2082,174878,76.37,61.78,8192,300985,715959.4,68.52,37.06,40960,4217.2,89686.4,73.82,26.5,2457.6,79024.6,158514.8
2916,68.62,10.57,0,2690.2,176548.2,74.22,61.78,6553.6,299699.4,694978,68.55,37.06,55705.6,3292.4,86344.2,73.47,26.5,0,81411.2,160570.8
2917,67.35,10.57,0,2012.6,173606.8,71,61.79,394854.4,300768,715162.4,68.48,37.06,80281.6,2557.6,84641.4,73.83,26.5,3276.8,77309.8,158455.6
2918,68.63,10.57,0,2310.6,172208.6,70.97,62.03,57344,296580,689659.2,68.38,37.07,26214.4,2249.6,86190.2,73.47,26.51,0,81967.8,161624
2919,68.2,10.56,0,7100.4,175579.8,72.82,62.1,35225.6,299971.6,711734.6,68.03,37.07,26214.4,2685.4,84180,73.8,26.52,0,81745.8,163823.2
2920,68.95,10.56,0,2257.8,176734.4,71.2,62.11,592281.6,306631.4,914432.2,68.97,37.07,26214.4,3634.6,86454,73.5,26.51,0,80852.4,159110.6
2921,68.17,10.57,0,1900.2,177504.2,77.07,62.11,9011.2,303119,714900,68.47,37.06,31129.6,2249.2,83173.4,73.95,26.51,3276.8,75996.4,154620.6
2922,69.25,10.57,0,2258.2,170333.4,77.2,62.11,6553.6,297227.2,719241.4,68.53,37.06,62259.2,2760.8,89081.6,73.43,26.51,819.2,81468.6,161033
2923,67.77,10.57,0,2432,174882.2,73.22,62.08,32768,310069.6,762123.8,68.35,37.06,26214.4,2530,83552,74,26.51,0,82108,163818.6
2924,68.2,10.57,0,2433.8,177404.2,71.98,62.12,150732.8,297366.6,703066,68.75,37.06,26214.4,2004.6,84565.6,73.6,26.52,2457.6,80103.2,159063.4
2925,68.85,10.57,0,1934.6,171723.6,72.98,62.01,31948.8,298866,714810.6,68.33,37.06,26214.4,1650,83128.8,88.13,27.45,89803980.8,78681.8,1362309.2
2926,68.22,10.57,0,2349.2,176050,72,62.01,654540.8,297892.2,711685,68.37,37.06,26214.4,2068,84288.8,87.78,27.49,90426572.8,77543.6,1446047.6
2927,69.25,10.57,0,1962.6,173633.8,77.98,61.97,12288,299467.6,730148.2,69.08,37.06,36044.8,1782,84635.6,87.55,27.44,89485312,74140.6,1444551.2
2928,67.68,10.58,0,2278,176441.6,74.92,61.98,5734.4,295054.8,686204.6,68.27,37.06,31129.6,1699,85202.2,87.05,27.41,100415897.6,413235.8,246159
2929,69.25,10.58,0,2029.4,177663,71.12,61.96,7372.8,299223,726136.4,68.43,37.06,36044.8,1621.8,83366.6,87.75,27.41,92557312,596852,159473.6
2930,89.82,12.14,32853196.8,2346.8,175723.6,72.3,61.98,1353318.4,301210.4,692311.8,68.9,37.06,26214.4,1844.8,81809.8,87.43,27.43,89822822.4,1460002.8,158064.4
2931,85.1,12.5,8264089.6,2003.2,171308.2,72.67,61.96,873267.2,299582.6,725585.4,68,37.06,26214.4,1769.8,84554,82.95,27.5,92120678.4,1003182.2,159986.8
2932,86.85,12.29,6081740.8,2676.6,173482.6,71.4,61.96,22937.6,303481.4,895628.8,68.7,37.06,26214.4,2161.4,85544.4,87.57,27.4,87089971.2,1364508,154392.4
2933,89.78,12.26,43514265.6,2087.4,177777,76.58,61.93,27852.8,299347.2,716327.6,68.37,37.06,75366.4,1678.2,82967.4,87.73,27.49,93464166.4,948222.2,431055.8
2934,91.15,12.25,36511744,2360.2,176538.6,75.97,61.98,7372.8,297524.6,707237.8,68.38,37.06,32768,1664.6,83438.6,80.53,27.46,87049011.2,76121.2,1450662.4
2935,85.6,12.26,15309209.6,1976.4,174652.6,71.45,61.98,498892.8,300348.4,719676.6,69.52,37.06,26214.4,1752.8,83166.8,79.8,27.47,94061363.2,77424.8,1445381.8
2936,70.5,10.61,68663705.6,2489.2,177998.2,71.3,62,137625.6,295909.4,693512.2,68.97,37.07,26214.4,7621,98772.4,81.42,27.4,89155174.4,77103.4,1176428
2937,98.5,23.64,3838771.2,2083.6,175808.4,71.67,61.87,22937.6,297582,695926.4,68.3,37.06,32768,1808.6,83185.6,81.85,27.43,83531366.4,982873.2,158740
2938,99.97,23.78,15841689.6,2253.4,170773.8,76.02,61.9,8192,299391.2,715778.2,69.23,37.06,14745.6,7148.2,91628.4,87.15,27.42,99000320,1367932.8,154567.4
2939,99.8,16.49,69225676.8,2113,177321.4,75.13,61.96,23756.8,295530,693751.8,68.87,37.06,26214.4,7406.8,94896.8,84,26.6,88936448,1359755.2,157085
2940,99.97,17.67,7130316.8,2751.2,173126,71.12,61.94,6553.6,300655.8,723470.6,69.13,37.06,117964.8,5836.6,89479.4,95.82,30.15,84118732.8,222035.6,2208967.4
2941,99.98,21.25,6548684.8,2011.8,181253,70.98,61.94,718438.4,297351.8,693630.4,68.58,37.06,29491.2,6853.8,96003.2,95.47,29.67,86524723.2,77827.4,2736345
2942,99.98,21.45,6920601.6,2390.2,170916.8,72.38,62.05,34406.4,302938.6,736998.6,68.42,37.06,14745.6,4289,88131.8,94.83,30.3,95034572.8,77549.8,2739125.8
2943,71.27,10.67,19292160,2013,176091.2,71.6,62.02,77824,307194.8,897479.6,68.78,37.06,31129.6,7142,89374.2,87.03,29.87,83826278.4,1012566,689043.2
2944,99.8,23.83,35777740.8,1725.4,173624,77.4,62.09,9011.2,299538,715594,68.9,37.06,63897.6,1737.6,85710,87.65,29.86,80329932.8,2647903,154648.8
2945,99.98,17.64,6293094.4,2305.2,173526.6,75.02,61.86,6553.6,298721.2,693758.2,68.22,37.07,40960,1694.8,82881.2,89.07,29.88,91483340.8,2662306.6,158164.8
2946,99.97,22.04,38387712,2004,177228.6,72.32,61.84,24576,302175.4,720681,68.47,37.06,32768,1874.8,84363.8,82.52,30.73,78215577.6,1471595.2,614832.6
2947,99.95,23.09,18839961.6,2346.6,175774.2,71.37,61.88,620134.4,295210.6,690437,68.97,37.06,119603.2,3825.8,87942,87.28,26.89,80650240,77619,1447779
2948,99.93,23.27,59868774.4,1946,171185.6,71.63,61.86,18841.6,299798.6,716900.6,68.52,37.07,32768,1640.6,83138,87.07,27.44,99228876.8,76932.8,1449556.4
2949,71.33,14.02,29229056,2314.8,176588,71.38,61.94,12288,298901,698434.4,68.17,37.06,31129.6,1900.6,83619,87.63,27.43,89276416,116241.2,993981.4
2950,97.5,17.27,52296089.6,1923.4,173933,76.83,61.97,144179.2,299089.6,717837.4,68.47,37.07,24576,1671.2,85347.4,87.6,27.42,88675942.4,1416243.4,155005.4
2951,99.65,14.67,41133670.4,2266.4,175342.6,75.25,61.99,9830.4,297534,692944.6,68.3,37.05,36044.8,1935.6,83882.8,87.32,27.49,96481280,1370251.2,159369.6
2952,99.12,17.25,36963942.4,1891.6,169879.2,72.2,61.97,31948.8,302214.2,723288.6,68.45,37.05,32768,1575.2,84080,82.18,26.61,97582284.8,1303409.6,159939.6
2953,94.18,15.29,50836275.2,2432.8,178462.6,70.93,62,620134.4,295296.2,689394.2,69.15,37.05,78643.2,1828.8,83830.4,99.73,33.48,69895782.4,78226.4,3797691.8
2954,93.43,17.73,8206745.6,1931.4,167135.8,71.33,62.03,15564.8,299230.8,712579.8,68.25,37.05,26214.4,1689.8,83677.4,100,33.04,81806131.2,77245.6,4021963.6
2955,93.28,16.31,6081740.8,2334.2,178603.8,72.12,62,12288,303771.4,891578.4,68.43,37.06,26214.4,1932.8,83675,100,32.95,85821849.6,77318.2,4015179
2956,69.87,14.02,5454233.6,1991.2,169826.8,77.47,62.18,525926.4,299428.8,722603.8,68.53,37.06,26214.4,1970.6,87454.4,100,32.99,86595993.6,2212070.4,400536.2
2957,86.33,14.8,5452595.2,2214,179953.4,74.98,62.19,17203.2,298765.6,694421.4,68.53,37.05,31129.6,1755.6,86052.6,100,32.4,84594688,3924618.6,158577.2
2958,85.73,12.68,30598758.4,2567,170190.2,71.28,62.18,9011.2,301068.6,720213,69.1,37.06,31129.6,1901.6,82971,100,34.29,83960627.2,3965864.6,161314.4
2959,88.75,12.49,57771622.4,2299,178737.2,71.82,62.02,84377.6,290298.6,685070.6,69.58,37.05,29491.2,3315.6,86458.6,89.08,35.35,77770752,1582494,2077254.6
2960,88.42,12.5,7195852.8,2111.4,172716,71.72,62.06,22937.6,304530.8,726087.2,68.15,37.01,31129.6,3414.4,87479.4,100,33.21,81905254.4,84462.8,4038008.6
2961,86.9,12.5,12481331.2,2159.6,173419.8,71.82,61.7,15564.8,298782,695694.8,68.7,37.01,29491.2,1543.6,84554.4,100,32.12,86402662.4,81571.4,4025658
2962,86.1,12.5,54283468.8,2224.2,177042.8,76.72,61.72,629964.8,301327.8,715893.2,68.92,37.01,98304,1771,88275,100,33.42,81759436.8,189996.6,2110173
2963,69.32,10.85,6710886.4,2681.8,175941.8,74.85,61.71,8192,297861.4,695757.4,68.92,37,85196.8,7453.6,94777.6,100,34.11,82389401.6,4191615.4,157975.6
2964,84.18,11.81,5259264,2175,171164.6,71.53,61.72,18022.4,303032.8,723293,69.08,37,13107.2,11499,89747,100,33.16,79229747.2,3994419.2,160265.2
2965,82.95,12.51,49451827.2,4740.2,176255.2,71.48,61.76,164659.2,297770.4,728969.4,69.17,37,26214.4,10534,101161.4,88.77,34.22,80933683.2,3474775.4,284358
2966,76.22,12.51,6481510.4,2214.2,174421.8,72.2,61.59,37683.2,300166.8,719596.2,68.23,37,21299.2,3418.4,87682.6,95.1,29.68,72478720,84671.2,2747389.6
2967,76.27,12.49,5681971.2,2100.4,175468.8,71.13,61.58,16384,302574.8,892248.4,68.75,37,9830.4,7020,92761,93.43,29.85,82950553.6,81136,2733841
2968,76.38,12.49,4875878.4,2044.8,170109.8,77.37,61.61,584089.6,297808.6,713598.4,68.52,37.03,27852.8,7547.8,93680.6,87.8,29.8,85555609.6,1614940.8,154225.4
2969,76.08,12.5,5955584,2091.4,175352.8,74.63,61.61,8192,295996,693566.8,69.15,37.03,129433.6,6967,91007.4,86.7,29.81,86228992,2667975.4,164122.4
2970,69.58,12.48,40648704,3280,173004.2,71.38,61.55,6553.6,300046.8,737275,68.73,37.04,42598.4,2758.8,83714.8,86.62,28.17,87979622.4,2653361.6,157590.2
2971,87.1,12.62,5752422.4,2647.8,179602,71.07,61.57,14745.6,293720.4,695331.4,68.25,37.05,55705.6,2251.2,84038,82.93,27.5,80519987.2,883595.8,899480
2972,76.88,12.65,44205670.4,2131.4,171976.6,72.53,61.75,199884.8,299874.8,721968.6,68.12,37.05,32768,3508,85891.4,78.63,27.42,87271833.6,83896.8,1455194.8
2973,77.62,12.64,69985894.4,2118,173431.8,76.55,61.71,6553.6,301218,719026.2,68.88,37.05,36044.8,5002,91732.6,86.42,27.26,85195980.8,80292.4,1454864
2974,76.2,12.64,7969177.6,2071.2,174559.6,75.43,61.73,593100.8,299936,696455,68.7,37.06,37683.2,2208.2,84449.8,87.4,27.49,93550182.4,292333.8,709294
2975,75.98,12.65,6486425.6,2234,181154,71.42,61.71,359628.8,303310.8,726118.8,68,37.05,99942.4,1778.4,85805.6,86.73,27.38,98113126.4,1497048.4,161705.6
2976,77.12,12.5,55417241.6,2253.8,171898.6,71.55,61.71,49971.2,297623,694829.8,68.18,37.06,40960,1677.4,83602.8,87.28,27.39,90644480,1367880,158067.6
2977,68.83,12.49,46548582.4,2220,176906.6,71.62,61.7,31948.8,302956,736389,69.73,37.06,34406.4,3389.2,85071.6,85.87,30.24,87039180.8,1023336.8,162352.8
2978,87.88,12.69,37850316.8,2222.8,176614,71.38,61.71,14745.6,304951.8,892555,68.08,37.06,36044.8,2246,83879.6,100,29.73,100314316.8,2610500.6,157903.6
2979,85.82,12.69,37850316.8,2222.8,176614,77.03,61.76,109772.8,303314.6,739282.2,68.63,37.07,37683.2,2969.6,87453.4,95.48,32.28,101791334.4,2649542.8,156469
2980,88.88,12.49,6291456,2432.4,182909.2,75.28,61.79,624230.4,302313,704078.6,68.03,37.07,26214.4,1722.6,83984.8,95.35,29.9,102875136,2659146.4,159258
2981,86.77,12.48,38887424,2119.6,171875,72.62,61.68,9830.4,303858.2,722691.2,68.78,37.07,26214.4,1639.2,86002.8,76.78,26.5,63988531.2,156124,162343
2982,85.77,12.49,26786201.6,2373.6,176946,70.9,61.73,5734.4,296099.2,692023.6,69.5,37.07,75366.4,3272.8,86489.6,73.37,26.52,0,82094.6,162499.2
2983,70.22,10.81,19510067.2,2238.6,176201,71.68,61.72,18841.6,302628.8,722893.6,67.88,37.07,32768,2588.4,85843.6,73.78,26.51,9011.2,81792.6,163852
2984,85.38,12.5,43851776,2997.6,174784.2,71.37,61.73,13926.4,300241.6,700642.6,68.95,37.07,26214.4,2043.2,84513.4,73.45,26.51,7372.8,78837.2,158326
2985,76.62,12.54,26653491.2,2086,178039.4,76.52,61.73,158105.6,300145.2,715925.6,68.23,37.06,26214.4,2313.8,89046.2,73.8,26.5,87654.4,77873.6,157580.2
2986,76.32,12.56,6081740.8,2137.2,173763,74.63,61.72,615219.2,299435.8,695199.4,68.73,37.06,26214.4,1975.2,80575.4,73.63,26.5,39321.6,77173.6,155565.2
2987,76.3,12.58,4987289.6,2698.8,174509.6,72.92,61.76,8192,303114.2,719041,67.85,37.06,26214.4,1986.4,88894,73.87,26.48,819.2,79403.2,161027
2988,76.18,12.59,5568921.6,2258.6,177153,71.03,61.78,6553.6,297386.8,691838.4,68.98,37.06,26214.4,2530.2,83631.8,73.53,26.49,37683.2,78422.8,158215.4
2989,76.77,12.52,27318681.6,2504.8,172698,71.57,61.76,18841.6,302109.8,722746.6,69.23,37.06,26214.4,2194.6,84406.4,73.85,26.49,4096,79047,160625.4
2990,68.87,12.5,6291456,2124.6,177430.4,71.53,61.77,13926.4,305682.8,896188.2,69.02,37.07,47513.6,7473,97842.8,73.37,26.47,0,77667.8,157426.8
2991,88.45,11.91,57227673.6,1992.8,174854.4,77.13,61.77,5734.4,301839.8,724769.4,68.32,37.08,78643.2,1979.8,86469.8,73.9,26.47,0,77113.2,156581
2992,81.68,12.43,41925017.6,2080.2,176556.2,74.82,61.77,732364.8,298888,698534,68.33,37.07,8192,8031.8,94647.4,73.43,26.48,6553.6,80416,160191
2993,76.12,12.43,5704908.8,2188.6,174394.6,71.97,61.8,26214.4,301946.4,718359.8,69.12,37.06,70451.2,7661.6,97027.2,73.85,26.48,0,79575.6,162505.2
2994,76.53,12.44,30621696,2380.2,179973,71,61.87,54886.4,296724.4,693686.2,69.07,37.06,72089.6,7938.2,92162,73.68,26.48,0,82659.4,163469.2
2995,77.3,12.44,64956006.4,2042,168422,71.27,61.91,21299.2,300929.4,713225.4,69.02,37.06,36044.8,1713.8,83153.4,73.75,26.48,0,81778.4,164561.6
2996,77.45,12.32,55454924.8,2219.2,176977.4,71.63,62.09,62259.2,298882.6,698909.8,67.9,37.06,39321.6,8149.6,97604.2,73.73,26.46,5734.4,78960.4,159017
2997,69.05,12.28,11588403.2,2076,178372.6,76.75,62.1,114688,301697.6,719955.2,68.8,37.05,65536,1765,81811.4,73.72,26.47,0,80050,161576.2
2998,70.3,10.48,63851724.8,2359.8,177136.8,74.95,62.09,695500.8,299111.6,698830.8,68.57,37.04,37683.2,2079.4,86592.8,73.42,26.47,1638.4,78656.8,158372.6
2999,68.8,10.46,3216179.2,2148.6,175020.8,71.33,62.07,6553.6,303097.2,723832.8,68.55,37.05,122880,1984.2,87198.4,73.83,26.47,10649.6,80384,162273
3000,67.82,10.47,36044.8,2263.8,175743,71.82,62.13,24576,295789,691127.4,68.28,37.04,32768,2854.2,84033.8,73.5,26.47,0,78471.6,158532.6
3001,69.23,10.47,0,2111.2,168465.4,71.6,62.13,18022.4,300166,713767.2,69.08,37.05,34406.4,3577.8,89024,73.75,26.48,21299.2,79988.8,162248.6
3002,67.82,10.45,0,2228.6,180342.8,71.28,62.14,44236.8,305666,895560.6,67.93,37.05,39321.6,2169.4,88596.4,73.67,26.48,16384,80694.4,161444.8
3003,69.07,10.45,0,1878.6,170835.6,77.22,62.13,178585.6,300921.6,715951.2,68.25,37.05,80281.6,2422.8,84740.4,74.13,26.46,0,77526.6,157560.6
3004,67.95,10.46,0,3533,180495.6,74.63,62.01,585728,302494.8,696352.8,69.13,37.05,26214.4,3292.8,86529.2,73.47,26.48,11468.8,79477,158391
3005,67.92,10.46,44236.8,2060.2,170882.6,72.1,62.01,60620.8,305531.8,719890.6,68.87,37.06,26214.4,2244.8,85614.4,73.97,26.47,20480,81111,163211
3006,68.93,10.46,6553.6,2261.2,179513,71.03,62.02,8192,295739.2,689166.8,68.32,37.06,26214.4,2411.2,83449.6,73.9,26.48,0,78971.2,160445.2
3007,68.67,10.48,0,1860.2,168577.8,71.38,62.01,32768,300715.8,715631.6,68.55,37.06,26214.4,1630.6,85081.6,73.47,26.47,2457.6,77374.8,156551.8
3008,68.57,10.47,0,2732.6,180486.2,71.72,62.09,13107.2,298528.2,695773.2,68.85,37.06,26214.4,2300.4,86731.2,73.9,26.47,819.2,76519.2,156542.2
3009,68.55,10.48,0,1858.6,170922.2,75.83,62.09,5734.4,298265.2,693003.2,68.05,37.05,26214.4,2577.8,84492,73.67,26.47,0,82315.2,162695.6
3010,67.68,10.47,36044.8,2368.8,180027.4,71.12,62.01,7372.8,302620.6,717691.8,68.5,37.06,26214.4,2895.4,89768,73.8,26.47,9830.4,81890.2,164298.4
3011,68.22,10.47,6553.6,1921.2,175017.2,70.75,61.97,15564.8,297604.2,690729,68.32,37.06,27852.8,1810,84571.8,73.48,26.47,0,77801.8,157538.4
3012,68.37,10.47,3276.8,2363.8,177660.2,71.32,62.01,183500.8,302381,726785.8,68.32,37.06,34406.4,2035,84159.4,73.62,26.48,5734.4,80058.8,162013.6
3013,68.45,10.48,0,1992,169214.4,72.25,62.02,12288,305434.8,894397.4,68.45,37.06,29491.2,2555.4,85976,73.4,26.47,0,80776.6,161069.8
3014,68.15,10.47,0,2222.4,176893.2,76.87,62.06,168755.2,300334.2,716693.8,68.82,37.06,29491.2,1845.6,85201.6,73.82,26.47,42598.4,77094.2,157412.2
3015,67.73,10.47,0,2264.2,177096.8,75,62.03,589004.8,297544.4,693486.6,67.52,37.06,26214.4,2479.6,88257.8,73.33,26.48,0,79992.6,159294.2
3016,68.2,10.47,9830.4,1950,174020.4,72.58,62.07,20480,301726.2,716798.6,70.52,37.05,37683.2,7601.6,100662,73.98,26.48,14745.6,81135.4,165406.2
3017,68.47,10.47,6553.6,2433.6,176627,71,62.09,67174.4,297144.4,691661.6,68.6,37.05,83558.4,2596.8,85145.2,73.4,26.5,0,82178.2,162611.6
3018,68.72,10.47,0,1995.4,172170.6,71.85,62.09,107315.2,303413.2,718555.4,68.77,37.05,34406.4,8110.2,92660.2,73.6,26.5,5734.4,82900,166328.6
3019,68.02,10.46,0,2310.8,180559.2,71.45,62.11,41779.2,299879.6,697101.8,68.85,37.05,21299.2,7723,97969.6,73.62,26.49,819.2,78073.6,157706.6
3020,68.8,10.46,0,1773,171212.2,77.05,62.12,5734.4,300904.4,732626.4,69.05,37.05,19660.8,2688.4,87605.6,73.8,26.47,4915.2,77099.4,157124.8
3021,68.03,10.47,36044.8,2237.4,177866.6,76.95,62.14,616857.6,302898.8,733455.8,69.42,37.04,183500.8,9032.6,99313.4,73.43,26.48,0,82690.8,163267.4
3022,77.4,16.63,54067.2,2224.8,1102662.8,71.78,62.08,12288,302164.2,730279.8,68.67,37.04,11468.8,6250.6,94371.6,73.95,26.48,0,79105.2,161042.2
3023,99.98,23.76,17865113.6,2096.6,4050139,71.88,62.1,6553.6,296655.8,692593.2,68.95,37.04,24576,7895.2,89933.6,73.7,26.49,2457.6,82198.2,162377
3024,99.93,23.77,17408000,4308.8,4023603.6,73.85,61.94,26214.4,303491,784374.6,68.82,37.04,52428.8,2828.2,88265.8,73.88,26.49,0,85196.8,166396.2
3025,100,22.33,5883494.4,2430.6,3129026,72.97,61.96,191692.8,306912.2,921277,68.12,37.04,39321.6,7362.4,83264.4,73.35,26.49,30310.4,79759.2,159181
3026,99.9,20.64,69581209.6,141257,171876.4,93.87,68.28,87139942.4,302640.8,743762.4,68.6,37.04,36044.8,1829.8,87835.2,73.7,26.47,20480,76420.8,155740
3027,99.93,23.85,41989935.64,3623334.4,176184.69,100,69.39,125590732.8,296416.2,694916,68.76,37.03,32794.24,2951.16,87618.9,73.85,26.48,28672,76568.6,154897.4
3028,91.85,20.43,31643382.83,3978134.68,178098.66,100,70.99,115453132.8,301326.8,721421.8,69.35,37.04,57344,2208.2,84923.2,73.53,26.48,11468.8,80287.8,164279.6
3029,70.11,20.4,51348215.91,3257564.97,176786.89,100,71.3,129017446.4,294104.4,706830.2,68.42,37.04,26214.4,2841.4,82270,73.63,26.49,0,77899.6,157195.6
3030,73.31,24.13,10594855.54,2162.06,173280.71,100,71.25,129189478.4,301759.8,735036.4,85.38,38.21,3484876.8,1848,85720.8,73.8,26.48,22118.4,77751.2,157350.8
3031,99.85,24.47,1307443.2,2083.2,177168.8,100,70.02,129250099.2,297947.4,697150.8,85.23,37.16,12864716.8,2319,85016,73.7,26.48,2457.6,76158.8,154946.8
3032,99.83,16.3,53754265.6,1817.4,595621,84.88,62.85,128031129.6,297682.6,716598,85.58,38.76,16483942.4,1875,85477.4,73.47,26.48,819.2,77653,157309.6
3033,99.78,14.52,7130316.8,2351,2766017.2,94.01,66.08,112832589,301099.24,716977.59,88.83,38.76,20930560,1675.4,86182.8,73.7,26.49,0,79517,162300.8
3034,99.9,16.89,6081740.8,2244.4,2755000,98.92,66.74,117354496,295889.2,692178.8,87.38,38.76,19854131.2,2895,86383,73.3,26.5,3276.8,81085.8,161152.4
3035,98.47,17.18,49455104,1837695.4,172655,99.85,65.47,112797286.4,300911.6,720609.4,85.93,38.76,20828979.2,2250.2,83337.4,73.67,26.49,0,82041.4,164366.2
3036,71.22,10.75,26127564.8,2542828.4,173588.4,100,66.86,114605260.8,305115.6,905249.6,73.22,37.1,13508608,2890.6,87586,73.73,26.47,0,81513,161487.4
3037,69.28,10.76,6922240,2567709.2,177239.2,99.73,66.61,121729843.2,300131.2,715141.2,90.48,43.7,4059955.2,2468.8,87848.4,73.42,26.47,3276.8,78206.4,157928.4
3038,69.5,10.73,18205900.8,2558362.8,176558.2,84.5,62.1,95266406.4,296798.2,715331.4,99.68,40.68,22939238.4,2890,86452,73.6,26.47,0,81239.8,159484.6
3039,70.65,10.76,6030950.4,1779046.8,170728.6,93.28,67.58,75774361.6,299683.2,721496.6,99.42,43.73,22855680,2934,85880.6,73.9,26.48,0,79390.8,162830.8
3040,73.65,13.64,33688780.8,2532.8,595450.4,99.58,66.57,101833932.8,293896.8,694291,93.02,40.47,3824025.6,2011.6,82883.2,73.7,26.47,3274.84,78192.28,157111.73
3041,99.98,24.02,25072435.2,1954.6,4062549.6,96.67,67.63,122839040,298328.4,716858.4,93.37,41.47,2516582.4,2718.2,86158.4,73.77,26.47,0,79370.02,161990.99
3042,99.95,24.01,7408844.8,2082.4,4029237.8,97.22,67.31,124955852.8,297163.8,697134.2,76.58,40.45,3145728,2637.8,87273.4,73.73,26.46,5734.4,82696.4,163736.6
3043,99.98,19.94,5898240,2046.6,3616519,99.48,66.84,122857881.6,299795.8,722347,84.25,41.02,4189276.87,2126.85,86355.97,73.95,26.46,9011.2,79331,160085
3044,99.97,19.61,48855449.6,627969.6,174034.2,100,67.16,104076083.2,297477.2,695827,85.02,42.09,2939540.25,1846.02,84460.95,73.42,26.47,0,78217.8,157659.6
3045,100,22.74,14272102.4,3408182.6,178147.2,78.55,62.58,54700441.6,302617.6,727838.8,85.6,39.11,3145728,2224.8,85783.4,73.38,26.48,5734.4,77724.6,156832.2
3046,97.7,17.41,5454233.6,3645897,176707.4,93.15,66.98,83941785.6,294024,688715,88.5,39.11,2516582.4,1720.4,83604.6,73.7,26.48,819.2,78523.4,161138.6
3047,73.37,15.8,7551385.6,2958162.8,323693.8,98.22,66.88,112040345.6,301340.6,732384.8,88.02,39.1,2716467.2,1962.6,82595.8,73.65,26.48,26214.4,77923.2,157418.2
3048,88.65,12.85,12795904,2117.8,1477549.8,100,68.68,116051968,301216.8,720145.6,85.62,39.1,2097152,1842,86186.2,73.62,26.47,4915.2,76245.2,155925
3049,87.4,13.06,24859443.2,1946.8,1465614.8,100,68.37,106486169.6,296123.2,699067.4,73.02,37.41,4520345.6,2133,86116.2,73.57,26.48,0,78194.8,158012.8
3050,89.65,12.86,39852441.6,453974.4,172132.4,98.25,65.18,102100992,303103,722157.6,81.13,38.2,16665804.8,2125.2,84992.6,73.75,26.48,0,78219.8,160332
3051,88.58,12.87,6622412.8,1264170,176713.6,81.18,62.13,102146048,294451,697564.2,87,39.06,10367795.2,1805.8,85673.2,73.62,26.49,7372.8,77916.4,157167.4
3052,84.02,11.21,5541068.8,1282019.6,175447.4,85.98,63.41,67494707.2,299083.2,718238,76.93,39.09,12951286.69,1754.7,82085.17,73.83,26.47,0,78172.8,159394.8
3053,70.75,11.99,5218304,863081.2,192877.8,87.32,63.35,97796915.2,297370.8,698565.4,76.62,38.78,9785162.06,1945.38,84940.18,73.58,26.47,0,77738.4,156862.6
3054,98.73,17.8,10955980.8,2052.2,2780491.8,93.95,63.62,105393199.3,299274.64,720383.57,76.38,38.77,1941504,1770.8,85092.8,73.57,26.47,2457.6,75991,155873.8
3055,99.82,16.64,43150540.8,1852.4,2736627.2,95.28,63.86,108209975.6,297170.7,694715.83,76.22,38.77,2726297.6,2698.6,87118,73.53,26.47,0,82116.8,162457.4
3056,99.67,17.58,29233971.2,1854.4,2723288,90.02,63.32,108480102.4,300541.8,722665.8,70.77,38.76,3984588.8,2241.6,87508.8,73.62,26.47,0,79055.2,161030.8
3057,99.47,16.84,72146944,1610091,177651.2,90.72,63.05,98669363.2,297064.2,692685.2,89.73,45.38,2726297.6,2483.8,84454.2,73.25,26.47,4915.2,77189.4,156268
3058,99.93,16.54,20789657.6,2550461.8,172396.6,77.03,61.98,63774720,301014.4,721187.8,93.18,45.64,3984588.8,3944.6,86976,73.75,26.47,0,78193.4,160152.4
3059,98.82,11.24,4051763.2,2561615,177293.2,90.92,64.99,75216486.4,306431.4,902422.2,93.57,45.64,2097152,8044.4,94246.4,73.47,26.47,16384,82459.4,163076.2
3060,87.85,17.87,6599475.2,892981.2,1611407,99.02,68.14,115387576.5,300578.51,717624.05,92.87,46.05,2936012.8,2722.4,86350.4,73.78,26.47,0,80957.6,162441
3061,99.68,16.55,8088780.8,2284.6,2764546.8,100,66.18,121473384.1,298779.94,702440.73,93.84,45.64,3907659.34,1868.05,86620.15,73.4,26.47,2457.6,78741.4,157747.4
3062,99.9,16.54,44361318.4,1953.2,2766833.4,98.3,65.83,113312563.2,302024,726907.2,77.81,40.81,8886959.58,2315.53,86570.83,73.97,26.48,0,80569.2,161655.2
3063,99.75,14.7,1797324.8,248606,1297894.2,100,67.71,116890766.9,296104.76,700924.03,89.43,50.16,6896025.6,1955.4,84810.4,73.62,26.49,0,79096.2,161692.2
3064,99.88,17.83,59519795.2,2818791,176110.4,99.98,65.87,107744960.4,300948.18,717116.65,100,50.79,4674355.2,2747.6,84715.4,73.78,26.48,13926.4,78095,157987.2
3065,99.9,18.65,26424115.2,2552519.8,173625,92.45,71.2,87722393.6,299349.4,716472,99.97,47.43,2659123.2,2659.2,88671.6,73.83,26.48,0,76308.2,156260.6
3066,81.23,11.2,6206259.2,2014518,178569,100,71.91,129069420.2,299064.74,704165.03,100,44.7,12307660.8,2609,85910.2,73.58,26.48,0,82201.4,162774.2
3067,99.78,17.84,5503385.6,2171.6,2779673.6,100,69.78,118610975.8,304044.64,725070.47,99.9,45.91,5863833.6,3364.4,89205.4,73.88,26.48,819.2,81895.2,164560.2
3068,99.83,17.84,5118361.6,1964.8,2716864.8,100,70.92,132875059.2,295551,695973.8,99.95,47.93,2310144,1830.2,84402.4,73.68,26.47,2457.6,78317.2,158286.2
3069,94.13,17.85,5722931.2,2077.6,2143549.8,100,69.5,128312115.2,298841,722711.8,79.2,42.11,1743257.6,1969,84485,73.78,26.47,0,78994.4,161237.8
3070,84.55,17.86,5483724.8,2123.8,176804,100,71.92,126282137.6,304585.2,894760.4,79.73,43.76,2936012.8,2605,85953,73.75,26.46,21299.2,82313.6,163069.6
3071,85.85,17.48,57466880,1974.8,175232.6,85.88,62.72,128909312,299928.4,725796.6,76.42,43.77,2097152,2830.4,88327.6,73.82,26.46,3276.8,79224.4,158989.6
3072,81.63,17.41,33223475.2,1720569.6,181547.2,94.8,67.62,84443955.2,299192.6,703085.6,76.8,43.78,2306867.2,1943.6,84276.8,73.53,26.45,3276.8,78152.2,156567.6
3073,68.95,17.41,6273433.6,2554422,175874,100,68.83,124878028.8,303223.8,723651.8,77.27,39.73,3565158.4,2301.8,86059.2,73.75,26.46,2457.6,80486.2,164139.2
3074,70.73,17.41,1846476.8,2543203,174574,100,69.08,118302310.4,295792.8,693031,76.6,39.72,3984588.8,1871.8,82308.6,73.62,26.46,0,78333.4,157382.8
3075,69.47,14.16,4720674.8,2557111.93,176660.8,100,68.83,141680640,301992.4,724650.8,70.93,39.7,2726297.6,2450.8,86600.2,73.7,26.47,5734.4,81669.6,161827.4
3076,69.73,10.94,3293521.71,2548248.75,174078.05,100,70.87,145104076.8,298542.6,725462.6,89.13,46.32,4195942.4,3323.6,89185.2,100,29.47,91603763.2,81934.6,164746.6
3077,70.07,10.88,3301376,2558278.6,177913,100,72.04,129523712,298224.8,718968.6,99.75,42.3,3281715.2,2120.8,84789.2,91.4,29.83,102273843.2,77755.2,159263.8
3078,70.92,10.89,61664460.8,2562670.2,177415.2,94.55,66.38,99032268.8,302004.4,728917.2,99.85,44.63,6550323.2,1878.8,86321.8,87.6,29.83,92549939.2,79334,163864.6
3079,70.33,10.81,58112409.6,2534980.4,171784,100,65.65,115177881.6,295504,696254.6,97.58,41.39,4408934.4,1702,86974,87.48,29.87,103661568,78114.2,160217.2
3080,68.87,10.83,5878579.2,2152,170135.6,100,66.44,111937126.4,303743.2,731835.8,93.3,45.05,13403750.4,1760.6,82900,85.92,29.79,103888486.4,78997,163520.4
3081,68.72,10.78,14598144,3042,177591.8,100,66.49,109953843.2,305466.4,914026,93.63,42.55,13092454.4,1876.2,86438.8,87.83,29.36,100254515.2,78847.8,159453.4
3082,74.83,14.6,29114368,3690.2,810756.4,100,66.35,93390438.4,302114.6,757881.2,78.6,44.62,3796172.8,7702.2,87809.4,74.72,27.38,50427494.4,77712.6,156731.4
3083,99.98,24.03,35550003.2,1737.8,4070463.2,100,67.37,101681561.6,296300.8,700190.8,77.68,43.07,6760038.4,1795.6,84972.6,100,30.22,95493324.8,78389.2,160620.8
3084,99.95,24.11,31073894.4,2409.4,4039372.8,82.65,61.77,93907353.6,303345,732069.8,77.18,40.32,11434393.6,1651.8,87358.2,100,29.44,106240409.6,78606.8,163658
3085,99.98,20.19,5752422.4,2366.8,3391081,91.75,68.14,72022425.6,293946.4,694674.2,76.47,39.83,2177433.6,1661.4,84967.8,100,30.88,107008000,77570.2,159248.2
3086,99.98,18.62,33361100.8,2177452,170975.8,100,67.02,122836582.4,302491.8,722114.2,76.25,39.83,9958195.2,1723,83517,95.28,29.87,106461593.6,78020.6,161453.8
3087,100,15.76,56976998.4,3537673.4,179905.2,97.17,66.54,139527782.4,299574.6,718572.8,76.46,39.85,5162777.53,1664.2,84915.65,95.32,29.87,105627648,81610.2,158909.6
3088,96.59,14.04,5889790.93,3471490.91,180469.72,99.98,66.87,126174822.4,302374.4,721564.8,70.85,39.85,4377154.29,1770.46,85550.93,94.82,29.07,108004880.3,75834.5,157418.95
3089,85.17,24.44,25064536.32,1172237.54,2011278.37,100,67.18,127988531.2,300788,720243.8,79.4,40.56,4702208,1933.8,88032.4,75.04,26.69,78983044.23,77863.12,158094.86
3090,99.93,27.25,45231308.8,1697.4,4030640,100,64.61,127358566.4,302635,727517.4,76.23,40.57,2936012.8,2639.8,86754,98.35,30.16,92175564.8,79141.6,163955.2
3091,100,24.99,51109888,2242.8,3999097.6,82,61.98,92966092.8,296859.6,697053.8,76.23,40.56,2516582.4,1708.8,82893.4,94.97,29.72,102812876.8,82304.2,165502.4
3092,99.93,24.59,55608934.4,2234.2,2263950.8,72.33,61.91,175308.8,303529,725726.4,76.12,40.56,3984588.8,1669.4,83823.2,94.92,29.84,106128179.2,78478.6,162653.6
3093,100,22.67,5180620.8,2332.6,178410.2,71.27,61.9,256409.6,305856.2,897696.4,76.22,40.56,2936012.8,1787.2,87661.8,99.9,29.8,106485350.4,75608.4,156962.4
3094,99.98,22.51,681574.4,1978.8,175050.6,76.55,61.91,33587.2,302509.8,717236.2,75.95,40.55,2726297.6,1683.6,83923,94.27,29.35,107138252.8,77204,158605.6
3095,84.48,17.29,24861081.6,2401.4,180958.6,75.95,61.9,204800,299546.6,706685.4,71.38,40.55,2306867.2,1747,86686.8,75.13,26.59,74564403.2,79899.8,162897.2
3096,71.28,10.76,38641664,3197477,175076.8,71.6,61.88,12288,304042.2,735721.2,68.95,40.5,3147366.4,4041.8,85549.4,100,29.99,94040064,79124.2,159254
3097,70.27,10.71,66104524.8,3870861,178657.6,71.12,61.89,6553.6,298705.8,719481.8,68.23,38.89,6206259.2,1690.8,83762.6,100,30,94949376,78218.6,162097.6
3098,70.05,10.71,6293094.4,3875045.6,174120.4,70.63,61.89,488243.2,301024.8,704263.6,69.28,38.89,12538675.2,1636.4,82538.8,96.38,29.83,99289497.6,78163,159754.6
3099,94.12,23.05,40586444.8,594767.2,3107143,76.45,61.68,33587.2,301851,719157.8,68.37,38.64,13492224,1534.8,86484,95.38,29.83,102708019.2,75779.6,157229
3100,99.92,23.96,41490841.6,1770.6,3967631,75.4,61.68,388300.8,298118.2,696983.8,68.52,38.63,26309427.2,1813.2,84074,95.33,29.86,102948864,77273.6,158705.2
3101,99.97,18.16,16883712,2256.8,4082174.4,71.22,61.75,20480,303165.4,721812.8,68.53,38.63,31865241.6,1550.6,87299.8,99.93,29.73,104348876.8,78008.8,162112
3102,99.97,19.83,5693440,2330.8,1148967.2,71.52,61.67,5734.4,298249.6,703545,69.45,38.6,24979046.4,2504.4,85666,74.28,26.55,102658048,81374.2,161206.6
3103,99.98,21.9,14537523.2,2252,181205.2,71.6,61.68,312934.4,302249,721323,68.75,38.56,26527334.4,5105.2,87901.4,87.78,27.43,96638566.4,84583.8,169677.8
3104,76.83,14.07,6273433.6,3565681.2,178205.6,71.53,61.69,15564.8,306510.4,901710.6,69.58,38.49,21692416,2790.2,85648.8,82.22,27.51,87731404.8,77399.8,158640.4
3105,71.1,11.4,8103526.4,3535560.8,172405,76.52,61.79,19660.8,302883.4,718578,68.92,38.49,25540919.15,2499.7,85685.17,83.37,27.44,98869248,73928.6,154096.6
3106,69,11.32,16891904,951976,178638,75.2,61.78,6553.6,300664.8,701623,68.26,38.49,27809468.24,2231.22,86069.93,87.38,27.39,107683020.8,77609.8,158879.8
3107,68.42,11.31,5306777.6,1892.4,177802.6,71.28,61.8,178585.6,302364.8,721732,69,38.48,25377177.6,1504.8,85582.6,87.47,27.4,107384832,76521.2,160204.2
3108,68.98,11.32,4466278.4,2321.4,173853.8,71.78,61.72,187596.8,295106,689469.4,68.88,38.5,20761804.8,3617,85395.2,87.65,27.4,106336256,86248.6,170430
3109,68.28,11.34,32248627.2,1943.2,175616.6,72.3,61.84,658636.8,302243.2,724309,69.25,38.48,11157504,2975.6,87217,73.62,26.56,18266521.6,80859.8,162339.2
3110,68.2,11.34,16084172.8,2974.6,174550.2,71.2,61.85,63897.6,299248.4,699066,67.92,38.48,18612224,2019.4,84301.6,99.8,30.09,86681190.4,78632.6,161259.2
3111,69.03,11.34,6501171.2,1874,177356.2,76.67,61.88,9011.2,301772.6,719014.8,69.37,38.44,10552934.4,1566,85909,100,29.73,102685081.6,75189.6,156343.2
3112,68.48,11.34,4961075.2,2239.6,173399,74.72,61.87,11468.8,298308.8,699219.8,68.57,38.35,20365312,2032.4,84681.8,100,30.31,114556928,77151.4,158237.8
3113,68.57,11.32,64836403.2,1987.8,174414.2,71.02,61.84,6553.6,301830.8,719739.6,68.77,38.35,57344,1609.6,85533.2,100,29.98,118367846.4,75984.2,158188.6
3114,69.1,11.28,26624000,2473,180264.2,71.58,61.94,6553.6,297855.4,691854.4,68.22,38.35,29491.2,3000.4,86321.6,100,29.19,114812518.4,86371.8,170447
3115,68.8,11.3,18499174.4,2025.8,172120.4,71.32,62.08,641433.6,302439.6,728812.8,68.77,38.35,26214.4,3297.2,85841.2,100,29.9,117562572.8,83943.2,168334.8
3116,68.02,11.3,5411635.2,2212.6,173485.6,71.77,62.01,24576,305854,901334.2,68.18,38.35,26214.4,2384.8,86666.2,75.27,26.55,43794432,80178.6,161353.8
3117,68.6,11.28,43571609.6,1773,173866.8,76.73,62.01,173670.4,298684.8,714947.4,68.2,38.35,29491.2,1758.2,86283.8,99.7,29.92,97673216,75610.2,157370
3118,69.08,11.27,6776422.4,2687,177545,76.87,62.05,35225.6,298459.4,716874.6,68.77,38.35,99942.4,1811.8,84374,100,30.83,117755904,76815.6,157204.4
3119,68.93,11.22,34894643.2,1933.2,175395,72.62,62.01,57344,303001.4,725332,68.75,38.35,27852.8,2358.2,87500.8,100,30.74,118763520,81870.4,168176
3120,69.18,11.14,41354854.4,2905.8,178712.2,71.93,61.86,36044.8,296124.2,700141.4,70.94,39.45,347827.76,3546.77,177273.18,100,30.02,116310835.2,84521.4,166913.6
3121,69.95,11.16,40606105.6,1922.4,175358.4,71.65,61.85,607846.4,300817.2,723949.2,70.94,39.45,16169369.6,2325.8,2651226,100,29.88,122232832,83591.6,167081.8
3122,68.67,11.14,6710886.4,2426.6,177553.6,71.35,61.83,65536,299585,700900.8,99.82,41.84,26283212.8,1663,2670604.2,100,29.83,119299276.8,80005.4,163546.8
3123,68.35,11.13,13446348.8,1863.6,174524.8,76.87,61.89,39321.6,301721.4,724660.6,99.88,43.91,21156659.2,1921,2578553.6,75.07,26.56,60100608,74087.6,152417.6
3124,69.25,11.13,6347161.6,2075.4,176918.8,74.7,61.9,8192,299288.8,696493.2,99.9,39.36,20624179.2,1683,86719.4,83.95,27.44,90575667.2,79507.6,162243.6
3125,67.87,11.13,6501171.2,2183.4,175168,71.42,61.88,54067.2,303068,722539.2,99.75,45.85,18953011.2,2196044.8,84926.2,83.25,27.46,98882355.2,77234,160263
3126,68.15,11.14,6178406.4,2218.4,177699.8,71.88,61.93,8192,298043.4,693384.8,99.27,42.76,21736652.8,2563200,84575.4,87.48,27.48,106092953.6,80308.4,163615
3127,69.02,11.14,5775360,2003.4,169973,71.38,61.92,18841.6,301848.4,717359.8,73.52,38.43,19988480,2532491.4,82937.4,87.02,27.51,107388928,76561,159611.4
3128,68.97,11.04,30297292.8,2160.8,181465.6,74.12,62,2695987.2,310398.4,905964.2,95.75,45.1,17406361.6,255955.8,88737.4,87.35,27.41,99799859.2,79608.4,162827.2
3129,68.18,11.04,34406.4,2109.6,171753.4,76.98,62,32768,301620.2,724055.8,99.85,43.78,24292556.8,2094.4,1137647.2,87.22,27.38,103508377.6,74230.2,154922.4
3130,68.88,11.04,0,2016.2,177058.8,75.85,61.98,5734.4,298541.8,700348.6,99.63,44.46,18454937.6,1484.2,2600284,73.97,26.55,11553996.8,80098,162287.2
3131,68.23,11.04,9830.4,2028.2,175016,71.17,62,5734.4,302021.6,718945.2,96.12,45.02,9687859.2,1810.8,2667192.2,100,29.87,102090342.4,80722.4,164850.8
3132,68.6,11.06,0,2092.4,180667.8,70.95,62.01,82739.2,296200.2,692044.4,87.25,45.12,3144089.6,48947.6,1669683.4,100,30.69,110329856,78157.4,162374.2
3133,68.53,11.07,0,2198,170819.4,72.18,61.95,27033.6,303544,721068,86.07,45.11,3355443.2,2514401.4,84482,100,29.94,122412236.8,78558.6,160980
3134,67.78,11.08,52428.8,2221.6,182489.8,71.37,61.97,1090355.2,300486.4,700927.4,72.23,45.1,2726297.6,2547983.2,85476.4,100,28.97,110833664,75616.8,157130.8
3135,68.17,11.08,0,2065.8,176759,75,61.87,27033.6,300071,700694.2,70.13,45.08,3558604.8,2432359.8,85886.8,100,29.91,117534720,78247.6,160233.8
3136,68.67,11.09,36044.8,2000.2,179452.6,71.38,61.84,65536,304264,735340,68.12,41.87,4194304,1898.6,86846.4,74.88,26.56,52368179.2,78742.4,160269.8
3137,68.45,11.09,6553.6,2543.6,177985,71.35,61.91,397312,297452.4,698368.6,68.43,41.88,2306867.2,2024.4,85314.4,87.38,27.44,89707315.2,80113.2,163193.6
3138,67.98,11.09,3276.8,2060.6,179117.6,72.88,61.82,71270.4,301904.2,721159.8,69.1,38.75,2306867.2,1600.2,83845.2,87.87,27.45,101264588.8,77716.4,161615.6
3139,69.03,11.1,0,2113,170672.6,71.47,61.83,17203.2,307419.4,901580,80.88,45.16,2306867.2,1900.4,970578,87.52,27.4,103482982.4,78523.4,161248.4
3140,68.85,11.09,0,2977,175027.8,76.28,61.81,40028.72,300378.54,715460.71,99.8,44.9,2549350.4,1768.8,2680243.6,87.48,27.4,104218624,75610.6,157912
3141,67.75,11.09,0,3542.4,181513,75.73,61.77,5750.5,303155.64,731999.6,99.83,43.84,4852940.8,6987.4,2693347.8,87.45,27.4,102948864,79779.6,158254
3142,68.12,11.09,9830.4,1990.2,175725.2,71.37,61.76,8192,303200.8,727666.2,98.28,45.37,15314124.8,1872,1731796.4,87.47,27.41,107809996.8,79951.4,164350.4
3143,69.07,11.09,6553.6,2664.4,178003.4,71.28,61.85,589004.8,298365.4,700264.4,85.35,45.35,5953945.6,2493.4,84342.6,74.22,26.56,35387801.6,78439.2,157908.8
3144,68.02,11.1,0,2213.8,169407.8,72.13,61.82,30310.4,302634.2,719478.8,84.92,45.36,7561216,2213.6,84452,73.93,26.54,4096,81001.4,162697
3145,69.07,11.1,0,2117.8,180278.2,71.3,61.83,206438.4,298344.4,696795.6,78.03,45.37,2516582.4,2118.8,84044.6,73.5,26.53,2457.6,77792.2,156476.6
3146,67.9,11.1,54067.2,3127.4,171251.8,76.62,61.72,8192,301388.4,732837.6,68.28,45.37,3357081.6,4776.4,87210,73.48,26.53,0,79436.6,154225.4
3147,68.1,11.11,40960,2089,176048.4,76.32,61.81,18022.4,299130.4,711431.6,69.27,45.39,3145728,663929.8,86837.2,73.5,26.52,2457.6,81947.4,161655.8
3148,69.03,11.11,1638.4,2066.8,177728.4,71.98,61.78,324403.2,301812.4,727341,70.53,42.34,4613734.4,2704320,87784.6,73.48,26.53,819.2,80416.6,162355.2
3149,67.8,11.12,0,2124.6,173262.8,72.23,61.96,621772.8,295848.6,711377,70.13,42.29,4718592,2578582,84132,73.52,26.52,2457.6,78498.2,157781.4
3150,69.3,11.82,11468.8,2504,176201.8,72.47,61.92,23756.8,301506.6,734097,75.77,44,3117875.2,1633762,434991.8,73.73,26.52,819.2,78306.8,160257.2
3151,86.78,12.83,37539020.8,2151.2,177086.6,71.63,61.94,40960,305086,900451.2,86.95,40.73,11624448,2180.2,1352446.8,73.72,26.51,2457.6,83231.8,164119.4
3152,76.41,12.64,20750128.71,2045.63,172706.32,76.27,62,82739.2,298936.8,712700,87.35,40.9,14391705.6,3496.6,1377522.4,73.57,26.51,1638.4,78833.2,159122
3153,76.78,12.29,20959415.38,2090.34,177220.04,75.53,62.02,22118.4,296714.8,693374.4,80.13,40.7,15024128,2524.2,1047903.2,73.42,26.51,0,81091.6,161413.2
3154,77.47,12.21,58841497.6,2034,175127,72.25,61.99,9011.2,301349.2,721084.6,77.52,40.75,22498508.8,1638.4,86411.6,73.95,26.52,0,77910.8,160475
3155,87.28,10.9,17891328,2071.6,176909.6,71.82,61.99,623411.2,294661.4,691228,76.58,40.76,4613734.4,2142.6,85394.6,73.65,26.53,2457.6,81237.2,161541.4
3156,85.37,10.48,6302924.8,7474.2,170436,72.45,62.03,479232,300731.4,731417.8,73.57,40.76,4613734.4,2123.8,85304.8,73.67,26.53,819.2,84332.8,166520.6
3157,68.97,11.41,6712524.8,2032.2,176022.6,71.4,62,168755.2,300891.8,703952.6,68.95,39.93,5480448,1930.6,86977.8,74.03,26.52,0,79095.8,159122.4
3158,99.77,17.09,5310054.4,2079.2,177653.2,76.12,62,22937.6,300718.8,716164,68.18,39.92,4613734.4,2348.6,85607.6,73.53,26.49,3276.8,76243.2,155707.4
3159,98.45,17.15,18782617.6,2254.6,173185.2,75.45,62.01,7372.8,298895,695813.2,69.3,39.85,4345036.8,334535.2,89157.6,73.4,26.5,1638.4,82170,162749.4
3160,98.15,16.32,66981068.8,1968.4,174241.2,71.33,62,1332838.4,302816,722184,69,39.87,2936012.8,1318254.8,85646.6,73.83,26.51,0,83458.2,167133.2
3161,94.78,17.12,39216742.4,2251.8,179577.2,71.15,62.01,880640,296067.2,691920,69.82,39.87,4617011.2,1275300.6,84111.4,73.42,26.51,2457.6,78490.6,157753.4
3162,84.43,17.13,3611033.6,2001,171466,71.12,62,158924.8,300021,716197.8,75.07,41.53,4615372.8,914352.4,339907.4,73.65,26.51,819.2,78476.6,160162.8
3163,84.07,17.14,4215603.2,3250.2,173740,71.92,62.08,23756.8,305222.4,895575,87.52,41.53,2516582.4,2481.2,1356850,73.72,26.5,819.2,78814.6,158073.6
3164,71.1,11.65,52753203.2,1933,176647.4,76.8,62.11,56524.8,300346.2,715221,81.3,41.53,5583667.2,2595.6,1408402.2,73.62,26.51,2457.6,79933.4,160653
3165,99.9,17.72,48978329.6,2233.8,176979.6,75.78,62.14,60620.8,298329.4,699858,77.82,41.52,6915686.4,1776.8,1106750.2,73.52,26.51,819.2,79803,159114.6
3166,99.83,14.88,6502809.6,1874.2,174805.8,71.32,62.1,622592,303115.2,719455.4,76.42,41.51,11740774.4,2405.6,83206,73.88,26.51,18841.6,80584,163595.6
3167,99.92,14.03,7117209.6,2732,174020.4,71.17,62.11,20480,295825.6,692343.4,77.38,41.56,10885529.6,4996.4,87463.2,73.83,26.52,28672,84566.2,165839.4
3168,99.78,13.53,60745318.4,2057.6,171963.8,71.43,62.09,18022.4,302200.4,722122,74.23,41.56,3909222.4,2022.8,85804.2,73.57,26.52,0,78203.2,157490.6
3169,99.68,18.45,27063091.2,2497,180654,71.27,62.17,23756.8,299167.6,698266.4,68.65,40.62,8909619.2,1881,86688,73.55,26.51,4096,76164.2,155747
3170,99.77,17.64,6920601.6,1921.2,174891,76.75,62.06,11468.8,301639.8,717299.6,68.17,40.6,2665676.8,2392.4,85658.6,73.85,26.49,0,82429.4,162788.6
3171,69.7,11.33,53464268.8,2373.4,177465.2,75.35,61.82,22118.4,299116.2,697410.8,68.43,40.6,3091660.8,2746.4,88884.8,73.58,26.5,0,82920,166327
3172,88.33,12.76,37802803.2,1863,171308.8,70.97,61.84,622592,297344,690399,68.85,40.59,2306867.2,2211.6,85724.4,73.37,26.5,2457.6,80127,160493
3173,85.52,12.99,13552844.8,2474.2,177999.6,71.3,61.85,188416,303646.4,722442.8,68.27,40.59,3565158.4,2805,86685.8,73.8,26.5,14745.6,83800.8,167519
3174,88.02,12.81,46674739.2,2064,178104,71.25,61.94,29491.2,318711.8,898904.8,68.52,40.59,2936012.8,49964.8,85501.4,73.57,26.5,17203.2,78524.4,158100.6
3175,89.48,12.81,21685862.4,2466.8,179526.2,76.78,61.93,8192,302514.4,725655.8,70.13,40.57,5097062.4,1004681,86678.6,73.57,26.49,3276.8,75454.4,154971.6
3176,87.73,12.76,52173209.6,2181.6,177680.6,75.97,61.95,6553.6,297576,696296,68.58,40.56,2516582.4,1280350,84239.8,73.45,26.5,0,76886,155015.2
3177,69.57,11.33,41556377.6,2267.4,174857.4,71.35,61.95,5734.4,302224.6,729148,71.22,40.99,3984588.8,1175729.4,86371.8,73.63,26.51,0,79812.8,163277.2
3178,69.57,11.33,41556377.6,2267.4,174857.4,71.32,61.97,596377.6,296522,698014.8,100,53.81,9332326.4,2011,3912193.2,73.43,26.51,2457.6,78524.6,158008.4
3179,99.95,14.25,7431782.4,1941.2,172615.2,71.6,61.97,149913.6,302172.6,718977.4,99.97,53.84,8224768,1763.2,3912950,73.48,26.52,2457.6,78028.6,160284.6
3180,99.83,17.64,27508736,2390,177406,71.87,62,18022.4,298918.8,698380.8,99.95,50.91,1679360,1826,3978540,73.57,26.51,9830.4,77421.4,156672.2
3181,99.63,13.32,29958144,1838,171346,76.62,62.02,31129.6,301816,716603,100,50.04,3019571.2,1855.4,134036,73.65,26.5,2457.6,74918,153545.8
3182,99.78,18.44,63614156.8,2274.6,177435.2,74.93,62.12,6553.6,299935.6,697972.4,100,52.09,5878579.2,1980.2,83798.8,73.47,26.5,0,78281,157112.6
3183,99.72,15.91,6920601.6,1937.2,175063.4,72.02,62.02,6553.6,301869,718600,99.63,50.84,7603814.4,1795.2,85819.2,73.7,26.51,0,79245.6,161076.2
3184,70.08,14.32,6710886.4,2452.8,177804,71.58,62.04,618496,298991,696836.8,68.32,50.53,7009075.2,2339.4,85410.2,73.57,26.52,3276.8,78721.8,158069.4
3185,89.57,12.86,6132531.2,2091.6,175498.8,71.53,62.03,27852.8,303294.8,731502.2,68.85,50.54,2624716.8,1834.8,82251.6,73.55,26.52,0,78180.2,159341
3186,86.02,13.05,47590604.8,2346.8,173638,72.43,62.03,154009.6,305235.4,897160.2,68.37,50.55,3234201.6,28686.6,85142.2,73.62,26.53,0,77712.6,156506.8
3187,86.83,12.85,7000883.2,2022.2,178111.4,76.68,62.03,23756.8,300848.4,714694,70.13,50.51,1931673.6,3188625.8,86459.8,73.73,26.51,15564.8,76015.6,155402.2
3188,88.78,12.85,5067571.2,2295.4,174501,75.18,62.04,163020.8,299855.6,696227.2,71.27,47.31,4456448,3899777.4,84021,73.75,26.52,3276.8,76776.2,154812.8
3189,86.67,12.85,5878579.2,2569.2,175471.2,72.35,62.07,7372.8,304795,724506.8,70.9,47.33,2937651.2,3961422.8,84375,73.93,26.52,0,79374.6,163081.2
3190,86.87,12.83,43261952,2246.8,180191.4,72.47,62.03,22937.6,296016.2,693632.2,85.93,49.05,2516582.4,184611.8,1196556.4,73.68,26.52,5734.4,78444.2,157316
3191,68.3,11.21,6738739.2,2473.8,172715.2,71.87,62.05,685670.4,301965.2,719742,78.03,49.04,3127705.6,2421,1389205.8,73.72,26.53,0,78196.8,159493.8
3192,99.9,24.34,11742412.8,3402.4,177660,71.33,62.04,17203.2,302578,700307.2,77.5,49.05,4590796.8,2249.6,1369580.6,73.68,26.52,8192,82972,162658.6
3193,99.98,21.45,6920601.6,1900.4,173954,76.55,62.02,108134.4,300608.8,716891,77.32,42.49,13890355.2,3776.6,253413.8,73.82,26.51,97484.8,79133.8,159163.6
3194,99.97,19.86,10910105.6,2301.2,176833,74.73,62.02,363724.8,299512.8,695355.4,77.27,42.48,10893721.6,1795.6,85699.2,73.58,26.52,11468.8,78515.4,157454.2
3195,99.95,20.44,53977088,1998.2,171370.2,71.27,62.03,10649.6,302505.8,725198,68.67,42.48,3204710.4,1760.4,83556.6,73.75,26.51,4096,77580.8,158911.6
3196,99.93,18.66,50002329.6,2283,179820,71.85,62.07,14745.6,296747.6,691445.4,69.5,41.42,3565158.4,1792,83306.6,73.65,26.52,33587.2,77188.4,155450.4
3197,100,20.95,7340032,1981,168434.8,71.73,62.06,22118.4,300458.4,715134.4,67.98,41.43,1468006.4,2351.8,84740.4,73.65,26.52,0,77942.4,158853
3198,70.45,14.18,53013708.8,2473,177113,71.62,62.06,13107.2,305142.4,898818.8,68.33,41.44,6356992,2660.2,88001.2,73.67,26.51,0,81389,161144.6
3199,99.68,24.27,5588582.4,1914.8,177308.8,76.67,62.1,153190.4,301702.2,715665.6,68.55,41.39,6173491.2,2750.6,85870.8,73.75,26.51,2457.6,78983.8,158687.8
3200,99.92,24.3,52435353.6,2265.4,177669.4,75.1,62.03,580812.8,297301.4,695667.8,69.2,41.39,3984588.8,6885.2,84563.2,73.47,26.52,819.2,79306.6,157869.8
3201,99.88,16.85,35387801.6,4308.2,173001,71.28,62,34406.4,303476.8,753632.2,68.02,41.4,2936012.8,2427.4,86525,73.72,26.52,12288,83032.4,164143.8
3202,100,21.02,6501171.2,2197.2,182339.4,71.25,62.04,18841.6,296591.4,694533.6,69.02,41.4,2686976,755010.8,83386,73.7,26.52,25395.2,78882,157951.8
3203,99.98,20.76,33403699.2,1873.2,174341.6,72.07,61.9,60620.8,301590,719505.6,70.02,41.38,6850150.4,1278798.6,84617.8,73.65,26.52,819.2,77640,158533.4
3204,99.98,22.97,6920601.6,2324.8,178621.6,71.92,61.73,22937.6,298692.8,701289.6,69.33,41.28,13189120,1277725.4,88307,73.7,26.51,0,81401.6,161234.6
3205,69.88,11.2,27475968,1962.8,175600,76.76,61.76,159425.15,300726.35,725149.3,69.37,41.25,9430630.4,1275158,85000,73.58,26.51,819.2,83724.2,158886.2
3206,99.38,17.76,37144166.4,3190.6,178304.2,74.87,61.74,595110.22,299798.6,717152.1,69.6,41.29,14224588.8,1280525.4,85686,73.92,26.52,4915.2,78087.4,159129.4
3207,93.78,17.66,2126643.2,2022.2,175657.8,71.4,61.75,340787.2,303230.6,720861,70.1,41.25,15487795.2,1138457,84047.6,73.43,26.53,819.2,78109.6,156481.6
3208,94.65,17.67,5898240,2287.2,174132.2,71.23,61.81,97484.8,298063.2,693122,67.98,41.26,2244608,1836.8,83710.8,73.55,26.53,2457.6,77988.6,159290.2
3209,84.97,17.6,46984396.8,2186,174709.2,73.32,61.91,235110.4,301620.2,742753,68.32,41.26,3946905.6,2179.8,83532.4,73.6,26.52,0,81546.2,161288.8
3210,85.63,17.42,35818700.8,2313.4,173350.2,89.63,64.45,51229491.2,361955,814815,69.18,41.29,13058048,2625.4,88721.2,73.67,26.52,0,79911.8,160449.2
3211,85.32,17.43,6483148.8,2083.2,172928.4,81.07,64.49,1013350.4,343224,767032.8,87.18,42.92,28377088,2748.6,331444.8,73.43,26.52,3276.8,77598,155326
3212,68.75,17.4,5660672,2099.4,176363.6,84.67,66.08,3266969.6,1468330.6,793290.2,87.37,43.13,27061452.8,1706,1356495.2,73.83,26.52,0,78897,162156.4
3213,98.85,24.03,4774297.6,2491.6,177778.2,85.55,68.45,1352499.2,808275.4,1103572.6,91.07,42.95,29651763.2,1962.4,1372849,73.48,26.53,8192,78486,157986.4
3214,93.77,24.07,5403443.2,2902.6,170883.2,79.95,66.87,458752,500792.2,944869.2,94.03,42.9,27310489.6,2526,1147563.2,73.78,26.53,7372.8,77500.2,159594.6
3215,93.3,19.01,5436211.2,7105.6,181727.8,85.15,67.79,113049.6,981254.2,1975490,88.85,42.93,26956595.2,3647.2,83481.8,73.88,26.53,0,83422.6,162508.6
3216,93.3,17.95,5275648,1930.6,170390.8,88.13,67.83,387481.6,514303,881278,87.53,42.92,19683737.6,993808.6,88622,73.65,26.52,819.2,79967,160440.2
3217,93.85,17.52,3581542.4,2150.6,179989,94.2,68.76,484147.2,848364.4,1606863.8,69.35,42.93,12644743.11,1289349.18,86679.38,73.53,26.52,2457.6,79984.2,159063.4
3218,70.57,17.51,53968896,2578.4,175259.6,75.18,68.64,1712947.2,737016.2,820789.4,70.78,41.43,10290031.24,1275074.89,86146.18,73.68,26.52,24576,78903.6,160439.2
3219,68.62,17.47,31640780.8,2111.6,176865.2,73.75,67.62,384204.8,299612.4,704618.6,91.7,53.21,5120000,303037.8,2738634.8,73.73,26.52,13101.96,78054.98,157551.38
3220,68.42,17.46,6091571.2,2615.2,174502.6,72.22,67.66,9115238.4,305539.8,732571,100,54.68,2573926.4,1861,3929673.4,73.51,26.53,4097.64,77599.04,159485.99
3221,67.9,17.46,5046272,2169.2,174041.4,72.07,67.41,521830.4,306048.2,897153,99.95,54.67,2536243.2,1889,3896743.8,73.43,26.52,0,78199.6,157457.2
3222,68.7,17.47,32613990.4,2132,174721.8,78.62,67.47,122880,305878.4,752811.2,99.92,48.46,5347737.6,497720.2,1374367,73.58,26.52,3276.8,75011.8,154030
3223,69.08,17.48,6081740.8,2084.2,177011.6,78.9,67.42,340787.2,373545,741145,99.98,54.62,10161356.8,3826369.4,83677.6,73.7,26.51,3276.8,75737,153552
3224,68.08,17.48,4630118.4,2062.2,177483.8,76.72,67.13,147456,760798.6,766666.4,99.85,52.01,10587340.8,3416070,84427.2,73.77,26.51,0,80916.8,164801.4
3225,67.83,17.49,4772659.2,2102,173694,74.73,67.14,2179891.2,1004659.4,713320.4,78.35,51.2,5188812.8,2806249.2,87344.8,73.73,26.53,5734.4,79113.6,159038.2
3226,69.92,17.46,43057152,2247.8,175929,73.32,67.2,172851.2,301764.6,807938.6,69.88,45.02,3774873.6,1700.2,83793.6,73.73,26.52,0,77804.8,159365
3227,68.55,17.45,10181017.6,2425,174346.8,74.22,67.41,2958950.4,315527.6,942819,79.08,49.47,4980736,3099.4,1138021.6,73.57,26.51,819.2,81276.8,161616.8
3228,68.07,17.46,3588096,1975.8,177866.6,81.28,67.49,775782.4,398655.4,786773.2,99.97,54.99,2937651.2,2167.2,3987390,73.68,26.51,0,80138.8,161040.2
3229,68.05,17.46,6501171.2,1957.8,176812.4,78.5,67.5,381747.2,426060.6,703157.4,99.97,55,3147366.4,2276,3914030.4,73.38,26.51,2457.6,79542.6,159459.2
3230,69.08,17.46,5244518.4,2040.2,172645.6,74.95,67.23,82739.2,442442.8,728544.8,99.98,50.99,2916352,2307,2907971.2,73.77,26.51,21299.2,80892.2,163878.2
3231,69.42,10.81,46995865.6,2208.6,177907.2,73.13,67.3,3321856,298878,697895.8,99.95,54.12,3797811.2,2017.6,84270,73.58,26.52,0,79082.2,158465.8
3232,68.63,10.78,53310259.2,2118.8,173159.2,73.77,67.22,400588.8,460767.2,727961,100,53.11,7007436.8,3023306.4,88440.6,73.58,26.52,6553.6,78377.8,160234
3233,69.02,10.79,6186598.4,2343.8,180695.8,74.12,67.2,856883.2,384619,902688,91.98,48.37,13503692.8,3785760.4,85242.2,73.82,26.52,18022.4,78871.8,158853.4
3234,69.73,10.76,46538752,2284.2,175502.6,80.25,67.17,439091.2,449187.6,778292.4,69.4,45.13,8116633.6,3969054.4,86792,73.65,26.51,0,75398.4,154789
3235,68.53,10.73,22991667.2,2590.6,174152.4,79.93,67.32,86835.2,444540.4,773634.8,70.2,45.1,4579328,834560,85927.8,73.88,26.52,0,78764,159000.4
3236,68.65,10.74,6094848,2447.2,178175.6,74.42,67.29,40140.8,420891.4,725078.2,68.47,45.11,2613248,2571.6,85448.8,73.47,26.52,0,82032,161949.2
3237,68.27,10.74,6119424,2135.6,177287.2,73.1,67.35,62259.2,435465.4,700166.4,68.77,41.87,6248857.6,3281.8,86763.6,73.73,26.53,22118.4,82534.8,165559.2
3238,68.78,10.77,14983168,2361.6,172765.4,73.62,67.45,1385267.2,430838.6,730148,68.47,41.88,5862195.2,2274.4,83894,73.68,26.52,0,79617,159157.8
3239,70.93,10.73,44171264,5172.8,664544.2,80.15,68.02,210534.4,321941.4,1001083.6,68.35,41.87,2133196.8,1928.8,88040,73.69,26.51,0,75559.11,154550.32
3240,68.83,10.75,165478.4,4037.6,187428.6,88.02,68.04,52428.8,503301.6,912798,68.43,41.87,6330777.6,1526.6,83361.6,73.49,26.52,2461.54,77682.89,156504.81
3241,78.22,22.04,106496,181496.8,179634.8,80.72,67.65,16384,304160.2,752211.6,72.88,45.74,180224,3600.8,87872.2,73.38,26.51,10649.6,80588,160133.2
3242,80.62,22.14,31129.6,218422.4,178207.8,73.52,67.76,60620.8,377417.8,726585.2,74.03,45.7,260505.6,11473,101037.8,73.68,26.52,3276.8,78401.6,162818.8
3243,77.23,22.17,4915.2,3616,176813.4,72.13,67.77,58163.2,382564.6,695670.4,72.63,45.78,39321.6,4608.2,88463.4,73.67,26.53,4915.2,77992.6,158977.6
3244,80.68,22.22,16384,205429,178168,76.35,68.23,55705.6,398655.2,816418.4,79.82,45.87,149094.4,15898,120669.2,73.67,26.52,0,78234.2,157674.8
3245,84.8,20.05,6553.6,184598.8,183516,74.32,68,698777.6,413313.6,722512.4,78.08,46.01,529203.2,4980.8,98745.4,73.93,26.52,0,75335.8,154551
3246,78.18,20.29,29491.2,2285,172077.8,80,68.03,22118.4,392904,740729.4,81.63,45.96,62259.2,19031.6,115612.6,73.6,26.52,0,80673.8,160629.4
3247,77.12,20.15,126156.8,2413.2,180545.6,79.35,67.97,12288,357444.2,751378.6,80.3,46.06,483328,8245.6,114964.6,73.7,26.52,0,82388,165614
3248,80.68,20.2,42598.4,311180.2,179075.6,74.93,68.12,22118.4,367636.8,719734.6,83.1,46.73,13390643.2,17641.4,116424.4,73.42,26.52,8192,79620.2,159418.8
3249,80.95,20.11,0,2054.4,178485.4,74.97,68.15,20480,350640.8,747734.2,79.97,46.41,591462.4,8170.2,103441.4,73.7,26.53,0,79288,160920.2
3250,79.93,20.13,11468.8,299163.6,177933,75.3,68.15,794624,383971.2,916701,80.03,46.4,255590.4,17744,119353.4,73.55,26.52,819.2,82114.2,162356
3251,77.48,20.14,14745.6,2980.6,181477.4,79.98,67.92,33587.2,375668.2,734136.4,78.42,46.4,1009254.4,7138.2,97681.2,73.63,26.51,2457.6,79234.8,159154.4
3252,78.88,20.15,75366.4,241383.6,179879.8,77.9,67.88,20480,373094.8,801577.4,76.05,46.41,140902.4,15186.2,111322.6,73.58,26.52,0,79806,159196.2
3253,76.87,20.21,140902.4,2119.8,175900.2,73.17,67.89,89292.8,305237.2,770193.6,72.77,46.38,506265.6,1655.4,84605.4,74.07,26.52,0,77596.4,158889.8
3254,84.28,20.23,114688,414333.4,181416.2,73.12,67.83,76185.6,357284.4,715499.8,72.32,46.2,447283.2,12700.6,103065.2,73.58,26.54,9830.4,80517.8,160127.6
3255,77.45,20.23,22937.6,2149.2,172023.6,74.1,67.22,33587.2,326091.6,722457,72.73,46.26,114688,2989.2,83939.8,73.67,26.53,0,77870.6,158687.6
3256,77.15,20.24,119603.2,2255.6,177297.6,74,67.27,661913.6,349235.4,752552.2,79.93,47.11,1551564.8,13234.6,103004.8,73.78,26.52,2457.6,78301.4,157856.8
3257,81.05,20.3,0,248006,178762,77.88,67.48,50790.4,308352.8,741605.6,79.73,47.57,1313996.8,2390,87299.4,73.52,26.52,3276.8,74926.8,154283.8
3258,81.48,20.27,8192,4034.8,179598.4,76.47,67.28,45056,362460.2,704101.2,73.55,47.29,267059.2,12626.2,105493.4,73.55,26.52,24576,78392,157508.4
3259,78.95,20.3,14745.6,148247,175698.4,72.33,67.17,135168,365839.4,722129.2,72.45,47.3,283443.2,2274.4,85746.6,73.85,26.52,0,77521.2,159221.2
3260,79.22,20.31,0,193114.8,179191.8,72.28,67.21,450560,325965.4,697420.8,74.1,47.33,332595.2,11280.6,100946.4,73.37,26.52,3276.8,80467.8,160403.2
3261,77.65,20.25,4915.2,2139.4,176643.6,78.28,67.45,81100.8,367934.2,967806.4,73.63,47.29,448921.6,6017.4,100120.2,73.63,26.52,819.2,81077.4,163001.6
3262,76.97,20.23,27852.8,2488.2,177098.4,73.78,67.48,32768,396472.2,910785.6,80.15,47.32,317849.6,12565,104893.2,73.82,26.52,0,81626.8,162034.2
3263,80.64,20.33,135905.66,477622.23,179277.83,78.93,67.42,66355.2,349158.2,732405.8,86.35,48.94,4109107.2,9797.6,108620.6,73.75,26.51,2457.6,76156,155366.6
3264,80.96,20.25,11475.69,2121.87,176861.72,78.8,67.47,36044.8,308810,709797,86.52,48.45,176947.2,11548.2,105495.8,72.77,26.52,0,78901.8,159281.8
3265,77.47,20.29,34406.4,2453.8,172104.8,74.3,67.46,12288,400973.4,732916.2,83.95,48.21,111411.2,9848,101348.8,74.2,26.51,0,75764,156389.4
3266,79.58,20.3,9830.4,291296.6,181276,73.62,67.52,47513.6,374363.8,702502.4,87.02,48.47,412876.8,11444.8,100950.2,73.48,26.52,6553.6,77775,156964.4
3267,77.37,20.36,16384,5345.6,176061,75,67.38,687308.8,337519.8,740125.6,84.72,48.1,34406.4,14526.6,101302.2,73.83,26.52,27033.6,77628.6,159414.4
3268,78.07,20.52,0,119261.8,179269.4,74.2,67.41,46694.4,362446.2,722908.4,82.23,48.3,385024,11887.6,111078.6,73.9,26.52,0,83707.4,161458
3269,79.57,20.42,77004.8,288824.4,177065.6,78.88,67.29,25395.2,342521.8,800351.8,82.9,48.31,231014.4,9558.8,97480,73.53,26.51,6553.6,79582.4,159832.2
3270,76.8,20.39,39321.6,2275.8,173801.4,79.12,67.25,726630.4,408526.8,833231,80.08,48.28,88473.6,7893,98614.6,73.43,26.52,0,80239.2,160000
3271,81.25,20.33,34406.4,2575.8,179460,73.87,67.29,715161.6,369932.4,752037.4,80.38,48.08,262144,8250.6,91227.4,73.7,26.52,0,78666,160141.4
3272,78.87,20.34,29491.2,321945,180976.8,71.8,67.29,131072,310196.4,714350.6,70.45,48.31,55705.6,8739,97462.4,73.63,26.53,4096,84076.6,159300.4
3273,77.37,20.34,4915.2,2032.4,169075.6,73.75,67.42,27033.6,323262.4,737258.4,69,48.27,311296,4865.8,87042.2,73.73,26.54,0,77628.4,158943.4
3274,78.17,20.36,9830.4,39352.2,183886.8,72.82,67.34,64716.8,366409.4,909626.6,69.7,48.06,78643.2,12005.6,105292.8,89.02,29.86,43583078.4,81330.6,1538863.6
3275,80.2,20.36,93388.8,197051,176997.8,77.88,67.38,36864,319113.8,730251.6,68.3,48.03,154009.6,2874.8,86167.8,100,29.89,102098534.4,81503.4,2741924.4
3276,77.93,20.53,32768,2848.4,178926.6,76.02,67.11,172851.2,355536,699821,69.53,48.06,40960,12852.2,106544.6,95.82,30.19,100893491.2,80916.4,2742083.8
3277,78.5,20.43,4915.2,312817.2,178324.6,72.85,67.12,110592,302714.8,726888.4,69.35,47.54,222822.4,1694.4,84234.6,94.72,29.86,104653619.2,2664244,158348.6
3278,77.37,20.45,22937.6,2127.2,173573.8,72.3,67.08,607846.4,350481,706133.6,69.88,47.62,21299.2,12928.2,102933.8,98.02,29.72,107649433.6,2655870.6,161021.8
3279,77.27,20.47,34406.4,2164.2,175425.4,71.97,67.11,78643.2,317658.2,718474.4,68.22,47.63,22937.6,2054.6,83155.6,86.67,29.09,94131814.4,2054140.6,343993.6
3280,82.9,20.41,19660.8,353017.8,180238.8,71.57,67.18,111411.2,328925,719048.8,70.17,47.65,134348.8,15111.4,108656.8,81.23,27.46,95057510.4,81812.4,1454177.4
3281,77.42,20.41,3276.8,2618.4,175169.6,74.98,67.21,105676.8,353214.2,720671.4,68.22,47.64,103219.2,3067.2,87677.6,83.88,27.5,107529830.4,82644,1451331
3282,80.6,20.7,96665.6,8317.6,180210.4,71.53,67.2,67993.6,304561.6,724704.8,69.65,47.65,54067.2,14039.2,104265.2,88.15,27.49,101832294.4,77675.2,1269174.2
3283,79.37,20.67,44236.8,315478.2,175069,71.63,67.25,638156.8,351357.2,701757.4,67.97,47.67,145817.6,1724.6,85315.4,87.68,27.43,98904473.6,1173442.6,158039.2
3284,77.1,20.66,4915.2,2832.4,181222.8,72.87,67.1,169574.4,322876.2,723356.2,69.63,47.68,131072,12826.8,102484.2,87.4,27.43,107417600,1367953.6,160595
3285,82.97,20.81,9830.4,477649.2,182797.2,71.6,67.12,18841.6,356071.4,900457.2,68.4,47.68,47513.6,1811.2,82701.4,85.47,26.6,99367321.6,1372333,159980
3286,78.75,20.74,36044.8,2339,175757.2,77.08,67.17,8192,355551.4,729012.6,69.2,47.52,0,7138,96483.6,95,29.62,90077593.6,1708971.4,156516.6
3287,78.73,20.64,163840,194105.2,178206.4,75.25,67.17,395673.6,311197,698930.4,68.97,47.5,96665.6,7427,94266.2,100,29.88,113913036.8,2647913.2,158825.4
3288,76.97,20.62,8192,2290,179745,71.58,67.22,13926.4,349636.6,730936.8,69.1,47.48,58982.4,7019.4,94480.6,96.55,29.9,108348211.2,2666157.4,160978.6
3289,76.72,20.62,37683.2,5090.8,182195,73.17,67.41,77824,308152.2,704442,68.9,47.51,101580.8,7608,94860.4,91.51,29.1,95108399.68,1308046.56,681202.44
3290,78.63,20.66,8192,261299,176311,72,67.43,319488,380431.6,726567.2,70.5,48,183500.8,7243.6,92464.2,79.55,29.13,86803061.65,77309.05,1438382.31
3291,77.28,20.64,44236.8,2501.8,178725,71.5,67.48,189235.2,347290.8,704526.2,68.42,47.6,16384,7581.4,94744.2,78.52,29.07,92173926.4,78162.8,1446998.8
3292,76.98,20.65,13107.2,2102.6,174459.2,77.18,67.47,20480,314175.8,722974.8,69.22,47.62,34406.4,7198.6,95043.2,87.25,27.46,106501734.4,194335.8,937450.2
3293,77.72,20.86,109772.8,1950.2,176829.6,75.52,67.42,34406.4,335187.4,697679.4,68.72,47.71,32768,7440.2,94497.8,87.67,27.5,104319385.6,1379259.8,158496.6
3294,76.82,20.72,32768,1957.8,175257,74.02,67.78,33587.2,319484,773421.6,70.07,47.63,122880,8488,105684.6,87.38,27.45,99263283.2,1371966.4,161524.8
3295,76.52,20.72,50790.4,2273.4,177943.4,71.78,67.6,33587.2,396818.6,702256.2,71.37,47.77,540672,10820.2,101805.2,82.57,30.03,69221580.8,1260126,161566
3296,77.28,20.73,9830.4,2521,170951,72.78,67.6,634880,356834.6,719350.4,68.77,47.61,104857.6,9482.2,98535.6,100,34.93,70945996.8,81408.2,3996231.4
3297,77.07,20.72,14745.6,3143.8,182115.2,72.97,67.52,146636.8,363977,969527.8,71.62,48,201523.2,10382,117958.4,100,33.89,94751129.6,77339.8,4018103.2
3298,76.67,20.72,0,1942.45,174556.55,77.1,67.71,14745.6,350010,717289,69.4,47.93,58982.4,7074,94808.6,100,33.12,95088640,74829.2,4024337.2
3299,77.57,20.74,93463.57,2865.69,176071.66,76.57,67.68,60620.8,340723,732246.8,69.32,47.79,99942.4,8259.8,108559.8,100,35.04,94371020.8,2506019.4,200526.6
3300,76.85,20.74,4915.2,2272.6,178907,71.53,67.65,16384,352554.6,726239.6,69.07,47.85,50790.4,7067.8,91572.6,100,33.87,97666662.4,3959585.8,160370.6
3301,80.87,20.6,19660.8,2536.6,177289,71.4,67.67,7372.8,351429.8,692903.2,69.3,47.76,42598.4,7990.4,99422.8,99,32.92,94356275.2,3951868,162099
3302,77.02,20.59,21299.2,2190.6,172902,72.32,67.67,667648,366375,719181,68.88,47.77,193331.2,14265,117357,81.93,29.29,84236697.6,1577106.8,806585.2
3303,77.5,20.56,50790.4,2361.4,177556,72.43,67.79,58982.4,322327,733967,68.67,47.8,55705.6,2210,87749.4,86.12,27.57,92264038.4,80606.4,1447670.2
3304,77.2,20.57,3276.8,2048.2,171314.6,76.28,67.82,162201.6,347036.8,716159.2,69.12,47.79,101580.8,12712.6,101951.8,87.18,27.51,98599731.2,74619.2,1448821
3305,77.08,20.55,8192,3407.2,178305.4,75.95,67.52,12288,399740.8,692553.2,69.33,47.68,50790.4,1771.4,85919.8,87.45,27.49,107411865.6,317599,807643
3306,77.58,20.56,14745.6,2253.2,176949.6,71.6,67.56,36864,301160.8,715045.4,69.55,47.67,70451.2,13159.4,102366.6,87.08,27.57,107413504,1403026.4,160460.8
3307,76.97,20.56,91750.4,2159,176517.2,71.97,67.61,68812.8,383191.4,689043.2,68.28,47.67,72089.6,3479,88245.8,87.53,27.46,97849344,1363675.4,162750
3308,82.05,20.38,4915.2,2151.6,170068,72.47,67.72,91750.4,320728.2,727982.4,69.4,47.68,95027.2,14156.8,105356.2,84,31.91,63315968,1135480.4,552502.6
3309,76.77,20.36,44236.8,2658.2,181606.6,72.92,67.68,620953.6,340540.6,890057,68.77,47.67,52428.8,2554.8,87305.8,100,34.12,84651212.8,81964,4033721.8
3310,77.05,20.35,32768,2043.4,174373.8,77.25,67.73,45875.2,314490.4,731838.4,72.18,47.64,113049.6,17365.8,121785,100,32.09,88329420.8,75163.8,4022882.6
3311,78,20.36,4915.2,2637.2,177573,77.6,67.7,254771.2,351487.6,708120.2,68.88,47.65,49152,2872.6,91255.2,100,31.67,92082995.2,77600.4,3638716.8
3312,77.08,19.88,3276.8,2115,174744.4,73.25,67.76,30310.4,336684.4,733540.2,71.05,47.86,103219.2,12607.2,98816.8,100,33.89,96070860.8,4219086.8,163211.4
3313,78.28,20.24,11468.8,2119.6,173042.2,74.43,67.68,34406.4,394946.8,789207,69.45,47.55,199884.8,9113.8,97187.8,96.32,28.31,94047436.8,3943764.8,169792.2
3314,78.75,20.12,98304,3859.8,177628.8,72.43,67.54,28672,375977.4,721441.6,68.73,47.55,90112,8357,95376.2,91.98,29.96,83615744,1174138,1792579.6
3315,76.85,20.55,21299.2,6661.8,174606.8,73.03,67.63,684851.2,302720.2,707788.2,68.8,47.44,142540.8,7456.4,96699.4,89.85,29.95,85248409.6,76700.2,2794776.2
3316,71.83,20.48,72089.6,8665.4,178358,79.05,67.47,25395.2,376934.4,770121.2,68.83,47.42,39321.6,6997.6,91068.8,88.12,29.93,86299443.2,75987,2671609.2
3317,86.63,19.64,414515.2,21746.4,181372,72.38,67.52,135987.2,347534,721961.2,68.78,47.42,44236.8,7392.4,97891.6,86.37,29.91,90206208,756886.2,1114941.6
3318,94.9,20.23,5880217.6,2536.2,175723.4,71.87,67.49,30310.4,297753.8,693543.8,69.18,47.34,32768,7591.4,89933.6,87.77,29.92,90229964.8,2703909,162005.4
3319,95.43,20.47,147456,811185.4,190273,72,67.57,22937.6,314518.2,721880.4,69.68,47.4,22937.6,9230.8,100403.6,88.4,28.98,92370534.4,2709294.6,168654
3320,86.03,20.28,101580.8,169899,176567.6,73.15,67.48,650444.8,343538.8,901097.8,68.17,47.42,86835.2,3333,85835.4,87.87,30.05,92191129.6,1900658.6,664142.4
3321,84.43,19.95,245760,357885.2,180633,76.87,67.61,85196.8,310395.8,723239.4,69.6,47.42,211353.6,14916,110316.8,97.7,29.96,92122316.8,81871.6,2739347.8
3322,80.37,19.81,273612.8,480848.8,180997.8,78.05,67.6,41779.2,357702,713086.6,68.08,47.41,67174.4,3212.2,86148.2,89.62,29.93,89482854.4,80930.2,2736004.6
3323,81.27,19.93,62259.2,328467.8,179102.6,71.85,67.57,146636.8,304017.2,725453.2,69.58,47.43,52428.8,12628.6,105371.4,87.05,30.01,90196377.6,78115.2,2251377.6
3324,82.72,19.96,65536,248244,180576.8,71.97,67.61,21299.2,336575.6,695691.4,68.33,47.43,58982.4,2239.4,85050.2,86.52,29.9,90416742.4,2411426.6,160268
3325,77.72,19.81,9830.4,2131.2,171835.4,73.48,67.56,124518.4,309837,728998.6,70.23,47.41,104857.6,12976.6,104068,87.75,29.91,92096102.4,2659834.6,162086
3326,79.25,19.97,113049.6,297999.6,179604.6,71.83,67.59,658636.8,332141.4,705347.8,69.52,47.6,1286144,2822.4,85589.8,84.3,29.87,92085452.8,2667974.6,160059.8
3327,84.83,19.93,14745.6,626719.2,178068.8,77.65,67.46,23756.8,311279.4,762829.6,69.33,47.28,321126.4,12787.4,95721,95.6,31.51,84122009.6,344364.8,2180177.4
3328,78.8,19.92,14745.6,243141.2,181978,75.88,67.52,17203.2,296735.4,694999.4,69.5,47.22,27852.8,7565,92553.8,94.08,30.74,87773184,79042.8,2770198.8
3329,78.78,19.93,55705.6,281107.6,177119,72.2,67.53,376012.8,339105.4,729871.2,68.87,47.12,194969.6,6901.8,93447.8,94.98,29.96,96006963.2,77136.6,2705204
3330,77.05,19.95,4915.2,2242.2,176628.4,72.87,67.47,446464,330930.4,701883.2,68.93,47.23,29491.2,8028.4,100666.4,95.72,28.74,94004838.4,1355602.6,719839.6
3331,84.3,19.97,4915.2,419749.8,176836.6,72.95,67.47,93388.8,311820.8,721746.2,68.42,47.24,194969.6,3393.6,87149.8,99.28,29.94,106873651.2,2559428.6,170781.6
3332,77.25,19.95,24576,2284.2,173750.6,71.78,67.48,72089.6,338213.2,912927.2,69.63,47.25,149094.4,15564.2,108488.2,100,30.35,112301670.4,2771672,168373.8
3333,76.88,19.97,90112,2040.2,177859.2,77.78,67.52,375193.6,309158.8,727950.4,68.6,47.23,34406.4,3014,89115,78.65,26.61,62362419.2,1418278.2,161393.8
3334,80.6,20.2,34406.4,738271,184168.4,76.52,67.52,19660.8,337485,704774,69.42,47.24,185139.2,13746.4,105151.6,73.52,26.62,8192,81440.4,161163
3335,76.95,20.07,27852.8,2372.6,176855.4,72.02,67.49,72908.8,309917.8,721132.4,68.57,47.23,116326.4,2569.2,86011,73.05,26.62,14745.6,82346.8,165494.6
3336,77.05,20.07,0,3044.2,178861,72.07,67.55,22118.4,302517.6,701579.4,69.38,47.21,58982.4,13887.4,105449,73.95,26.63,55705.6,79356,157433.2
3337,81.15,20.03,18022.4,1965,169491.6,72.03,67.48,18841.6,336583.2,720896.2,68.67,47.23,209715.2,2849.8,85817.2,73.57,26.62,0,82428.2,165047.2
3338,77.03,19.99,19660.8,2201.4,180448.2,72.13,67.51,39321.6,339389,713055.6,69.65,47.27,90112,13922.2,104743.8,73.67,26.62,4096,81514.8,161466.2
3339,79.55,20.13,16384,425746.6,176416.2,77.92,67.54,602112,322331.6,724496,98.37,50.89,3458662.4,2372.2,3490350.4,73.62,26.61,81920,75772.2,155052.6
3340,78.03,20.31,113049.6,2186.8,177463.2,76.13,67.7,223641.6,340816.4,697191.6,99.92,45.11,23111270.4,5814.4,4064382.8,73.65,26.6,2457.6,78232,157940.8
3341,77.23,20.28,22937.6,7216.2,180039.2,73.43,67.49,47513.6,319961,744169.8,99.97,36.66,15310848,8877.4,514254.8,73.82,26.61,0,77981,159796.2
3342,77.22,20.16,0,2467,175888.4,72.88,67.53,24576,354199.2,704177.2,99.92,42.57,11916083.2,7469.2,93303,73.6,26.61,1638.4,79463.6,156820.4
3343,81.15,20.08,52428.8,2094,174239.6,73.4,67.62,21299.2,306558.6,758655.2,99.92,39.63,17204838.4,6462.2,91689.6,73.78,26.6,3276.8,77652.2,158910
3344,80.87,20.08,11468.8,584329.6,186479,80.58,72.09,18300928,344061.8,909748.8,84.38,31.84,19497123.68,2454363.24,98946.05,73.73,26.61,4915.2,79536.8,157917.8
3345,77.11,20.09,14739.7,2072.97,177855.66,100,70.16,141021184,352158.2,721009.6,70.8,31.91,13269563.96,3819906.91,89674.87,73.6,26.6,9011.2,78710,157780.6
3346,81.19,19.97,29503,2154.46,177214.49,100,70.12,137019392,346185.8,719179.6,71.43,31.93,5610914.03,3834635.55,100049.98,73.58,26.6,0,78061.2,159489.2
3347,79.73,19.68,32768,1993.6,174708.6,100,71.81,129265664,368860.8,695841.2,69.49,31.93,2491364.55,1463261.7,87332.13,73.33,26.61,819.2,81897.4,162055.8
3348,81.2,19.76,22937.6,2045.8,174473.2,100,72.03,124819046.4,356876.8,725444.4,70.7,31.97,2940928,10514,102687.2,74.15,26.46,21299.2,81031,163094.2
3349,76.58,19.76,80281.6,2106.6,176403.4,91.58,67.85,135814348.8,363512.4,707121.8,68.47,31.99,2306867.2,2661,83885.2,73.47,26.45,10649.6,79788,159013
3350,77.22,19.77,3276.8,2063,170713.6,85.03,68.65,35746611.2,365564.6,940414.6,69.15,32.04,3163750.4,7034.4,93566.6,73.65,26.45,0,74767.8,153416.2
3351,76.7,19.79,9830.4,3606.8,178901.4,98.1,68.94,103083211.5,337828.41,771092.98,69.9,32,1431961.6,8405.6,97225,73.45,26.45,2457.6,79621.6,158859.4
3352,85.88,19.92,14745.6,944430.4,186600.2,91,68.53,113067008.8,300019.85,722310.95,68.5,32.02,1951334.4,4522.2,89380,73.72,26.44,0,81358.4,162866.6
3353,76.85,19.92,77004.8,3028.2,178899,90.47,68.51,117316812.8,365575.4,695102,68.67,32.04,2922905.6,8083.8,94229.2,73.52,26.44,819.2,82240.6,161955.8
3354,76.92,19.9,6553.6,2162.6,173995.6,91.25,68.44,119945625.6,340606,730155.2,75.8,33.75,16048128,8633.2,374253.4,73.55,26.45,13107.2,82700.6,166155
3355,76.75,19.9,42598.4,1963.8,177180.4,90.68,68.59,113446092.8,357246,898024.8,90.07,33.7,13271040,8171.4,1352107.6,73.32,26.44,20480,80496,160323.8
3356,82.88,20.06,37683.2,1022113.4,182857.2,89.38,67.43,105459712,345610.6,724893.2,77.22,33.72,3721996,2018.22,1124826.59,74.02,26.45,0,75602.2,154435
3357,79.48,19.94,0,1877.8,176912.6,86.27,70.67,36819763.2,361856.2,711048.2,78.08,33.75,2468081.57,1141778.49,97115.95,73.37,26.45,0,79845.6,159566.8
3358,77.32,19.97,8192,2213.2,176647.8,100,76.46,139682611.2,303145.6,727309.8,78.01,33.8,15526773.91,1282266.51,96750.5,73.62,26.45,3276.8,81809.4,164508
3359,77,19.99,91750.4,3199,176000.8,100,74.02,141533184,457723.6,696368.8,76.55,33.77,8285388.8,1282925.8,95302.4,73.57,26.45,0,82256.2,164433.6
3360,77.9,20.05,16384,2300.2,177192.6,100,76.46,128618496,408242.6,713555.4,68.78,32.75,6853427.2,172252.6,97891,73.77,26.44,13107.2,80318.6,160093.6
3361,84.23,20.06,0,550393.6,184401.8,100,75.38,128625049.6,388803.8,718299.6,74.99,36.93,3144470.21,7310.08,464920.63,73.45,26.44,0,74774,153729.8
3362,77.87,20,9830.4,2383.8,170845.8,95.08,68.03,128554598.4,406504.6,703608.4,99.83,39.19,2170880,1958.4,2686444.6,73.28,26.45,0,79682.4,159545.4
3363,76.87,20.02,50668.79,2052.27,179038.71,84.37,75.41,96772096,336325.6,727179.6,99.78,38.72,2517589.44,8664.87,2676993.6,73.8,26.45,3276.8,82052.2,164631.2
3364,80.33,20.14,104857.6,622836.8,181405.6,100,75.6,122680115.2,388997.4,696869.2,99.83,36.14,2126643.2,4254.6,2270157.2,73.25,26.45,0,81820.6,161479.6
3365,78.17,20.14,14745.6,2134.4,171952.2,100,74.23,120082432,413075.4,719116.2,99.8,38.28,2798387.2,2148671.4,89670.8,73.92,26.45,0,81734.6,164081.2
3366,81.33,20.06,0,3380.2,181285.6,100,76.32,125624320,315226.4,894497.4,99.87,40.35,2936012.8,2561651,93486.6,73.75,26.45,2457.6,80518.2,160466.6
3367,78.93,20.07,14739.7,1955.42,171232.51,100,75.5,125213900.8,360925.8,721997.4,96.52,32.93,2094220.09,2559339.13,91685.64,73.65,26.45,0,75127.4,154221.6
3368,77.84,20.07,26224.89,1849.74,176708.88,100,76.75,127090688,374966,698806,93.17,46.12,2472530.34,448911.08,2874531.34,73.18,26.45,0,76758,156292.2
3369,77.35,20.09,0,2061.4,174741,92.75,68.68,128322764.8,373759,725415.4,99.92,35.78,9740288,2484,3944033.6,73.98,26.45,4915.2,77555.4,159527.4
3370,79.3,20.15,42598.4,446558.2,180082,78.37,70.22,103172505.6,390865.4,702444,99.88,34.26,1871052.8,11331.2,1112893.6,73.55,26.46,0,77472.2,156437.4
3371,77.4,20.15,108134.4,2111.6,171840.6,91.27,68.97,98671001.6,382116.4,717459.4,99.92,35.86,18240307.2,4506.8,87526.2,73.92,26.45,0,78038.4,159626.8
3372,77.23,20.16,0,1970.8,172972.2,90.63,69.55,100886937.6,399231.2,702155.4,99.92,38.51,7317094.4,14069,109841.4,73.52,26.45,2457.6,81528.2,161632.4
3373,77.53,20.16,8192,2089.4,174169.4,93.87,69.06,101940428.8,344963.4,719005.4,77.01,35.16,2725207.52,4006.8,87672.33,73.82,26.45,0,78481.8,158713.4
3374,85.82,20.16,24576,718256.6,186022.2,95.87,68.96,95556403.2,372587.6,697210.6,71.22,25.56,7560963.59,3634047.62,96801.92,73.92,26.46,2455.64,78154.08,159997.6
3375,80.62,20.35,22937.6,3032.2,172009.6,90.88,69.02,98575155.2,359402,720298.4,71.3,25.57,2726297.6,3675823.2,93734.6,73.31,26.47,56570.06,79497.2,158722.78
3376,76.92,20.31,44236.8,1862.4,176080.4,85.43,67.92,92112486.4,378806.4,696323.2,71.8,25.62,2983526.4,3779528.2,90518.2,73.77,26.46,0,79608.2,161617.6
3377,77.1,20.19,6553.6,2187.4,173697.6,78.2,69.17,24770150.4,302529.2,735727,87.55,25.7,1667891.2,487117.8,1102766,73.62,26.46,9830.4,77394,156733.4
3378,77.6,20.32,113049.6,2150.4,180611,94.78,69.01,106103603.2,334180.2,718140.8,84.66,27.3,2095894.46,3546.27,1374687.99,73.78,26.45,0,75550.2,154478.4
3379,79.83,20.26,19660.8,650839.8,179004.8,96.55,69.01,109544243.2,350540.2,695573.6,78.2,27.29,4293545.73,11497.9,1417335.8,73.45,26.45,2457.6,76651.6,154509.6
3380,77.52,20.26,32768,1558.2,175958.4,92.52,68.96,98163916.8,346934.6,720891.6,77.57,27.3,3683123.2,1858,346429,73.83,26.45,3276.8,81348.2,165613.6
3381,76.73,20.33,24576,2856,178266.8,90.77,68.91,105999564.8,346936.6,693161,77.37,27.33,15867904,8163.8,91796.2,73.45,26.46,0,81784.8,161572
3382,83.7,20.28,0,793033.8,179044.4,85.62,67.78,90963148.8,375551,723234,77.18,27.32,8706457.6,8632.4,99009.8,73.75,26.45,0,80473,162136.8
3383,77.08,20.24,6553.6,2277.2,177427.4,79.57,73.9,21408972.8,381536.4,702933.2,69.9,27.27,5896601.6,2091.2,83958.4,73.55,26.43,3276.8,78687.2,157725.8
3384,77.12,20.26,4915.2,4184.4,178183,100,76.99,125158195.2,324151.8,724870.6,69.6,25.89,9586278.4,7459.4,95676.2,73.72,26.44,819.2,77688,157769.4
3385,76.8,20.27,37683.2,5234,178840.8,100,73,120734515.2,363341.6,726245.4,70.12,25.8,2855731.2,1222931,96828,73.68,26.44,67174.4,83968.2,161508.6
3386,77.23,20.29,26214.4,2156.4,173778,100,75.44,116124057.6,369903,727154.4,70.02,25.82,2516582.4,1293792,96445,73.92,26.44,4096,81093.6,163508.8
3387,83.2,20.27,90112,527226.6,181169.8,100,76.42,120410931.2,379902,695645.6,96.1,34.22,2111897.6,135553.4,3155613.2,73.38,26.44,29491.2,79117,158614.4
3388,77.03,20.28,42598.4,2063.6,172532.6,100,74.67,123832729.6,302241.8,734606.8,99.92,35.44,6088294.4,9320,4001489,74,26.44,4096,81601.4,164548.6
3389,77.35,20.26,13107.2,2957.8,178228.2,93.75,68.36,126576230.4,340649.2,910209.6,99.93,30.96,9512550.4,7299.8,3987060.2,73.72,26.44,5734.4,77633.8,157501.6
3390,77.24,20.3,14739.7,2926.23,173158.54,83.03,71.76,72217395.2,306135.4,744133.2,99.98,31.39,14619443.2,9234,838022.2,73.47,26.44,0,78537.2,157858
3391,78.76,20.52,0,145362.34,176881.95,100,72.45,112748953.6,298574,704032.8,99.93,32.8,6794444.8,2146.4,88012.6,73.17,26.44,5734.4,80466.2,163940.8
3392,83.4,20.33,0,446211.4,180889.8,100,72.49,98537472,293681.6,688610.8,99.98,32.87,2097152,14409.8,105645,73.98,26.44,41779.2,79798,158179.2
3393,77.09,20.36,99902.44,2172.73,176034.39,100,73.13,106808934.4,298366.8,714448.2,74.08,25.43,3984588.8,2564.2,85334,74,26.44,0,80383.4,162276.4
3394,78.98,20.39,29491.2,145744.8,181849,100,73.54,107768217.6,296113.2,693104,69.75,25.46,3774873.6,13453.6,104067.8,73.6,26.45,4915.2,81133.6,160909.8
3395,79.73,20.43,13107.2,286482.4,177903.4,95.6,67.85,107766579.2,302679,725618.2,69.32,25.42,3355443.2,2752,88436.8,73.65,26.44,8192,79438.4,159557.6
3396,77.05,20.42,0,2746.4,178402.2,81.47,69.04,20238336,297027.8,697189,69.53,22.42,3579904,11796.8,101144.2,73.58,26.44,0,81344,161062.4
3397,81.3,20.34,14745.6,2581.4,175548.6,90.78,69.36,99236249.6,298580.2,714316.6,68.27,22.41,3355443.2,5053.8,93223.2,73.75,26.45,0,83476.8,166722.8
3398,77.27,20.37,75366.4,1975.8,176823.8,90.57,69.15,96156057.6,309187,698239.6,68.87,22.37,3165388.8,13226.8,105212.2,73.67,26.45,4096,82344.6,162188.2
3399,79.42,20.45,9830.4,381525.6,176603.6,90.63,69.14,108380160,302499.8,734994,68.88,22.37,4399104,5311.2,88393.8,73.77,26.45,0,82336,163380
3400,77.53,20.43,78643.2,2076.2,181376,90.15,69.21,108752076.8,303699.2,894862.2,69.7,22.38,11257446.4,2510833.6,89293,73.68,26.44,4096,78043.4,157274.8
3401,77.4,20.45,109772.8,1955.6,175801.4,93.95,69.93,105580866.5,299510.99,714762.99,70.65,22.3,15156838.4,3816980.2,87674.6,73.68,26.44,0,77454.4,157312.6
3402,81.88,20.42,0,2377.8,178658,91.31,68.09,104321742.2,299682.75,700066.05,70.73,22.33,14596505.6,3595394,84794.2,73.25,26.44,0,77922.8,156938.6
3403,79.33,20.44,70451.2,508330.2,181794.8,79.75,72.53,25174016,305243.4,732537.2,71.85,22.31,13657702.4,4050209,102868.2,73.96,26.45,0,77548.38,159493.4
3404,77.22,20.45,4915.2,2792.6,181529,100,72.29,110731264,292174,686891.6,68.68,22.24,25346048,28278.6,85783,73.34,26.45,3278.11,78041.02,157032.41
3405,76.77,20.46,16384,2219.2,175860.4,100,72.54,117570764.8,308164.4,729602.8,87.38,28.9,19203686.4,15337.2,108257.6,73.8,26.45,0,79536.8,161336.4
3406,81.6,20.42,0,2276,180483.2,100,73.21,114181734.4,301647.8,707949.8,99.75,25.6,4387635.2,1876.2,87022,73.9,26.43,2457.6,78105,158237
3407,78.1,20.45,4915.2,52593,178916.6,100,72.55,113849139.2,314296,726850.4,99.75,28.93,2305483.91,10711.17,99349.39,73.38,26.43,0,82786.8,166540.4
3408,80.03,20.48,14745.6,455497.8,183882.6,93.22,68.09,117409382.4,303231.2,724250.4,99.73,25.6,2439402.84,5918.15,94208.12,73.73,26.44,0,81640.2,161060
3409,77.08,20.5,93388.8,2117,177490.8,72.38,68.04,50836275.2,297154.4,696983.6,98.23,29.32,3145728,9811,98155,73.32,26.44,3276.8,84224.6,166297.2
3410,76.7,20.51,52428.8,2154.4,176656,72.98,67.99,297369.6,300699.6,727323,93.28,28.92,4194304,6742,94175.2,73.6,26.44,3276.8,83266.2,166769.4
3411,83.12,20.5,11468.8,264695.2,176355,72.03,68.02,22118.4,304175.2,897080.2,81.15,25.69,11334451.2,8244.4,91839.8,73.73,26.43,17203.2,79913,158609.2
3412,79.38,20.52,0,612067.8,181573,77.25,68.06,24576,300130.8,722132,71.25,25.52,3304652.8,8008.2,2343161.2,73.85,26.43,2457.6,76948.8,156463.6
3413,77.53,20.56,4915.2,2652.2,178264.2,82.58,67.96,855244.8,949122.6,724802.2,71.38,25.64,2521497.6,2130,2634444.2,73.63,26.43,0,79420.6,158861.4
3414,76.87,20.57,0,2037.6,174859.2,75.93,67.6,131891.2,373386.4,728127.2,72.12,22.69,1469644.8,7453.2,2635293.4,73.62,26.43,0,78162.6,160110.8
3415,79.37,20.7,36044.8,553167.6,182632,72.62,67.46,90931.2,357724.6,697982.2,70.27,22.71,2516582.4,1401060.4,496718.8,73.48,26.44,2457.6,77340.8,156452
3416,82.37,20.67,117964.8,140223,173997.8,72.2,67.55,449740.8,364893.6,725613.2,69.9,22.55,2308505.6,2599098.6,89926.6,74.02,26.44,10649.6,77643.8,158468.2
3417,76.78,20.66,29491.2,2417.8,176810.6,72.73,67.34,174489.6,359234.6,700206.6,70.3,22.67,2939289.6,2497665.4,82373.8,73.62,26.44,0,78113.6,157307.6
3418,77.3,20.66,13107.2,2033.6,174532.8,77.63,67.24,63078.4,369854,724395.4,84.35,29.37,4220518.4,1213474.2,1308041.2,73.68,26.44,2457.6,75473.6,154459.4
3419,77.32,20.71,78643.2,2747.4,178563.8,76.07,67.27,771686.4,364079,698948.2,99.68,28.65,2306867.2,1817.2,2574760.6,73.57,26.44,0,77610,156123.8
3420,82.88,20.66,65536,428138,179788.2,72.77,67.29,367001.6,365936.2,742517.8,99.57,24.05,1735065.6,2363.4,2662358.6,73.75,26.44,0,79036.8,160350.4
3421,77.05,20.66,54067.2,2609.6,177858.6,72.47,67.25,58982.4,355223.8,698650,99.67,29.16,10534912,380067,1533952.6,73.55,26.44,3276.8,77979,157161.2
3422,76.55,20.68,36044.8,2083.2,172728.2,72.98,67.31,358809.6,362666.2,736510.8,88.18,29.2,7176192,2541493.6,93935.8,73.75,26.45,0,79781.2,161794.8
3423,77.1,20.68,57344,2096.6,177433.6,72.98,67.45,175308.8,374071.8,899965.6,86.42,29.26,9302835.2,2609432.6,94629.4,73.23,26.43,0,79699.4,161214
3424,76.83,20.69,34406.4,2228,173801.6,78,67.23,323584,367513.6,719086,79.47,29.19,14331084.8,2183914.8,95887,74.03,26.43,4096,74571.6,152494.6
3425,80.27,20.78,108134.4,769061.8,182380,77.67,67.09,2075033.6,361190.6,701350.4,68.83,26.07,6573260.8,7391.8,93010.6,73.6,26.43,0,76786.8,154452
3426,81.43,20.76,4915.2,2195.2,174783.2,72.22,67.11,18841.6,359663.2,724312.4,69.88,23,3830579.2,7545,97246.4,73.98,26.44,819.2,80110.2,163746.4
3427,78.53,20.73,0,2894.6,177096.2,71.72,67.2,6553.6,355521,694039,68.53,22.94,2729574.4,5753.2,88178,73.52,26.44,2457.6,77683,156589.4
3428,78.03,20.75,19660.8,2136.8,172174.8,72.82,67.27,74547.2,370698.8,721784.4,69.12,22.92,2177433.6,9250.4,100459,73.7,26.45,0,79468.8,161564.4
3429,85.18,20.93,4915.2,815374.8,182619,72.98,67.12,33587.2,362714.2,697764.6,68.4,22.84,2336358.4,4184,87588.6,73.43,26.44,0,81472.2,161289.4
3430,77.88,20.82,0,2388.2,175339.2,77.03,67.16,803635.2,365893.4,733084,89.03,23.14,2064384,2468.8,1180200,73.68,26.43,2457.6,79022,159424.8
3431,77.62,20.83,37683.2,2039.4,176750.4,75.77,67.16,516096,358781.8,702465.8,83.9,24.53,6019481.6,13180.2,1421979,73.45,26.44,0,78954.6,158295.2
3432,78.12,20.94,101580.8,2445.2,176380.4,72.27,67.1,15564.8,363220.8,723445.8,78.38,24.55,19326566.4,1652.4,1335791.2,74.03,26.44,2457.6,78735.2,160559.8
3433,77.33,20.93,34406.4,2072.6,177879.4,72.1,67.14,19660.8,365107.8,695050,77.8,24.55,9155379.2,14142.2,310936.8,73.48,26.44,3276.8,78120.4,156869.2
3434,83.55,20.92,6553.6,776979.6,174888.2,71.77,67.16,423526.4,367032.8,719164.2,77.82,24.52,8747417.6,2639,83690.4,73.67,26.45,0,79402.8,161596.2
3435,77.4,21.05,11468.8,2057.6,179159.4,72.18,67.15,59801.6,367433.4,898107.6,78.23,24.59,2493644.8,1190502.2,96828.8,73.43,26.43,0,81024,160829.6
3436,77.3,20.9,101580.8,2317.2,174638.2,77.32,67.32,5734.4,360452.8,719679.6,70.58,24.45,7117209.6,1275817.8,96046.6,73.75,26.43,2457.6,79239.6,158975
3437,78.27,21.09,32768,2129.8,176348.2,75.25,67.29,212992,357656.6,704837.2,70.1,24.53,4828364.8,1301339,93180.2,73.3,26.43,819.2,78950.8,157524.6
3438,83.5,20.79,140902.4,499772.6,178980,72.32,67.26,30310.4,372782.8,728816,86.4,24.46,9279897.6,116764.8,1065795.6,73.38,26.44,3271.57,82164.14,162638.98
3439,77.03,20.63,103219.2,1983,176162.2,76.63,67.46,1536819.2,370971,1015363,89.05,24.83,11778457.6,6355,1416261.2,73.76,26.44,0,81922.48,164806.69
3440,77.12,20.65,60620.8,2158.2,171636.2,74.28,67.45,1591705.6,368107,785431,91.35,24.56,11562188.8,14746.4,1357538.2,73.63,26.44,0,79238.4,158968.2
3441,77.87,20.61,42598.4,2161.2,176706.2,73.4,67.45,81100.8,359570.2,705401.6,91.38,24.68,14067302.4,3812.8,410439.4,73.77,26.43,2457.6,76868.8,158094.6
3442,77.87,20.69,22937.6,37587.6,176130.6,77.71,67.4,85282.08,380214.01,788356.16,90.43,24.63,16323379.2,13106.8,103758,73,26.43,819.2,81816,163812
3443,79.77,20.74,185139.2,289041,183467.8,72.95,67.36,452198.4,371698.4,757163,87.03,24.78,26181632,128050.2,90911.6,74.28,26.44,0,84029.4,163686
3444,77.43,20.71,62259.2,5130.6,175943.4,72.23,67.38,49152,360730.4,695531.2,73.83,24.77,7177830.4,1281698,99711.6,73.38,26.45,2457.6,82428.4,162681.2
3445,77.7,21.01,4915.2,2410.8,177184.4,72.58,67.39,54067.2,363454.6,733893.6,70.35,24.71,3145728,1286692.2,93010.8,74.18,26.46,0,83016.6,165706.8
3446,80.93,20.81,21662924.8,2199.2,173162.2,74.67,67.25,618496,366714.6,915769.8,70.15,23.48,3265331.2,1256806.2,97714.4,73.5,26.44,67174.4,82612.6,162502.8
3447,83.53,20.96,388300.8,2276,174059.8,76.67,67.3,44236.8,368455.4,719320,69.32,23.49,5446041.6,7425.2,96691.4,73.75,26.44,4915.2,79297.6,159236.6
3448,78.58,21.07,6553.6,3268.8,176214.8,76.27,67.3,66355.2,361855.6,712724.8,68.38,23.37,3260416,8994.6,92823.6,73.5,26.44,33587.2,85608.4,161358
3449,77.2,20.91,0,2487.8,175726.4,73.23,67.34,176128,366708.4,730947.8,69.43,23.39,3999334.4,7946.4,98657.4,73.9,26.44,3276.8,79370,160949.6
3450,82.03,20.84,4915.2,3091.6,174355.8,72.35,67.37,23756.8,354169,691120.2,68.78,23.38,4194304,6830.6,92952.4,73.43,26.45,0,80386.6,159643.4
3451,76.93,20.84,18022.4,2353.8,174817.6,73.47,67.34,539033.6,361827.2,720697,69.38,23.43,3769958.4,9923.4,97987,73.67,26.45,4915.2,78240.8,159498.4
3452,77.3,20.62,170393.6,2271,176500.4,71.83,67.36,25395.2,367626.4,699689.8,68.93,23.43,5550899.2,6679.4,91856.2,73.8,26.44,5734.4,78064,157510.6
3453,76.78,20.63,180224,2122.4,173837.6,77.47,67.48,21299.2,366707,720139.8,68.77,23.42,1079705.6,8381,98248.8,74.03,26.44,0,76069.4,155398.6
3454,77.05,20.64,131072,1873,175528.6,75.72,67.53,195788.8,360519.6,701809,69.08,23.33,5093785.6,7002,92616,73.43,26.44,2457.6,77963.8,157073.2
3455,76.93,20.63,26214.4,2207.8,175143.6,74.92,67.58,261324.8,366670.8,826780.6,68.92,23.33,11539251.2,8068.6,96812.2,73.13,26.45,6553.6,80875.6,163791.6
3456,77.42,20.63,29491.2,3952.2,177245.8,73.9,67.49,95027.2,370137.4,742457.6,69.33,23.34,10682368,7774.4,91271.4,74.1,26.44,0,80347.6,159084.6
3457,77.18,20.65,6553.6,2069.4,172911.2,72.42,67.49,612761.6,369151.6,726149,69.15,23.31,5963776,8188.8,98720.6,74,26.45,2457.6,78879,159888.4
3458,78.05,20.67,14745.6,8027.2,178434,72.45,67.47,22118.4,368594,914844.4,68.15,23.2,18718720,2478.6,84737.6,73.5,26.44,819.2,79434.8,157117.2
3459,76.8,20.66,16384,1969,174157.6,77.8,67.49,7372.8,381560.2,721396.6,69.7,23.32,1712128,14550.4,106894.4,73.67,26.44,0,79285.8,159097
3460,75.32,20.94,116326.4,6704.6,179188.2,75.42,67.52,17203.2,372459.6,700209,67.88,23.21,13038387.2,4305.4,88600,73.4,26.44,2457.6,78936.4,156895.4
3461,73.48,21.1,95027.2,772974.4,182304,72.45,67.53,1977548.8,380533,725568.6,69.83,23.22,11948851.2,11205.6,101980.2,73.9,26.44,4096,79963.4,163933.6
3462,90.15,20.52,106496,35161,181038.8,71.48,67.31,28672,377186.2,689216.8,70.85,23.29,12315852.8,4571,90533.4,73.15,26.45,9011.2,82108.6,162387.6
3463,93.22,20.5,42598.4,557597.8,179932.6,72.65,67,626688,383454.2,717731.4,68.9,23.37,19287244.8,8324.4,97469.4,74.12,26.45,4915.2,81844.4,164001.8
3464,80.22,19.8,126156.8,2501.2,176455,71.12,67.06,44236.8,375762.6,687182.6,68.83,23.39,20270284.8,8068.2,94837.8,73.57,26.44,3276.8,81092.8,160955.6
3465,79.83,19.76,9830.4,397354.8,177740.8,76.53,67.13,10649.6,373550.2,711110.4,69.75,23.21,10507059.2,7688.8,96540.6,74.12,26.45,0,78579.6,157690
3466,78.57,19.77,209715.2,250298.8,179008.2,74,67.09,31948.8,372442.8,688803,69.45,23.15,19123404.8,6086.4,93385.2,76.37,26.83,23756.8,82736.6,314256.8
3467,79.38,19.75,106496,207349.6,177713.4,72.23,67.02,156467.2,385622.2,714771.4,69.95,23.12,24451481.6,10123,99651.8,78.9,27.12,13606092.8,105344.8,1148338.6
3468,78.65,19.83,334233.6,227562.2,180702.4,71.68,67.15,49152,375658.8,683909.4,68.82,23.21,24517017.6,6291.6,88501.6,77.7,27.62,12106137.6,111732.2,1501415
3469,84.05,19.67,58982.4,228613.8,178012.4,71.27,67.15,678297.6,382282.6,714043.6,69.63,23.17,26696089.6,8332.4,98698.6,78.75,28.65,9379840,136405.6,331631.6
3470,80,19.68,37683.2,274915.6,179952.4,71.2,67.24,26214.4,379959.8,892870.8,68.87,23.27,14734131.2,2330.4,86648,79.03,28.68,3409510.4,227317.8,247517
3471,78.37,19.7,190054.4,260919.8,176637.8,76.92,67.21,31948.8,357873,708904.8,69.72,23.13,12423987.2,14086.6,108188,80.02,29.08,1075609.6,109907.4,310702
3472,79.23,19.81,26214.4,341208.4,178965.2,74.13,67.24,9830.4,360371.4,682602,69.58,23.25,11401625.6,1846.8,84825.4,86.87,30.84,2026700.8,1041331.6,229435.2
3473,83.48,19.76,0,294156.2,178430.4,71.3,67.28,26214.4,368853.2,719027.6,68.98,23.13,7471104,10920.4,99636.8,79.65,30.84,875724.8,175427,266032.4
3474,77.05,19.76,90112,2474.2,176694.4,70.82,67.24,203161.6,354984.4,682026.2,69.17,23.28,1268121.6,3992.2,87622,82.08,31.2,197427.2,872227.8,1016027.4
3475,82.62,19.92,63897.6,497918,178701.2,72.73,67.18,598835.2,360537.8,714296.2,69.72,23.52,12810649.6,8760.4,94197.4,78.45,30.92,658636.8,495962.4,225739.4
3476,80.15,19.86,78643.2,53747.6,180117.8,71.63,67.24,17203.2,356410.6,692996.8,70.15,23.17,10764288,9107.6,100879.6,79.68,30.93,228556.8,220245.8,201083.6
3477,79.57,19.9,9830.4,313147,178398.8,74.63,67.27,9830.4,360413.8,688716.8,69.93,23.05,17562009.6,7145,94889.2,93.42,32.17,1680179.2,823322.6,867937.4
3478,81.4,19.95,63897.6,349821.8,181697.4,71.55,67.22,34406.4,363107.6,714496.2,69.15,23.11,1145241.6,9218.4,99592.2,91.55,31.93,2315878.4,92859.2,535090.4
3479,79.92,19.85,4915.2,2050,175020,70.9,67.22,0,353114.8,684117.6,68.72,23.14,2272460.8,6571.6,89497.6,83.9,31.43,144998.4,85370,412078
3480,79.42,19.9,68812.8,278499,181143.4,74.22,67.53,309657.6,366084.8,763486,69.32,23.1,37683.2,8503.6,98735.6,80.73,31.4,8266547.2,1688058.6,191033
3481,77.12,19.91,21299.2,2043.8,172823.8,74.05,67.4,792985.6,355753.4,904758.2,69.05,23.14,285081.6,1826.6,84179.2,77.2,31.37,250675.2,78781,159450.6
3482,80.85,19.95,104857.6,411226.2,178429.2,78.95,67.6,45056,388849.2,744389.6,69.43,23.13,29491.2,13064.4,105275.2,77.5,31.39,253132.8,89091.8,159457.6
3483,78.47,19.96,88473.6,3225.8,180548.2,78.13,67.51,8192,365505.4,752697.2,67.9,23.1,29491.2,2881,87509.4,77.3,31.47,243302.4,822273.8,184897.4
3484,77.65,20.01,4915.2,37632.6,176426.6,74.87,67.47,707788.8,365556.4,744963.2,70.3,23.13,63897.6,12912,103911.4,77.4,31.35,289177.6,1268679.8,178636.2
3485,80.75,20.04,0,620248.2,182654.4,72.75,67.52,28672,357153.2,702336.8,68.2,23.12,129433.6,1992.8,84376.4,77.37,31.17,197427.2,214608.4,160670.2
3486,77.85,20.08,116326.4,2030.2,173914.6,74,67.57,183500.8,376344,746078.4,69.72,23.12,19660.8,13123.8,104752.6,78.65,30.47,154009.6,210663.6,164934.2
3487,76.92,20.1,47513.6,2514.2,179573.8,74.52,67.35,73728,367001.6,739607.2,68.42,23.12,152371.2,1783.8,83979.2,77.25,30.46,9746022.4,214458.6,160532.2
3488,87.18,25.04,27852.8,1905.8,1491283.8,77.12,67.37,103219.2,365503.6,732752.2,69.8,23.13,119603.2,12878.8,104926.8,77.73,30.46,38502.4,203312.4,160324.6
3489,99.98,33.66,11978342.4,2101.6,2991145.2,76.57,67.41,73728,359597.6,702367.6,68.63,22.91,95027.2,1998.6,84095.2,77.37,30.48,187596.8,195226.8,161444.8
3490,99.93,33.68,6057164.8,1887,3450186.2,72.37,67.43,634880,366056.4,728560,68.67,22.79,88473.6,7810,96250.4,77.02,30.49,3936256,208924.4,163779.2
3491,99.95,33.68,6501171.2,2222.6,3020670.2,72.23,67.38,54067.2,364665,698163.4,68.85,22.75,78643.2,8408,97134,77.58,30.7,175308.8,210225.8,167325
3492,99.98,28.39,5714739.2,3416,178844.6,72.43,67.44,32768,369139.6,723835.2,69.28,22.75,49152,9047.6,97507.8,77.5,30.51,95027.2,204993.8,170944.6
3493,99.83,33.2,83558.4,488157.8,180341.8,73.13,67.53,23756.8,368359.6,905172,68.73,22.83,108134.4,8082.6,96118.2,76.95,30.51,7372.8,195930,160131.4
3494,98.88,29.77,21435187.2,669343.2,185360.4,77.45,67.53,52428.8,359502.8,717972.8,68.98,22.73,45875.2,7191.4,94649.6,76.83,30.51,23756.8,205559.4,160731.4
3495,77.92,23.05,3417702.4,93804.4,182448.6,78.1,67.55,197427.2,367207,731485.2,68.33,22.73,52428.8,8730.2,96946,77.8,30.53,53248,210211.2,163865.2
3496,76.2,19.83,33531494.4,100265.8,178705,73.97,67.51,647168,375678.4,750022.6,69.75,22.7,57344,6866,94078.8,77.03,30.53,88473.6,202775.2,164297
3497,76.92,19.8,60835430.4,411336,180181,71.72,67.57,97484.8,360301.2,695174.8,68.78,22.75,90112,8171,94461.2,77.23,30.73,21299.2,192281.6,160131.8
3498,78.88,19.77,6291456,4059327.6,175470,72.13,67.57,29491.2,363702.8,721134.2,68.63,22.76,168755.2,7787,94221.2,77,30.73,4096,212191.2,164358
3499,85,19.7,11114905.6,4171739.8,182673.2,72.05,67.6,18022.4,358620.4,703398.6,69.85,22.73,75366.4,7048.4,94033.8,77.18,30.55,0,200920.6,159785
3500,78.05,19.92,13231718.4,3614273.8,175516.8,77.28,67.67,24576,360487,720935.4,68.75,22.71,98304,7718,94593,77.5,30.55,5734.4,201772.4,158645.2
3501,99.27,26.41,3594649.6,298312.6,2667954,77.13,67.61,139264,369092.4,706813,68.68,22.84,50790.4,6977,92825.2,76.72,30.58,13107.2,201968.6,164395.8
3502,99.33,26.42,4033740.8,1874.2,2761675.6,72.58,67.36,885555.2,368740.4,726015.2,69.15,22.84,45875.2,7898.2,96429.4,77.62,30.64,99942.4,214625.2,161178.8
3503,99.72,24.17,44836454.4,339167,2789947.4,72.08,67.34,147456,359289.4,726926.8,68.58,22.83,83558.4,9377.4,86299,77.43,30.61,315392,214310.6,160671.6
3504,99.83,23.54,29173350.4,63421.8,225368.4,72.12,67.33,27852.8,360731.8,723275.4,69.27,22.85,117964.8,10589.6,100161.8,77.43,30.7,132710.4,206927.8,163020
3505,99.03,22.65,5886771.2,2063.8,177811.8,72.38,67.3,31129.6,365936.2,900986.8,68.32,22.83,39321.6,1647.4,85788.6,78.12,30.64,58163.2,1559761.4,170597.6
3506,99.25,23.22,23389798.4,683586,177141.6,77.05,67.3,416972.8,371865.4,722473.2,68.55,22.82,139264,10311,100186,77.53,30.6,16384,198369.8,157908.4
3507,81.95,20.08,74362060.8,2735105.2,183827.6,75.48,67.33,138444.8,367152.4,712396.6,92.95,35.83,781516.8,5276.6,92307.6,77.55,30.66,1354137.6,201537.8,163408.8
3508,80.08,20.07,14698086.4,2877368.4,178691,73.07,67.36,35225.6,368480.6,741628.6,99.93,36.24,7757824,8395.2,93374,77.4,30.69,16384,212874.4,160748.8
3509,78.52,20.03,18456576,2499906.8,178258.8,72.83,67.32,197427.2,356096,694625.8,99.93,35.19,1648230.4,7416.8,93987.4,77.48,30.75,9011.2,203875.2,162839.2
3510,89.22,23.9,69242060.8,103383.6,1257938,72.18,67.33,122880,362275.4,724491.8,99.95,36.06,1630208,7467.2,91261,77.45,30.72,31948.8,210688.4,162824.8
3511,99.33,26.57,35767910.4,2294.4,2787731.6,72.18,67.36,21299.2,373150.4,705061.8,99.85,34.38,12620595.2,8863.2,98847.2,78.08,30.71,3276.8,208178.8,158386.8
3512,99.43,23.26,37873254.4,267943.6,2724066.8,77.37,67.51,90931.2,362095.6,712254.2,99.93,32.36,10962534.4,5417.4,88660.6,77.48,30.74,3276.8,205374.4,167276.8
3513,99.87,24.58,19503513.6,401354,1673059.6,72.07,67.29,40960,365794.4,737108,77.38,29.53,2392064,7245.6,96943.8,77.43,30.67,123699.2,207539.4,173019.4
3514,99.9,21.15,5993267.2,4320.4,178480,71.87,67.37,24576,359234.2,704600.2,91.57,33.04,3145728,6644,93633,77.48,30.67,41779.2,205812.2,157705.2
3515,99.45,23.79,57152307.2,3303,178900.4,72.17,67.38,44236.8,370628.6,735129.4,99.58,24,3984588.8,7221.4,89405.6,77.58,30.68,18022.4,216681.8,163632
3516,91.78,20.01,11413094.4,1985966,175464.8,73.18,67.4,22937.6,368448,896229,95.53,27.98,3987865.6,8432.2,99300.6,77.73,30.79,39321.6,215410.2,167784
3517,80.08,19.93,65688371.2,2540574.2,177222.8,77.22,67.52,30310.4,365962.8,738674.4,93.55,29.03,3892838.4,4412.6,91533.8,77.32,30.73,4096,211844,163937.8
3518,82.7,21.56,27028684.8,1120996.4,306450.2,75.58,67.58,661913.6,359335.2,706358.6,93.83,30.85,2316697.6,13994.4,103298.8,76.92,30.69,0,202781.8,162078
3519,93.72,21.41,59118387.2,320868.4,1475211.6,74.05,67.64,163020.8,363336,730285.8,94.1,30.27,5575475.2,4703.2,91856,77.28,30.72,21299.2,200633.6,165439.6
3520,97.9,21.62,50615091.2,149714,1468452.2,72.25,67.59,21299.2,365735.6,706063,78.1,27.1,1469644.8,9962.2,100351.8,77.58,30.71,30310.4,198100.2,162137.8
3521,94.45,21.68,6291456,2504.4,1324503.6,72.07,67.62,18841.6,365430.6,722493.4,82.63,28.65,2125004.8,5695.8,87989.6,77.43,30.73,23756.8,214263.4,163598.8
3522,93.5,21.42,5500108.8,157775.4,180719.6,71.5,67.63,40140.8,363481.8,703855.2,86.07,27.96,2754150.4,10222,101152.8,77.95,30.8,40140.8,211361.4,168914
3523,97.72,21.29,4497408,1171505.6,176696.4,77.1,67.67,36044.8,362843.4,724957,86.52,25.58,8758886.4,3706.6,89583.2,77.28,30.71,2457.6,205541.4,166154.6
3524,91.97,19.69,5644288,1395062.8,179171.8,75.73,67.61,648806.4,359789.4,699400.6,91.33,25.51,2516582.4,14145.8,107770,77.58,30.73,19660.8,204907,166403
3525,82.02,19.57,54892953.6,1460228.6,177229.4,72.28,67.57,161382.4,372159,725374.2,87.93,25.51,7648051.2,1748,86512.2,76.97,30.73,10649.6,198845.4,165811.8
3526,93.07,21.28,40422604.8,237943,1142462.8,73.12,67.65,3556147.2,397817,704287.2,88.53,25.53,10878976,14082.2,109422.2,77.08,30.72,21299.2,196564,160518
3527,94.63,21.21,8298496,272985.4,1444928.2,72.07,67.65,78643.2,363073.2,722553,73.62,23.93,12029132.8,1999.8,83981.2,77.72,30.71,30310.4,212284,163099.2
3528,93.03,19.94,22439526.4,1956.6,1455131,72.18,67.63,14745.6,363839.8,898444,91.45,37.04,8056012.8,10828.2,99342.2,77.13,30.72,70451.2,210313.4,161956.8
3529,93.58,21.26,66122547.2,631843.2,530111.2,76.97,67.67,6553.6,378708.6,720528.8,99.98,37.23,12638617.6,4226.8,92501.6,77.1,30.92,6553.6,213024,159569.8
3530,86.25,21.32,7666073.6,1406283.8,176521.8,75,67.65,1544192,383439.2,697842.6,99.95,29.45,18292736,12481.6,102305,77.37,30.8,58982.4,212990,161769.8
3531,89.33,20.97,39280640,1443804.8,180381.4,72.65,67.59,2829516.8,384127.8,722910.8,99.93,36.79,13644595.2,3189.6,87405.4,77.33,30.76,25395.2,205275,165807.4
3532,82.55,19.4,24557977.6,1296925,179357.4,71.93,67.4,212172.8,377220.2,695631.4,99.98,36.88,11311513.6,6931,89275.4,77.28,30.76,2457.6,203100.8,159981
3533,99.65,30,56937676.8,2817.8,2507668.4,72.05,67.39,61440,371963.2,720441.6,78.65,24.64,4649779.2,2200.8,84678.2,77.27,30.77,25395.2,202734,166181.8
3534,99.98,32.48,121241.6,276599,4608990.8,72.68,67.45,13107.2,380452.6,718004.2,78.65,37.74,3226009.6,7880,91651.2,77.72,30.77,12288,210664.4,160347.2
3535,99.88,31.38,19847577.6,178051.4,3009378.6,78.93,67.5,9011.2,394527.4,723935.4,99.98,37.86,3366912,2130.8,84281.4,77,30.99,37683.2,212843.6,159116.8
3536,99.98,30.75,46581350.4,1142347.8,312301.8,76.48,67.51,51609.6,383227.8,701700.6,99.87,33.63,5454233.6,1797.2,85871.8,77.27,30.87,0,211922.4,163427.2
3537,99.92,28.29,39308492.8,3852924.6,175259.8,71.95,67.52,156467.2,383590.4,725764.4,99.97,35.66,2936012.8,1789.2,84262.2,77.68,30.79,9830.4,212670.4,163919.2
3538,99.92,27.82,15309209.6,4078831.2,182051.4,72.3,67.58,631603.2,370545.6,695175.8,99.97,36.37,4738252.8,7657.8,97239.2,77.68,30.81,27852.8,223618.8,160192
3539,81.28,19.5,56346214.4,2822192.6,172857.6,73.23,67.52,53248,382302.2,728912.8,99.95,35.92,3692953.6,2529,85279.6,77.85,30.79,10649.6,208295.2,162992.4
3540,90.55,21.15,47230156.8,2022.2,928509.4,74.63,67.54,190873.6,398250.2,922473.8,78.77,28.15,3149004.8,8525,94541,77.72,30.79,6553.6,203397,167538.4
3541,95.05,21.19,41521971.2,155769.8,1459474.8,78.12,67.75,35225.6,364580.8,742543.6,82.83,26.29,3887923.2,7806,99735,78.13,30.98,45875.2,198364.2,164591.4
3542,95.82,21.17,14029619.2,128432.6,1454379.2,89.33,69.09,56128307.2,362390.8,709398.6,85.72,26.89,2936012.8,1756,84511.8,77.02,30.81,19660.8,195016.4,165503.2
3543,91.67,21.17,6312755.2,2235.2,731369.2,91.62,68.99,115623526.4,361323,729391,87.03,26.87,3355443.2,7043.6,89368,77.1,30.84,8192,200886.2,162932.4
3544,96.07,21.18,6291456,1934.8,177092.4,90.8,68.96,115036979.2,354330.6,695492.6,91.07,26.82,2298675.2,1928,87115,77.42,30.84,27852.8,200217.6,163799.4
3545,97.22,21.2,39890124.8,496646.6,173293.8,91.07,68.83,117618278.4,359264.6,693136.4,89.85,26.74,3986227.2,7558,94079,77.18,30.8,36044.8,201870.8,164719.8
3546,85.02,19.73,32668057.6,1598321.2,181127,94.58,68.94,114520883.2,367723.2,731808.8,86.87,26.87,3355443.2,7583.4,92155.4,78.67,31.06,27033.6,195306,155828.2
3547,75.3,19.61,15972761.6,822749,176385.2,84.87,67.7,70494617.6,356578,705457.2,74.03,25.1,5860556.8,5544.4,93855.4,76.68,31.03,0,162231,159730.6
3548,87.47,22.89,60886220.8,3046.8,717897.6,89.88,72.18,70216908.8,363653.2,739221,81.07,25.88,12056985.6,4032.4,90003.2,77.4,30.85,21299.2,165490,163135
3549,99.62,26.21,29989273.6,2039.8,2822161.2,100,73.31,121560268.8,365014.4,695012,80.57,26.83,15781309.88,7858.26,90786.49,77.4,30.81,27033.6,148501.6,165693.2
3550,99.67,26.24,6501171.2,1961.8,2704799.4,100,72.34,131203072,363599.2,732588.8,77.24,26.88,20124893.33,8022.97,98061.73,77.9,30.81,16384,139914.4,164201
3551,99.6,25.52,24495718.4,119843.6,2190559.4,100,71.66,145749606.4,367010.4,898146.8,76.66,26.92,6001230.77,1750.2,84718.95,77.3,30.78,0,137010.6,161903.2
3552,99.95,25.84,28256108.52,2282585.28,176977.26,100,72.06,141865779.2,360435,728793.4,76.87,26.95,5570560,7153.6,92037.2,76.95,30.79,9011.2,136179.2,161597.2
3553,99.4,23.65,6728380.19,2558067.38,178975.34,100,72.02,128347340.8,356588.8,700420.8,76.25,26.96,2403532.8,1805.8,85684.2,77.45,30.82,40960,129017,154679.4
3554,92.23,19.68,67366092.8,2772787,179111.2,85.68,67.6,122175488,373475.8,741425.4,71.23,26.94,1887436.8,1628.6,84220,77.9,30.97,29491.2,134273.4,166415.2
3555,88.28,26.15,51347456,400508.2,1388122.4,84.05,68.76,53966438.4,360170.6,702267,99.77,28,3971481.6,1786,83398.6,77.13,30.83,7372.8,148471.8,159329.4
3556,99.45,26.31,30048256,2567.4,2675059.8,90.67,69,107760025.6,364653.8,725209.8,99.7,32.56,3037593.6,7515.4,100228.2,76.97,30.84,16384,145153.8,159813.2
3557,99.72,26.24,64262963.2,1873.4,2773212.2,90.6,68.81,107602739.2,358897.6,706864.2,99.8,27.5,2011955.2,2395.4,86973.8,77.5,30.85,15564.8,144392.6,164593.2
3558,99.28,21.35,47174451.2,406759.6,1564090,94.33,68.64,104862515.2,360266.2,724918.6,94.07,32.21,2516582.4,7326.4,89416.2,77.47,30.84,3276.8,137305.2,158570.2
3559,98.67,26.28,33883750.4,2514365.6,179635,96.2,68.75,93146316.8,369299.2,704084.4,93.98,31.7,2097152,7606.4,101335,76.62,30.82,0,134179.4,159136.8
3560,98.27,26.26,44351488,2814968.6,178401.4,91.42,68.77,100116889.6,368979.2,731717.6,76.78,28.52,2516582.4,2052.2,83989,77.13,31,32768,146453.6,163508
3561,89.8,20.41,57656934.4,2226051.2,314204,79.4,67.7,78722662.4,360835,703210.8,82.02,29.19,2097152,12708,102425.4,77.22,30.85,19660.8,149869,159140.4
3562,99.95,31.28,5803212.8,4195.4,3945456.8,84.47,69.08,54103244.8,364721.6,760281.8,81.85,30.19,4320460.8,7258,84425.8,77.42,30.84,20480,149594.4,164389.2
3563,99.92,32.9,69566464,1999.6,3170122.8,91.32,68.87,107637145.6,367331.2,902038,77.22,30.2,3912499.2,9623.8,100841.4,76.67,30.87,4915.2,135025,155245.6
3564,99.87,30.6,18998955.83,239783.13,3059093.94,95.98,69.02,101702442.3,351832.3,677940.16,77.27,30.22,5532876.8,5129.4,90021.4,76.87,30.93,8192,138439.6,162187.2
3565,99.87,30.53,30217119.07,2840597.36,184076.65,90.68,69.91,115019776,376350.4,744425.6,77.42,30.47,4041932.8,9913.8,99804.2,77.52,30.9,30310.4,133080.6,164336.8
3566,99.98,27.71,5470617.6,3678068.8,170425.6,90.92,69.13,105326182.4,355952.8,710761.4,76.75,30.48,4000972.8,4843.4,89162.4,77.63,30.98,4096,150486.8,160459.2
3567,74.27,19.89,53904998.4,1431387.2,173641.2,80.77,67.97,58150092.8,362900,730010,71.63,30.44,6265241.6,8125.2,88997.4,77.1,30.87,24576,148537.6,159961
3568,75.35,19.88,59067596.8,2927.2,178276.8,84.1,69.96,54043443.2,367449.8,708930.6,89.72,40.44,12043878.4,1933.2,84045.8,76.75,30.88,13926.4,143496.4,164281.4
3569,76.35,19.9,26820608,285723,177713.2,94.63,69.27,107734630.4,366501.2,726581.2,99.88,38.87,20601241.6,2052.4,87142.8,76.98,30.88,3276.8,136627,159046.2
3570,74.48,19.94,16557670.4,2086,177249.4,97.38,69.2,110053785.6,358442.6,699739.6,99.93,37.3,9501081.6,2548.8,85553.2,77.53,30.87,6553.6,137819.8,163186
3571,74.67,19.95,71747174.4,1587.8,175311.8,90.82,69.17,112630988.8,357767.6,716839.8,99.92,37.52,12061900.8,7938.6,100315.6,77.32,30.85,30310.4,135233.8,164506
3572,73.93,19.98,25585254.4,1994.4,177674.2,91.03,69.15,114195660.8,358270.4,701478.6,99.92,38.78,11860377.6,3255.4,87074.8,77.12,31.02,8192,136575.6,168876.2
3573,77.27,19.94,47115468.8,1877.2,173300.4,91.42,68.85,118859366.4,370729.8,730203.6,99.95,37.9,7018905.6,9475.2,97330.6,77.47,30.92,16384,147266.2,171571.2
3574,75.82,19.89,40476672,67948.2,179226.4,80.2,67.75,84726579.2,370944.2,920140,80.05,28.85,8568832,8168.2,95841.4,77.5,30.91,32768,145750.2,163354.2
3575,74.18,20.04,5591859.2,2248,176003.8,88.5,74.08,62456627.2,365653,730491.2,69.61,28.74,10275599.6,7713.69,93320.88,78.02,30.92,11468.8,141536.6,161239.2
3576,74.7,19.91,0,2957.2,179230.4,100,77.44,138955161.6,360776.8,707454.6,69.03,28.77,8111331.19,2716.24,85273.11,76.93,30.9,9830.4,143039,165105.8
3577,73.78,19.92,14745.6,6967.6,175812.2,100,74.52,145340006.4,363751.6,746364.4,68.2,28.73,9910681.6,7250.8,89578,77.3,30.92,0,138715,167757
3578,73.88,19.91,0,3727.8,178430.2,100,75.82,139862016,363015.6,695168.8,69.51,25.53,17242178.33,1633.75,83503.6,77.63,31.04,29491.2,141290.8,160046.6
3579,78.58,19.43,8192,2354.8,174623.6,100,76.27,133845811.2,367051.8,721032.6,68.57,25.53,5377741.5,2016.61,84208.08,77.02,30.97,37683.2,148561.6,162167.6
3580,74.2,19.38,198246.4,2716.2,178571.4,89.02,68.61,129798144,361809,726777.4,70.35,25.58,7829913.6,1901.2,90703.6,76.78,30.92,30310.4,142391.6,158280
3581,73.75,19.34,4915.2,1905.2,174811.8,92.78,74.81,70821478.4,357944.4,709155.2,69.32,25.51,8581705.38,8478.51,94924.45,77.28,30.99,4096,149401.2,160609.2
3582,74.38,19.39,9830.4,1931,175058,100,73.65,125062348.8,371203,726457.8,69.03,25.62,11111742.25,6911.55,91272.56,77.82,30.99,31129.6,143969.6,161065.6
3583,74.02,19.38,16384,2247.8,178138,100,76.94,114445516.8,360358.2,697261.8,69.22,25.5,13497139.2,7742.4,97836.4,77.27,30.91,31129.6,159340.6,164898
3584,73.87,19.37,34406.4,1938.6,174533,100,75.38,124782182.4,365494.8,732209,71.98,25.83,16069615.83,1581.65,83936.64,77.82,31.08,38502.4,181669.6,163703.2
3585,74.02,19.3,86835.2,2453.8,179808.2,100,76.15,113495244.8,369939,911935,71,25.3,11606836.1,12232.14,103316.59,76.9,31.05,49971.2,191133,169178.8
3586,74.02,19.3,32768,2058.4,176947.2,100,74.46,104358707.2,363291,726655,69.4,25.34,11126374.4,4780,92282.2,76.85,31.01,819.2,204361.4,165414.8
3587,74.85,19.31,50790.4,2167.4,179763.6,89.72,68.43,107978752,369605,709381,70.27,25.19,14072217.6,7492.2,95777.8,77.2,30.98,11468.8,200931.8,160613.2
3588,73.92,19.33,85196.8,2012.2,176388.2,89.68,73.71,96158515.2,369502.6,736563,68.52,25.18,4143513.6,8047.4,91376.2,77.75,30.98,0,192727.6,164904.8
3589,73.72,19.35,16384,2213.4,177977.4,100,73.29,119843225.6,357397.4,698671.6,69.45,25.18,18912051.2,3026.2,90440.8,76.95,30.97,44236.8,211806.6,171839.4
3590,77.95,19.34,6553.6,2209.8,173957.2,100,71.59,106220748.8,363105.4,734990.2,68.87,25.18,9442099.2,8032.2,95264,76.77,31.2,22937.6,213442,173877.8
3591,74.17,19.31,0,3414.4,180148.6,100,72.7,108648857.6,359013.4,707385.6,68.8,25.18,1373793.32,6993.8,91795.52,77.23,31.02,17196.32,195796.08,159421.23
3592,74.03,19.34,131072,1999.8,175751.6,100,72.25,118843801.6,369813.6,722518.8,68.91,25.16,1650859.32,7875.73,98854.71,77.31,31.03,4917.17,190262.3,160967.59
3593,74.02,19.35,4915.2,2085,178201.2,83.95,67.88,105038643.2,366633,725635.4,68.33,25.17,2070937.6,1603.4,85685.2,77.3,31.11,4096,204641.2,164314.6
3594,72.52,19.71,37683.2,7460,177413.6,88.62,73.56,59326464,357963,709795.2,75.25,26.24,25981747.2,8131.8,91144,77.25,31.13,12288,210831,168397
3595,78.03,19.77,132710.4,564404.2,181283,100,76.82,112350003.2,380303,732260.4,70.2,25.72,27141833.3,7843.89,98048.77,77.25,31.04,86835.2,196662.6,162802.4
3596,85.25,19.99,178585.6,212901,180271.2,100,73.12,105091891.2,378754.6,907986.8,68.6,25.45,5770444.8,1982,84091.8,78.02,31.21,19660.8,197260.4,161397.2
3597,75,19.83,178585.6,152076.2,178652.6,100,74.74,105848012.8,385650.4,725613.4,70.01,25.47,16586634.75,13259.33,105157.19,77.3,31.04,5734.4,195662.4,157461.8
3598,76.62,19.52,16384,63559,180478.2,100,74.06,113383833.6,380779.8,703029.8,67.65,25.45,22891248.8,2050.76,86353.93,77.05,31.05,11468.8,199461.6,162764.8
3599,74.28,19.58,144179.2,60167,177699.8,100,75.7,122069811.2,377809,729871.2,71.98,25.46,26527334.4,13947,107524,77.53,31.03,0,203145.8,165248.8
3600,74.82,19.56,694681.6,62853.6,179150.8,84.93,68.76,122833305.6,371897.8,704217,69.85,25.34,6268518.4,8523.2,91906.6,77.63,31.05,5734.4,206423.6,168846.2
3601,74.43,19.71,96665.6,50943.2,175270,88.33,75.81,98731622.4,392191.4,735946.2,70.28,25.68,6419251.2,8912.8,99634.2,77.52,31.05,28672,203943.4,169359.2
3602,74.78,19.59,68812.8,105933.6,181321.4,100,76.18,118371123.2,378588.6,700312.6,69.3,25.27,6185729.13,3254.69,89213.34,77.67,31.09,56524.8,202170.8,168693.6
3603,75.15,19.57,88473.6,19388,177340.6,100,75.92,127111987.2,388562.8,731217.2,69.64,25.03,54110.49,7647.12,89369.7,77.33,31.08,27852.8,203068,160806.4
3604,73.68,19.61,44236.8,3359.6,178204.4,100,75.38,122102579.2,372167.8,699391.2,69.54,24.95,55727.89,7560.62,100312.12,78.02,31.13,9011.2,203287.4,163678
3605,74.2,19.64,0,109974.6,177293,100,76.77,123434598.4,384854,698331,68.1,24.83,91750.4,1883.4,83961.6,77.23,31.1,10649.6,205805.8,162969.4
3606,74.65,19.82,55705.6,52088.4,179434.8,85.85,68.35,126476288,381412.8,725159.2,69.43,24.85,1120665.6,8214.8,95055.4,77.25,31.1,16384,209421.6,170709.2
3607,74.17,19.66,404684.8,93027.2,176105,72.87,67.94,24353177.6,388478.6,911495.8,68.88,24.99,722534.4,8068.8,95894.6,77.63,31.04,34406.4,203151,163624
3608,74.92,19.68,9830.4,141952.4,182904,76.95,67.97,95846.4,362565.4,721691,68.72,24.9,2451046.4,7242.4,92117.2,77.2,31.23,17203.2,199260.8,158881
3609,75.4,19.73,108134.4,159485.6,180394.6,75.4,67.77,41779.2,360990.8,702862.4,68.38,24.94,36044.8,7880,100454.2,77.63,31.1,8192,202723.8,164312.8
3610,74.65,19.78,19660.8,174050.2,181402,72.92,67.79,67174.4,374379.8,726368.8,69.12,24.87,93388.8,2284.4,85839.6,77.65,31.08,0,198412,165045.8
3611,73.72,19.82,165478.4,54539,179724.2,71.4,67.84,26214.4,362450.4,698908.2,69.3,24.89,32768,13744.4,104867.4,77.05,31.17,4915.2,207882.6,169332.6
3612,77.92,19.65,63897.6,67177.8,174009.4,71.72,67.8,457932.8,364673.6,720698.8,68.5,24.9,122880,3081.8,86353,77.13,31.13,15564.8,206788.6,169841
3613,74.87,19.62,34406.4,211382.2,180312.4,71.58,67.84,31948.8,358169.2,698360,68.7,24.85,167116.8,7512.6,90058.4,77.78,31.13,18841.6,201804.2,162914.4
3614,73.12,19.57,104857.6,2290.2,175138.6,77.9,67.51,172032,362752.6,722592.2,69.15,24.86,98304,7769.6,100007.4,77.43,31.13,57344,199109.6,158278.2
3615,74.75,19.66,68812.8,107023.6,178074.6,75.03,67.54,60620.8,366919,695139.6,68.82,24.8,40960,2656.6,85690.8,77.33,31.3,11468.8,212085.4,166660.2
3616,73.8,19.7,4915.2,32596.6,175395.8,72.23,67.26,338329.6,366542.8,719298.4,68.98,24.92,13107.2,7443,91605.4,77.03,31.14,9011.2,201269.4,163577
3617,74.3,19.83,50790.4,72962,177130.4,71.7,67.33,102400,358580.2,695260.8,69.22,24.85,44236.8,7614.4,97690.6,77.73,31.12,8192,206672.8,162004.4
3618,74.18,19.82,111411.2,42534.2,173944.8,72.43,67.34,615219.2,361655.8,729191.4,68.68,24.96,101580.8,1813.6,83858,77.47,31.13,0,200083.2,162598.8
3619,74.23,19.76,26214.4,77221.4,178976,71.68,67.52,35225.6,366071.4,914885,68.78,24.84,158924.8,7215.2,92882.6,77.97,31.12,19660.8,202199.6,162727.8
3620,77.77,19.65,117964.8,60464.4,176702.4,76.95,67.45,134348.8,372041.6,734623.8,68.98,24.95,147456,13171.8,97145.8,77.23,31.11,15564.8,198534.6,157800.8
3621,75.3,19.79,0,91614.8,180339.2,76.25,67.5,241664,359622.4,689125.6,68.08,24.88,81920,7843.2,92658.8,77.13,31.15,78643.2,205467.8,169321.8
3622,74.08,19.72,14745.6,57043.2,176182.8,74.53,67.52,64716.8,373241,752654,70.12,24.97,34406.4,6387.2,95961.8,78.15,31.26,4096,189485,160714
3623,74.23,19.71,52428.8,87348.6,177810.4,72.55,67.54,33587.2,355059.2,696192,68.57,24.86,91750.4,4399.4,87868.6,76.83,31.14,4915.2,196097.6,166282
3624,74.25,19.74,0,51359.4,173300.8,73.28,67.23,615219.2,360892.4,737506.8,69.2,24.96,68812.8,8997,96427.2,77.23,31.21,11468.8,198823.6,169149.8
3625,73.77,19.74,24576,81083.4,178630.2,73.2,67.28,25395.2,370065.2,751767.8,69.08,24.93,119603.2,8910.4,98263.6,77.58,31.16,22118.4,209950.2,169573.6
3626,74.07,19.75,104857.6,53508.6,176729.8,76.97,67.54,40960,367944.6,726912.4,81.2,30.66,129433.6,9135.8,943445.4,78,31.16,27852.8,209797.2,164722.8
3627,78.05,19.69,55705.6,80258.2,182015.8,77,67.5,10649.6,361778.8,727447.8,99.63,28.64,18658099.2,9103.6,2696688.4,76.93,31.17,5734.4,206197.6,167165.8
3628,82.75,22.4,34406.4,76300.2,173669.8,72.83,67.51,205619.2,363453.4,731988.6,99.85,26.68,26910720,2323.4,2630599.8,77.33,31.37,31129.6,203474.6,169578.6
3629,99.8,26.42,19187302.4,54070.2,179702.2,72.27,67.46,45875.2,356790.6,694388.6,99.27,31.22,25893273.6,7724.2,1837491.6,77.65,31.24,69632,200400,164491.6
3630,99.62,23.24,65011712,31084.6,175001.2,72.02,67.61,640614.4,371017.2,722335.4,96.88,30.52,19590348.8,6999.2,89483.8,77.58,31.18,0,200108.2,162763.4
3631,97.43,23.94,33135001.6,2268.6,177290.6,73.6,67.88,52428.8,372022,922528.6,94.78,31.9,2726297.6,2044773.4,86926.4,77.25,31.25,63078.4,191171.8,162110
3632,96.67,26.36,5688524.8,132898.4,175991.4,77.18,67.85,87654.4,365903.4,724666.4,86.15,28.23,3124428.8,2533268,84101.6,77.43,31.23,11468.8,189929.4,158711.6
3633,95.4,26.43,6081740.8,40392.6,176838.4,76.65,67.45,51609.6,354784.8,697390.2,70.38,28.16,2097152,2565211.8,85989.2,77.3,31.2,9011.2,195443.6,161397.6
3634,86.07,26.26,44928204.8,71019.6,176005.8,72.35,67.52,30310.4,358743.6,730260.2,87.43,29.63,1258291.2,558538.8,990028.2,77.59,31.38,11464.21,206196.92,161375.85
3635,82.65,31.38,55233740.8,41347,178073,91.83,74.81,83415859.2,368153.2,727034.6,88.12,29.37,1677721.6,2304.8,1381067.8,76.97,31.27,36878.75,177387.76,162934.97
3636,99.42,32.96,7130316.8,2322.6,173642.6,100,76.15,143724544,361326,704041.4,88.98,29.69,1048576,1736.6,1357297.4,77.45,31.22,13107.2,347280.4,168141
3637,99.93,21.27,9694412.8,67058,176756.2,100,74.85,129549926.4,358721.4,718806,91.7,29.69,1887436.8,526383,480989.4,77.18,31.25,27033.6,214434,159568.2
3638,99.68,22.47,38733414.4,31125.6,179475,100,74.88,131174400,354895.4,690941.6,89.28,29.83,1048576,1253919.8,82406.4,77.72,31.24,819.2,236164.2,162513.8
3639,98.47,26.23,33475788.8,2488.2,176799.6,100,76.21,126886707.2,369714.6,715235.2,87.05,29.73,1887436.8,1273696,86098.4,78.47,31.45,3276.8,146613.2,169719.2
3640,90.25,22.99,22829465.6,2449.2,177958.8,81.33,68.46,127829606.4,360261.8,689337.8,83.22,29.71,1258291.2,799620.6,458517.6,77.8,31.51,27852.8,204714.2,163349
3641,78.77,24.68,6345523.2,2163.8,173626.4,91.58,74.82,92876800,360280.4,710215.2,84.73,29.75,1677721.6,1633.6,1362728,77.8,31.42,90112,136063.6,164228.4
3642,93.37,21.65,63946752,216296.2,184881.8,100,76.77,132918476.8,362191.2,890649.6,78.18,26.61,1677050.78,1819.07,1014609.16,78.9,31.48,59801.6,206613.4,171790
3643,83.83,21.59,31231180.8,2375.4,175913.4,100,76.85,117532262.4,359587.8,713146.6,77.12,26.73,1258794.72,1247925.17,83849.54,77.79,31.49,254669.33,218213.91,158684.13
3644,83.45,21.46,15871180.8,75759.2,180380.8,100,76.04,123198668.8,362067,690135.4,77.5,26.65,1887436.8,1282813.8,85434.6,78.22,31.57,36044.8,204995.6,166999.4
3645,83.5,21.47,58407321.6,37615.2,178885.2,100,75.25,128904396.8,365706.2,713607,75.43,26.69,1821900.8,1282333,83979,77.38,31.42,12288,206651,159674.8
3646,84.69,21.39,34476167.93,83211.12,179564.97,100,74.87,124820684.8,354703,686591.6,68.1,25.08,10706944,42595.2,83897.6,77.08,31.51,0,201488.8,162098.4
3647,85.44,21.41,15356312.12,17213.49,174350.54,82.93,68.44,119862067.2,359941.8,715302.4,68.7,25.07,10315366.4,1934.4,83470.4,77.5,31.4,17203.2,212075.8,161403
3648,81.9,23.52,32314163.2,63666.6,179594.2,100,74.12,121507020.8,369444.8,714297.6,88.98,31.75,9058713.6,7771.6,1595636.2,77.25,31.39,22937.6,201643.8,158492.4
3649,99.93,33.5,57927270.4,29806.8,176718.8,100,73.93,116516454.4,359650.4,687621.2,99.57,28.78,13613465.6,1920.4,2643845.8,77.1,31.38,109772.8,203943.4,160327.2
3650,99.92,33.6,6504448,2077.4,174852,100,72.97,111603712,361028.6,713029,99.83,30.93,18522467.32,7555.07,2661048.77,77.1,31.37,36044.8,216382.8,162853.8
3651,99.87,29.67,91750.4,1978.6,173520.4,100,73.23,112268902.4,350482.6,682513,99.75,31.38,15120035.22,7813.09,1206121.87,76.98,31.38,33587.2,207648.4,161712
3652,99.85,28.77,23388160,121403.8,178714,100,73.2,108476825.6,360515.8,722317.2,95.9,31.43,13051494.4,6543.4,88405,77.08,31.39,66355.2,212581,163538.8
3653,93.35,23.76,11999641.6,85120.4,178409,84.13,67.89,114157158.4,369760,887173.2,93.78,31.85,9737011.2,2761.6,88046.8,77.68,31.4,11468.8,216660.6,161908.8
3654,81.55,27.07,67215360,31555.8,176197.8,88.87,69.15,56794316.8,363704,710915.2,79.77,28.17,2763980.8,7003.6,95549.8,77.83,31.53,2457.6,213516.2,158547.8
3655,99.45,30.33,5093785.6,2234,176636.8,96.18,69.98,104910028.8,352993.6,680543.8,69.02,28.17,2437939.2,7790,90834,77.18,31.4,42598.4,219696.4,166432.4
3656,99.55,23.32,49373184,90989.2,175731.8,91.58,68.96,102779289.6,359540.6,716241.6,70.28,25.23,2162688,8129.2,102894.2,77.55,31.39,21299.2,209729.6,165649.2
3657,99.58,27.2,21295923.2,2195.4,176971.4,90.07,68.91,102844006.4,351293.4,682242.4,68.47,25.2,4097638.4,2006.6,84374,77.22,31.39,2457.6,208220.2,161307.4
3658,99.35,26.51,17616076.8,2285.4,172361,90.2,68.84,107138252.8,367279.2,710380.4,68.33,25.48,1677721.6,4329.2,88522.4,77.15,31.41,34406.4,195518.2,162153.6
3659,99.33,24.77,56180736,189894.2,182047.2,89.58,68.81,106825318.4,360735,691587,68.97,25.62,1677721.6,10908.6,103877.6,77.43,31.45,25395.2,223075.4,171126.4
3660,91.28,23.65,16357785.6,2090.8,174481.6,83.12,67.74,64852787.2,361115.2,712146.2,68.65,25.68,1281228.8,5699.4,91339.2,77.67,31.51,13107.2,204775,161681.8
3661,80.15,22.6,35646668.8,152610.8,179262.2,93.28,73.43,66338816,298590,686109.8,69.77,25.99,2306867.2,10809.8,101630.4,77.43,31.46,36864,196022.2,163120
3662,97.5,21.91,60181708.8,102152.2,177040.6,100,70.15,119120691.2,414698.8,713075,69.32,26.15,5047910.4,1019572,87880.4,77.73,31.43,4915.2,201951.6,163576
3663,91.7,21.91,15497625.6,2091.6,177050.4,100,73.41,115441664,360759.4,684132.2,70.8,26.07,13852672,2547606,89190.4,77.93,31.5,0,215118.6,161069.6
3664,92.72,22.13,70806732.8,117548.6,174939.8,100,72.38,127915622.4,421910.6,714033.4,70.47,26.08,8518041.6,2580139.2,97807.8,77.12,31.45,72908.8,212106.8,162972.6
3665,94.8,22.11,38338560,40479.8,179282.4,100,72.34,109313228.8,364439.2,888831.8,69,26.1,15932072.76,1558270.04,86053.77,78.1,31.4,6553.6,207865.6,158274.8
3666,96.97,22.05,6289320.81,63847.09,174898.66,88.18,67.85,107782144,368071.4,681878.8,69.1,26.05,2314809.69,7681.21,92264.96,77.47,31.58,9011.2,207148.2,165166.8
3667,92.76,20.46,6352611.57,2389.03,177092.66,84.67,68.96,59445248,386433.4,715955.2,68.93,26.09,2624716.8,1705,84480.4,77.28,31.44,32768,195858.8,163504.4
3668,84.48,22.73,68635852.8,166580.4,179895.4,89.05,68.57,99597516.8,372105.6,682176.2,68.52,26.17,2283929.6,1958.4,84326.6,78.33,31.49,0,208878.6,161307
3669,99.7,26.99,14136115.2,55062.8,177221.8,89.88,68.95,83376537.6,377347.8,707966.4,75.9,29.18,15728640,1765.6,722724.4,77.95,31.5,8192,214569.2,163906.6
3670,98.85,24.12,6915069.54,2866.71,176390.89,90.13,68.92,80792780.8,368219.4,688127.8,99.88,39.52,27572633.6,8335.4,3990725.6,77.12,31.44,29491.2,217839.6,167464.8
3671,96.67,26.93,24430153.23,143343.07,178763.35,93.88,68.98,105048473.6,373640.2,710960.4,99.97,39.51,30339891.2,4884.6,3962598.6,77.78,31.5,26214.4,210217.4,165930.8
3672,97.63,26.03,70200046.43,53694.02,178400.24,94.5,68.99,91262156.8,379876.6,690515,99.98,34.31,27790540.8,6697.8,3291986.8,77.43,31.57,22937.6,201904.6,158737.6
3673,92.18,23.17,29923737.6,52067.8,175557.4,78.2,67.89,73176678.4,380858,711210.6,100,31.33,27259699.2,7281.4,94283.4,77.42,31.5,7372.8,195957.4,162471.4
3674,78.12,24.68,5465702.4,2636.4,176949.6,90.4,74.45,63591219.2,374325.8,684331,99.97,36.2,29637017.6,7102.4,89136.6,77.72,31.47,4915.2,209128,161778
3675,94.25,20.42,64266240,147865.4,176814,100,74.42,101347328,371227.2,708164,98.57,38.78,3774873.6,1717.2,83781.6,77.33,31.48,819.2,210154.4,163235.4
3676,95.75,21.66,22586982.4,2401,178598.4,100,75.55,107898470.4,379686.4,888939.6,69.8,29.46,2097152,2006.4,84246.6,77.47,31.54,38502.4,204824.6,162431.2
3677,91.7,20.38,6501171.2,59512,176211,100,77.21,123734425.6,383191.2,711167.4,69.76,29.42,2722466.47,11540.54,93567.97,77.72,31.5,15564.8,191738.6,160157.4
3678,92.97,21.89,6920601.6,4678.4,181945.6,100,77.08,132729241.6,359287.8,720452.2,71.55,26.25,4304076.8,3451311.4,90674.4,77.32,31.47,26214.4,215197.4,164379.8
3679,95.9,21.79,32489472,66116.8,179775,100,76.91,120606720,367877.8,725501.6,71.02,26.31,3773235.2,3845223,97495.2,77.95,31.57,16384,203742,162236.4
3680,91.78,20.08,20732313.6,2184,179777.4,82.92,68.26,112337715.2,356430.4,690017.4,71.73,26.33,5352717.97,3817873.48,83426.74,77.57,31.48,3276.8,194652,161495.8
3681,78.1,21.74,5272371.2,2169.8,173474.2,90.32,74.21,94188339.2,358577.6,710982,69.21,26.34,19521780.27,499004,90421.45,77.68,31.48,8192,220479,166299.8
3682,93.05,21.84,48417996.8,161333.8,181042.6,100,75.03,106911334.4,363105.8,689525.6,73.73,29.19,19541196.8,4285.8,373899.8,77.6,31.5,47513.6,214648.8,165547.8
3683,86.79,21.7,59360063.97,74700.72,175643.74,100,75.74,108922470.4,355710.8,686201.6,99.38,32.99,15435366.4,2839.2,2679954,76.67,31.51,38502.4,203354.4,162193
3684,81.82,21.58,2505113.6,2181.8,175897.2,100,74.15,118569369.6,359575.8,713207,96.7,32.96,10451353.6,1840.6,2715676,78.12,31.69,22937.6,197827.8,163220.8
3685,83.9,21.61,43206246.4,142464,180018.2,100,77.66,119659724.8,352698.8,685105.2,92.93,32.91,12692684.8,1695.8,2307970,77.1,31.6,2457.6,217349.4,161715.2
3686,80.37,21.49,22010265.6,9143.8,174684.8,82.83,68.59,116628684.8,370831,722025.2,84.87,33.01,17486643.2,2294.8,84277,77.15,31.53,17203.2,211668.4,162325.6
3687,80.37,23.91,60620.8,107318.8,179492.2,90.73,72.95,80989388.8,365550.6,886346.6,85.03,32.9,3604480,3187.6,85339.4,77.8,31.5,819.2,212872.2,160829.2
3688,99.83,28.14,1127729.87,79377.82,177460.54,100,73.31,114765824,363112.4,714657.4,82.62,32.98,3394764.8,2415,86392.8,77.45,31.51,45875.2,210891.8,157529
3689,99.4,26.55,70581013.21,76995,180828.93,100,72.42,119323033.6,353839.6,689082.6,67.95,29.91,3584819.2,1770.6,83704.2,77.57,31.51,13107.2,216143.8,163065.8
3690,99.27,21.48,28071165.9,119907.74,175873.12,100,72.96,111059763.2,353675.8,703896.2,68.22,26.91,3063394.96,1759.3,84041.22,76.73,31.65,9830.4,210890.4,162740
3691,99.32,23.92,23332454.4,37400,176241.4,100,71.82,124505292.8,361051.2,687258,68.85,26.93,3147366.4,3056.2,83718.6,77.67,31.65,13926.4,208957.6,161937.2
3692,99.47,24.8,59439513.6,74051.8,173683.6,100,73.97,112877473,361036.39,726219.51,68.22,26.9,2936012.8,1711.8,83629.4,77.67,31.56,3276.8,202702.6,162806.6
3693,94.12,23.2,6501171.2,2137.2,175816.4,82.88,67.7,107732667.5,356048.62,686275.91,68.57,26.88,2936012.8,1789.4,86059.6,77.25,31.52,2457.6,200344.6,161140
3694,74.23,20.49,3922329.6,2764,173394.8,87.62,68.24,54049177.6,359920,710812.6,69.09,26.89,1994374.58,1700.38,88276.63,77.32,31.54,45875.2,190913.2,158999
3695,75.45,20.47,4254924.8,184437.2,177203.4,97.02,69.34,107621580.8,353039.4,685468,70.25,26.89,2590226.14,2335669.6,98360.42,77.88,31.54,18022.4,216209.6,161563.2
3696,74.7,20.49,5455872,36167,176494.6,90.48,68.91,107577344,369198.2,711869.8,70.32,26.83,5118361.6,2590182.6,91498.4,77.08,31.7,4915.2,215673.6,164445
3697,75.62,20.47,66368307.2,97960.8,180934.4,90.4,69.4,107604377.6,358274.4,686158.4,70.92,26.83,8259174.4,2518683.8,97443,78.03,31.64,9011.2,205075.6,159186.8
3698,74.5,20.43,45508198.4,2353.6,171824.8,89.8,68.82,107651891.2,358963.8,705989,68.48,26.82,24646451.2,274514.4,84766.2,77.37,31.57,38502.4,210757.4,164696
3699,69.95,20.43,8051097.6,2055.6,175376.8,89.43,69.25,107565056,360905.6,885287.8,68.9,26.8,10811801.6,10511.6,101301.8,78.13,31.58,22937.6,208573.4,165873.8
3700,76.6,20.43,18579456,103872.2,177091,73.98,67.63,140083.2,360382.8,679999.6,95.67,39.76,20340736,6552.2,3054455.2,77,31.58,8192,205921.2,162557
3701,79,20.41,6501171.2,80219.8,177156,71.82,67.57,228556.8,367498.6,718578,99.93,40.21,26406092.8,7011,4097205.2,77.63,31.58,55705.6,208887.8,167945
3702,75.25,20.37,37466931.2,2417.6,175810.8,71.92,67.38,61440,353615.2,680559.6,99.92,40.01,17034444.8,7480.2,3938290.4,77.48,31.54,0,209262.6,162371.6
3703,74.18,20.38,167116.8,78962.6,178927.6,71.43,67.4,261324.8,357860.4,710343.8,99.88,35.41,16831283.2,1809908.6,885585.2,77.68,31.75,2457.6,206951.4,163868.8
3704,75.33,20.42,0,70669.8,173163.4,71.85,67.38,28672,356755.2,688994.2,99.98,39.98,21073100.8,3933153.8,96971.8,77.48,31.61,27852.8,214569.4,162154.4
3705,74.8,20.4,54067.2,84614.6,180018.2,77.13,67.29,12288,364608.8,705610,99.87,38.55,14586675.2,3800156.2,90352.8,78.08,31.65,0,213344.6,158783.4
3706,74.77,20.44,62259.2,52913.8,176029,74.42,67.39,348979.2,357543.4,682775.8,76.75,33.46,2988441.6,2077237.8,99009.8,77.62,31.61,22118.4,208165.4,160175.6
3707,74.63,20.45,37683.2,68528,175112.4,71.25,67.49,9011.2,361530.2,710671.6,69.27,29.95,10231808,6471,95362.6,77.95,31.62,32768,204032.8,162433.2
3708,74.58,20.48,101580.8,64200.4,176740.6,71.02,67.52,90112,351472.8,680484.4,91.45,41.45,16977100.8,9989.8,2556798,77.18,31.61,18841.6,203919.2,162965
3709,74.35,20.47,75366.4,36974.6,173028,72.53,67.69,466124.8,356069,707530.8,99.87,39.64,10156441.6,6509.6,3976277.6,77.05,31.62,14745.6,208176.4,164012.2
3710,74.63,20.47,78643.2,67459.6,176765.8,72.13,67.74,49971.2,368293.8,883709,99.93,39.58,11013324.8,8422.4,3942400,77.68,31.7,31129.6,199160,161794
3711,74.87,20.53,44236.8,84339.4,174980.8,76.45,67.67,130252.8,361350.4,706908.2,99.88,37.16,11498291.2,1978.4,1496993.6,77.62,31.61,18022.4,213747,159436.8
3712,74.9,20.54,49152,3024.4,177438.8,74,67.48,317030.4,352416.2,677496.2,99.95,39.42,8868659.2,7177.2,92688.8,77.12,31.63,5734.4,214476.4,160129.2
3713,74.87,20.54,18022.4,66624.6,175243.6,70.95,67.5,60620.8,361157,716028.4,99.97,39.35,8224768,7529.2,97162,78.08,31.62,9011.2,208937.2,167220.4
3714,74.42,20.57,65536,91495,177051.6,72.33,67.46,26214.4,350560.6,681906,79.52,32.83,7977369.6,7330.8,90084.6,77.33,31.69,40960,204185.8,162407.6
3715,74.48,20.6,47513.6,2442.8,171437.2,71.75,67.45,117145.6,366062,707196.8,69.35,29.58,4397465.6,1976.2,84158.6,77.08,31.63,15564.8,197251.6,163208.8
3716,74.82,20.62,91750.4,66411.2,178104.2,70.98,67.51,18022.4,362607.6,688999.8,68.55,26.48,6450380.8,1699,83645.6,77.83,31.75,0,211293.8,161391.2
3717,74.35,20.63,63897.6,33813,174425,76.2,67.59,37683.2,358318.6,707626.4,68.32,26.38,2287206.4,1851.4,86543,77.1,31.63,19660.8,203424.8,158985.4
3718,74.92,20.66,34406.4,67446.6,177334.4,74.42,67.61,5734.4,352154,683318.8,68.48,26.37,3565158.4,2709.2,85504.4,77.4,31.65,9830.4,207916,161105
3719,75.03,20.81,50790.4,28372.4,175568.8,70.95,67.53,647987.2,359024.8,711608.2,69.12,26.34,1112473.6,2888.6,87692.8,78.05,31.68,19660.8,207037.2,164373.6
3720,74.88,20.81,116326.4,70061.8,179200.4,70.8,67.57,63897.6,362294.8,682451.4,68.15,26.33,1258291.2,2202.8,85463.6,77.33,31.65,6553.6,211297.2,165267.4
3721,79.08,20.37,29491.2,36178.6,173836.2,72.78,67.44,153190.4,364562.6,721302.4,69.42,26.49,6837043.2,7584.8,97532.6,77.72,31.65,41779.2,203460.8,163347
3722,74.32,20.34,18022.4,69354,180064.2,71.58,67.42,44236.8,365221,887867.6,68.1,26.36,8781824,1770.8,86177,76.67,31.67,3276.8,190041.2,163844.4
3723,74.55,20.37,0,32038.4,176081.4,76.48,67.42,58982.4,360497.4,713633.4,68.77,26.44,6791168,7141.8,89899.8,77.83,31.78,16384,204777,156527.4
3724,75.15,20.41,21299.2,68064,177095.6,73.88,67.41,59801.6,353353.6,684937.4,68.28,26.33,1651507.2,2292,87638.4,77.57,31.68,15564.8,208035.4,161575
3725,74.38,20.44,37683.2,32299.8,174000.6,71.87,67.46,594739.2,366679.2,708171.2,68.82,26.48,13988659.2,2079.6,89140.2,77.28,31.66,19660.8,200554.2,168739.4
3726,74.55,20.43,83558.4,70178.4,176454,71.98,67.51,28672,353299.2,676920.8,68.85,26.38,9969664,8021,95213.2,77.47,31.68,4096,217180,168075.2
3727,77.92,20.44,58982.4,44816.4,172495.8,71.8,67.44,168755.2,359938,708281.6,68.82,26.51,1082982.4,7335.4,89210,77.35,31.69,4096,206175,162524.8
3728,75.03,20.39,16384,88753.4,179033.4,71.63,67.47,21299.2,353434.8,685526.2,70.37,26.39,7415398.4,1550396.4,99804.2,77.8,31.67,34406.4,193211.2,161227.4
3729,74.43,20.4,9830.4,44230.4,175057.4,76.15,67.62,11468.8,358745.2,710827.6,69.72,26.51,5939200,3820174.2,84589,77.13,31.68,819.2,212499.6,162765.2
3730,74.4,20.42,0,82162.8,177551.2,73.98,67.6,45875.2,363208.4,684899.4,70.67,26.48,13015449.6,3839988.2,91610.8,77.83,31.82,23756.8,201371.8,163929.8
3731,74.72,20.43,4915.2,35316.6,175416.8,73.42,67.7,1010892.8,367317.4,715905.2,69.65,26.48,5441126.4,3749883.4,85629.8,77.4,31.72,4096,218112.2,168037.8
3732,74.67,20.46,95027.2,66248.4,177503,73.52,67.62,217907.2,358820,729784.8,71.37,26.48,16205414.4,3835439.2,102350,77.3,31.73,15564.8,220196,170913.2
3733,74.32,20.49,49152,37052.2,172561.8,72.9,67.63,104038.4,308775.2,729993,70.42,26.52,3951820.8,3823198.4,85339.6,78.23,31.75,0,215312.8,163249.8
3734,74.43,20.48,32768,71587,177363.2,73.07,67.61,140902.4,472004.8,916026.6,72.57,26.61,12972851.2,3901617.6,108718.2,77.08,31.7,19660.8,210449,161610.8
3735,73.98,20.51,9830.4,32220,177652,79.55,67.72,22118.4,373022.6,693834,67.68,26.66,8521318.4,318521.6,85977.2,77.1,31.91,34406.4,208544.4,159049
3736,75.9,20.69,0,64510.4,178402,71.75,67.67,788889.6,385010.2,754100.8,70.55,26.83,7754547.2,13862.4,107355.2,77.25,31.79,31129.6,206311.8,166859.8
3737,74.28,20.56,14745.6,30645.4,175817.4,72.58,67.71,36864,370063.4,693487,68.38,26.82,11894784,7732,86189.4,77.98,31.73,59801.6,206318.8,165939.8
3738,74.28,20.58,93388.8,64114.2,176997.8,72.03,67.73,18841.6,304425.8,729377,75.15,29.49,15972761.6,7735.8,437131.4,77.15,31.74,4096,209181.8,163224.2
3739,74.3,20.58,8192,34929.2,172445.4,72.75,67.67,307200,387837.6,701714.2,99.68,33.44,13739622.4,7239.8,2705006.6,77.48,31.75,819.2,202472.6,161640
3740,75.97,20.57,50790.4,72192.8,177534.8,77.1,67.7,126156.8,466257.4,720399,99.77,33.04,9607577.6,7144.4,2626503.6,77.58,31.73,16384,205873,160349.6
3741,79,20.48,3276.8,94062.6,178210.2,75.92,67.67,539852.8,340077.4,722988.2,99.83,27.99,16171008,3437.2,2331140.8,76.83,31.72,0,221600.6,165029
3742,75.18,20.5,0,62677.4,175536.2,72.5,67.65,9830.4,419309.4,727139.4,97.8,31.24,13739622.4,1854045.8,100844,77.98,31.89,37683.2,206017,161801.8
3743,74.47,20.53,86835.2,84228.6,177834.6,72,67.71,60620.8,372466,692909.4,88.17,33.37,6727270.4,2552843.2,84732.6,77.52,31.78,8192,204946.6,163499
3744,74.73,20.52,18022.4,37286,173051.6,73.27,67.84,131891.2,387992,741853.4,83.82,33.21,5711462.4,2557663,93218.4,77.62,31.79,13926.4,196988.2,166703
3745,74.55,20.53,18022.4,75534.2,177683.4,72.98,67.92,36044.8,386143,913483.4,69.5,33.3,2734489.6,761180.4,96620.8,77.25,31.79,8192,209593.2,164799.2
3746,75,20.53,32768,2090.4,173268,78.12,67.85,36864,382346.6,725774.2,69.38,26.7,13524992,6971.2,92865,77.6,31.79,17203.2,204758.8,160539.2
3747,75.55,20.57,21299.2,70768.2,178269,75.67,67.86,616857.6,356891,700261.4,91.75,33.29,8169062.4,2015,84897,77.03,31.81,2457.6,200442.6,160399.6
3748,74.92,20.59,22937.6,88006.6,176320.2,72.03,67.84,45875.2,359928,721082.2,96.7,31.14,6180044.8,1535.8,86324.8,77.35,31.93,26214.4,196497.8,167677
3749,74,20.6,91750.4,2164.6,177401.2,74.15,67.64,29491.2,365125.8,698905,93.97,32.42,11963596.8,2255.4,86150.6,77.4,31.91,41779.2,220117.6,168817.2
3750,74.82,20.62,19660.8,79447.6,174341,74.32,67.69,183500.8,368323.2,745764,96.05,31.4,11652300.8,8950,2512379.2,77.8,31.79,2457.6,213183.2,175082
3751,74.6,20.62,19660.8,76610.8,179697.8,73.15,67.59,27033.6,362900.2,734423.6,96.03,33.88,14340915.2,2713.4,2655150,77.32,31.78,18841.6,204455.2,167213
3752,74.22,20.63,18022.4,43956.8,174764.8,77.25,67.64,15564.8,357786,717003.4,90.62,33.29,1703936,8346,2686858.2,77.58,31.8,8192,204211.4,161985.4
3753,74.38,20.66,0,87736.6,176597.6,76.58,67.68,61440,363773,706100.8,74.25,33.41,2167603.2,8130.6,260676.6,77.92,31.83,0,212565.6,165495.2
3754,74.47,20.67,55705.6,35478.2,175526.2,72.2,67.64,645529.6,364893,716380.6,68.55,33.32,1677721.6,2928.2,88642.8,77.2,31.97,9830.4,208452.2,170531.4
3755,93.13,22.47,42598.4,81284.6,177945.4,73.03,67.66,43417.6,362864.8,708210,69.12,33.44,1661337.6,8383.4,92872.6,77.72,31.94,3276.8,199398.2,169676.4
3756,88.48,22.07,40846950.4,2028.8,171458.8,72.55,67.69,100761.6,361702,730480.6,68.87,30.19,3293184,2755.6,85824.2,77.52,31.82,38502.4,220743.4,168111
3757,86.18,21.54,32192921.6,103920.2,178264.8,71.83,67.74,199065.6,359156.8,898344.8,69.92,30.18,1879244.8,1989934.2,88771.4,77.03,31.8,42598.4,209472.8,164729.8
3758,82.25,21.53,4169728,38296.2,175462,78.92,67.77,7545651.2,366926.6,720223.6,70.58,26.95,9138995.2,2538094.4,86028,77.38,31.82,23756.8,217391.2,159593.4
3759,83.32,21.64,35661414.4,71363.4,178960.6,76.2,67.72,26214.4,363559,700930.8,70.63,26.95,2714828.8,2561644,99341.6,77.33,31.8,52428.8,214141.4,162584.2
3760,82.93,21.58,5506662.4,26892.4,177181.4,72.77,67.7,585728,363816.4,722693.8,68.77,26.89,9219276.8,617673.6,85871.6,77.58,31.81,19660.8,208789.8,163390.2
3761,76.22,21.52,62259.2,61169,178248.4,72.68,67.74,68812.8,355069.4,697571.2,69.48,26.89,12468224,6967,91309.2,77.2,31.84,819.2,206876.6,162025.8
3762,92.13,21.01,25034752,35819.6,174387.2,72.92,67.74,154828.8,357929.8,727893,69.23,26.94,24977408,7765.6,96162.4,77.68,31.93,3276.8,204701.8,163258.2
3763,94.52,21.53,50351308.8,93217.6,180621.4,72.02,67.81,62259.2,364613.4,705725,69.55,26.91,25932595.2,6714.6,93864.4,77.5,31.88,0,208699,162014.8
3764,93.98,21.7,21354905.6,54931.2,175931.8,77.05,67.95,10649.6,368441,721537.2,69.47,26.95,16287334.4,9014.8,97634.6,77.3,31.84,9830.4,202296.4,159145
3765,92.18,21.39,14634188.8,2527.8,176983,75.32,68.01,13107.2,361469.4,698562.8,69.08,26.94,13600358.4,6445,91877.2,78,31.83,48332.8,209055.8,165845.6
3766,97.82,21.48,21268070.4,139632.8,177860.2,71.45,67.94,676659.2,363202.8,722095.2,69.1,26.89,18579456,10693.8,103285.2,77.22,31.83,19660.8,212187.4,169430
3767,97.98,21.57,18908774.4,101146.6,180528.6,72.68,68.13,60620.8,350262.2,688821.4,68.73,26.87,20532428.8,2199.6,84017,78.08,32.01,6553.6,206595.2,164165.2
3768,80.7,19.94,32807321.6,51602.6,172959.2,72.82,67.93,97484.8,367090.6,732023.8,69.08,26.81,25159270.4,11820.4,101892.2,77.07,31.86,8192,205437.2,162271.2
3769,93.08,31.47,14801305.6,64244,178206.6,73.1,67.94,159744,370605.8,900248,68.8,26.76,27053260.8,2990.6,88756.6,77.57,31.89,16384,211978.4,159595.2
3770,99.9,33.12,41169715.2,29735,179143.6,75.06,68.06,73787.03,356773.62,697043.84,69.85,26.8,27068006.4,13725.4,105821,77.25,31.87,2457.6,214011,162089.6
3771,99.77,33.19,40111308.8,62851.4,173863.6,72.05,68.08,631603.2,355094.2,718733.8,68.9,26.72,19565772.8,2356.2,87335.2,76.9,31.87,18841.6,207123,163367.4
3772,99.92,33.22,24802099.2,71367,175415,73.73,68.18,1917747.2,358645.6,690698.6,68.6,26.7,15582822.4,7156,90030.2,78.3,31.91,61440,206583.4,163238.4
3773,99.98,29.86,7399014.4,103672.8,175950.6,72.65,67.77,45056,360941,709758.4,69.23,26.75,17752064,7461.8,99277.2,77.23,31.97,46694.4,200901,165953.2
3774,99.92,28.94,14858649.6,51837.6,172054,72.1,67.78,9011.2,364908,709960.8,68.83,26.77,11057561.6,1828.2,82689.4,77.95,31.89,9011.2,194959.6,158923.2
3775,83.2,26.76,70007193.6,69892.2,178994.2,77.12,67.83,36864,359995.2,724292.6,69.33,26.76,7013990.4,7071.6,91839.8,77.6,31.88,0,202255.2,159683.8
3776,99.85,35.77,53882060.8,60177.4,176467.6,75.45,67.93,65536,354897.8,701181,68.98,26.76,19470745.6,7581.8,97453,76.57,31.88,8192,216857.6,162657.6
3777,99.93,32.73,19539558.4,30709,175030,73.02,67.88,791347.2,367228.6,720931.6,69.42,26.85,24243404.8,1634.6,86413.4,77.68,31.9,3276.8,205996.8,163537.4
3778,99.87,29.58,6081740.8,2185.2,174710.4,72.38,67.69,456294.4,361837.6,694462.2,69.15,26.5,17337548.8,7415,90381,76.88,31.93,27852.8,203822.6,165698.2
3779,99.85,31.86,64918323.2,107451.6,175816,71.72,67.72,65536,363344.8,720241.6,69.35,26.53,5233049.6,7602.2,97960.4,77.92,31.89,39321.6,198516.4,163698.8
3780,99.92,32.7,6712524.8,2027.6,171862.2,71.82,67.75,11468.8,362431.2,895312,68.5,26.5,242483.2,1706.6,84154.4,77.35,32.03,2457.6,213800.6,161802.2
3781,89.03,23.43,32253542.4,142877.6,175710.2,77.6,67.73,7372.8,356624,722040,69.18,26.5,121241.6,7173.4,91681.4,77.12,31.92,21299.2,211670.4,160003.8
3782,92.8,31.14,14714470.4,2836.8,180587.6,76.33,67.65,24576,365476.4,705354,68.95,26.34,88473.6,7821.6,98448.2,77.7,31.92,819.2,217705.2,165005.4
3783,99.93,33.36,6085017.6,2709.2,174413.2,71.78,67.65,750387.2,369589,722672.4,68.55,26.47,168755.2,1765.2,86348.8,77.3,31.94,2457.6,210416.8,164565.2
3784,99.67,33.53,57280102.4,144863,175784.6,72.25,67.72,55705.6,357978,693635.8,68.7,26.43,27852.8,7607.8,93580.6,77.5,31.97,40140.8,203173.2,164744.2
3785,99.93,27.38,7969177.6,1960.6,164750.6,72.63,67.75,49971.2,360870.2,718861,68.93,26.42,140902.4,7599.4,94414.8,77.3,31.95,39321.6,190101,163539.8
3786,99.9,28.33,33752678.4,225547.6,184419.2,72.23,67.8,29491.2,355469,701923.8,69.03,26.45,85196.8,7023.6,89050.2,77.02,32.09,0,218229.8,165582.4
3787,99.93,29.02,8504934.4,7679.2,174259.2,77.23,67.96,18841.6,363524.8,716783.6,69.12,26.47,49152,7713.8,100304.4,77.83,32.02,9011.2,201795.2,157556.6
3788,89.33,23.38,6001459.2,81393.6,176010.8,75.5,68.05,22118.4,365170.6,702827,68.33,26.43,103219.2,2289.8,84920.2,76.88,32.03,10649.6,210266.4,164061.6
3789,92.48,31.29,5439488,2688.8,174283.2,72,68.08,391577.6,366431.2,726019.2,69.3,26.44,119603.2,12933.6,105230.6,77.97,31.95,4915.2,194624.4,164255.2
3790,99.83,33.4,34401484.8,2041.8,174716,72.48,68.12,665190.4,354556.4,692675,68.3,26.49,304742.4,1795.8,84179.4,77.02,31.95,9830.4,208655.4,165116.6
3791,99.85,33.44,72338636.8,217058,177074,72.68,68.1,45875.2,361243,734312.2,69.43,26.47,42598.4,7679.6,89953.6,78.12,31.95,13107.2,214570.4,164990
3792,99.85,29.84,31709593.6,157978,177201.4,72.02,68.12,16384,368205.6,893779.8,68.37,26.47,78643.2,3144.6,88897.6,77.18,31.92,31948.8,216364.2,166737.8
3793,99.9,27.06,6291456,2133.4,173711,77.75,68.18,11468.8,365653.2,717181.4,68.68,26.45,47513.6,7982.4,91185.8,77.05,32.1,18022.4,218980.6,170486.6
3794,99.92,30.54,4004249.6,1929.8,178435,75.43,68.17,29491.2,361284,695466.6,68.7,26.44,40960,1928.8,90227,77.63,32.01,0,209508.8,162115.4
3795,83.47,20.24,4775936,2422.4,171048.8,73.57,68.15,229376,364231.4,734377.8,68.65,26.48,181862.4,7528.2,95344.2,77.67,31.97,19660.8,206822.2,165310
3796,92.07,26.81,51134464,236705.6,178498.2,72.88,68.26,648806.4,351468.4,711411.8,68.9,26.43,113049.6,12348.2,89950.8,77.12,32,18841.6,197757.6,162953
3797,99.87,26.82,51934003.2,77255.4,173281.6,71.98,68.27,68812.8,365964.8,736227.6,68.8,26.5,39321.6,8012.6,100659,77.4,31.99,15564.8,204855.4,164062.6
3798,99.62,26.32,24030412.8,88375.2,178943.2,71.77,68.27,58982.4,364067.8,694978.2,68.4,26.4,142540.8,3061,89122.8,77.15,32,18841.6,214869.8,168182.4
3799,97.33,26.84,29384704,44352.2,175216,77.35,68.31,25395.2,361089.8,713009.4,68.98,26.4,114688,13928.4,105006.6,77.32,32.01,5734.4,213957.2,166805.8
3800,96.85,23.37,57778176,61725,175544.4,76.43,68.27,22118.4,358709.2,701854,68.62,26.4,72089.6,2074,87042.4,77.68,32.15,8192,211901,165383.6
3801,97.12,24.96,5673779.2,28131.6,175079,73.68,68.3,516915.2,358233.6,754299,68.78,26.26,175308.8,8199,90322.6,77.05,32.15,0,204859.4,166188.6
3802,82.48,23.32,27765964.8,72632,180244.4,72.03,68.38,187596.8,358948,697648.4,69.15,26.27,91750.4,7688.4,98007.2,77.28,32.01,6553.6,219659.8,164450.2
3803,83.13,24.91,19061145.6,2253,171150.2,73.77,68,71270.4,390595.8,736832.2,68.83,26.17,54067.2,2037.8,85453.8,78.33,32.03,36044.8,208050.4,169767.8
3804,77.2,21.68,2636185.6,1977.4,175840.4,72.2,68.06,54067.2,367884,898316.8,69.13,26.15,103219.2,8642.2,98633.6,78.22,31.74,26214.4,200883.8,167376.8
3805,89.4,21.66,54272000,155327.2,177982.6,77.32,68.24,21299.2,362239.6,730986.6,68.77,26.13,73728,8456,96548.8,76.43,31.77,10649.6,223028,171309
3806,88,21.56,34432614.4,2312.6,178672.4,76.28,68.13,31129.6,365133.4,686537.8,69.17,26.11,77004.8,7605.6,99966.8,77.78,31.89,0,205325,162201.4
3807,83.57,21.55,6665011.2,121734.8,173767,72.02,68.16,708608,373882.6,690802.4,68.75,26.18,117964.8,8403.2,94724,77.12,31.8,52428.8,200180.8,163976
3808,82.88,21.44,32392806.4,53429.6,177329.2,73.9,68.08,148275.2,380009,719815,69.6,26.2,237568,7067.2,89522.4,77.83,31.81,10649.6,204337.4,164298.8
3809,76.63,21.35,5724569.6,80737.6,172104.8,71.88,68.14,74547.2,374071.8,709254.6,68.48,26.2,147456,2187.8,87666,77.05,31.82,5734.4,215000.2,165509.2
3810,91.78,27.56,52441907.2,41016.2,177583.8,76.62,68.13,14745.6,372347.4,735792.6,68.8,26.31,126156.8,9419.2,99802.2,77.07,31.81,31129.6,207252.4,169261
3811,99.85,32.88,33644544,7101.6,172921.8,75.65,68.26,47513.6,378183.6,695646.2,68.57,26.3,85196.8,9224.6,91134.6,77.47,31.85,31948.8,184602.6,164458
3812,99.87,32.91,3466854.4,113169,176345.8,73.7,68.17,512000,383844.2,736400,68.05,26.3,114688,1821.2,86333.2,77.85,31.99,4915.2,237400.4,165986.4
3813,99.85,28.97,30297292.8,56848.6,176880,71.85,68.2,60620.8,374674.4,692584,69.68,26.28,111411.2,7501.8,97940.6,77.28,31.86,37683.2,171306.6,165166
3814,99.83,29.7,38897254.4,107501.6,172849.4,72.83,68.41,232652.8,378013.8,719755.6,68.52,26.25,106496,1778.4,83961,77.28,31.88,13107.2,259925.8,166778
3815,90.12,19.66,50228428.8,30717.8,176963.4,74.25,68.53,19660.8,376216.2,918678.2,68.98,26.29,96665.6,7815.6,94461.2,77.5,31.84,40960,210553.4,164765.4
3816,90.9,21.36,5203558.4,105044.4,174750.2,76.92,68.49,441548.8,380535.2,718124.2,68.58,26.28,83558.4,9045,99606.4,77.68,31.86,31129.6,209728.8,167568.2
3817,94.47,20.31,10946150.4,35095.4,177682.2,90.52,77.53,45857177.6,363553.4,2174060.2,68.73,26.28,134348.8,8140.6,91370.2,76.8,31.85,0,213614.4,164602
3818,92.42,21.55,7130316.8,2276.4,174517.2,100,77.22,131241574.4,362285,4602011.2,68.5,26.3,111411.2,1897,89552,77.57,31.84,9830.4,205534.8,164872.2
3819,93.27,21.38,9089843.2,71928.6,181886.2,100,74.8,138652876.8,358132.2,4684461.6,68.85,26.31,155648,7462,94508.6,77.38,31.98,9830.4,209611.2,164372.4
3820,97.43,21.45,68953702.4,174324.2,170343.6,100,75.33,121164595.2,353922.2,3205276.2,68.65,26.3,62259.2,1968.8,87348.6,77.3,31.92,55705.6,192159.2,164828
3821,97.95,21.38,25241190.4,2140.4,175049.8,100,76.44,124744499.2,3591463.4,684764.8,68.9,26.3,62035.87,7475.29,96340.18,77.57,31.85,5734.4,131784.2,161064.2
3822,82.73,19.74,5844172.8,2173.6,173572.4,100,74.96,128298188.8,3916498,714958,69.07,26.27,34509.93,7899.1,90735.61,77.28,31.88,6553.6,237121.6,163967.4
3823,75.67,19.71,5339545.6,115070,181813,92.8,69.01,126488070.1,3924439.44,680593.82,69.28,26.31,45902.74,9071.24,101972.18,77.37,31.86,24576,278339.2,172827
3824,75.55,19.73,19523174.4,25562.2,175073.8,95.98,71.41,124293860.2,1005995.18,3659904.62,68.37,26.31,18022.4,2962.4,86546,77.07,32,6553.6,207015.8,166253.8
3825,74.52,19.72,6291456,92960,177618,100,76.38,126491033.6,362054.6,4759285.4,68.68,26.29,132710.4,7163.2,90660.4,77.68,31.9,53248,189265,165518.8
3826,74.77,19.72,21741568,2350.2,171185.6,100,74.89,126074060.8,1899388.2,1882151.4,68.97,26.28,198246.4,7810,98767.8,77.08,31.85,24576,206729.6,165329
3827,75.15,19.68,6247219.2,62224.4,174558.4,100,77.09,123757363.2,4026724.8,707863,68.48,26.27,55705.6,1999.2,86652.6,77.27,31.86,7372.8,120707,158755.8
3828,76.68,19.86,40604467.2,34767.8,178661.6,100,76.18,118940467.2,3799418.4,692092,69,26.16,36044.8,12970.8,105301.6,76.78,31.88,65536,192017.4,165799.2
3829,75.77,19.75,23919001.6,88134,177389.6,88.82,73.94,125816012.8,2595581.6,1328503,68.25,26.17,44236.8,1636.4,86546.2,77.33,31.88,23756.8,217631.4,168394.2
3830,74.23,19.72,6501171.2,3287.6,178187,100,71.54,117823078.4,357288.6,3314403.2,69.38,26.22,34406.4,14791.2,110673.4,77.45,32.07,26214.4,287123.8,166480
3831,75.58,19.69,24956108.8,56941.8,173096,100,72.6,116735180.8,360431.6,3292307,67.88,26.34,103219.2,1622.8,85186.4,77.18,32.06,9011.2,206730.4,165882.4
3832,75.87,19.72,56821350.4,41100.6,177411,100,73.41,119950074.4,360836.47,2744574.17,69.25,26.23,109772.8,7300,95552.4,77.53,31.9,0,200577.6,162399.2
3833,73.78,19.72,6291456,2257.8,173407.4,100,71.7,116711414.2,2796598.04,709071.03,69.03,26.17,60596.56,8821.87,97697.12,77.85,31.86,9830.4,192639,158699.2
3834,76.27,19.73,6186598.4,2179.8,175853,100,72.65,103216742.4,2922837,686245.2,68.79,26.17,73757.5,8358.34,98171.07,77.23,31.9,8192,217496.2,166184.4
3835,75.8,19.63,5754060.8,2495.2,173996.8,93.18,68.29,99870310.4,2932292.2,710286,68.53,26.23,42598.4,8517.6,91962.2,77.5,31.88,21299.2,209897.4,170887.2
3836,76.33,19.64,4985651.2,313331,180990.4,87.72,69.95,79522201.6,620830.2,1749482.6,69.3,26.22,42598.4,9060.6,100713.8,77.53,31.85,26214.4,205337.6,167975.8
3837,75.45,19.57,15310848,73354.6,173256.8,91.1,69.49,93238067.2,360485.6,2023864.6,68.15,26.3,60620.8,3611,87803,77.45,31.88,9830.4,207099.8,167547.6
3838,75.53,19.69,11195187.2,16543,178647.8,90.3,69.49,96995737.6,360763.4,2202823,69.82,26.19,206438.4,13002.4,105862.6,77.18,31.87,4915.2,207701.8,159103
3839,75.33,19.7,8192,63574.2,175497,95.03,69.49,84597964.8,1634183.2,680400.8,68.48,26.32,114688,1839.2,84305.8,77.82,31.88,18841.6,215894.8,162961.6
3840,74.95,19.58,16384,47321.2,176901.4,89.82,69.53,91213824,1662058,715787.6,69.28,26.34,157286.4,7038,94286.2,77.18,31.88,18022.4,207990.6,163886.6
3841,74.78,19.59,4915.2,100160.6,175739.2,87.58,75.36,94791270.4,984471.2,2340383.6,68.7,26.36,103219.2,7916.4,94849.8,77.12,31.84,9011.2,213520.4,164411.4
3842,74.57,19.61,16384,74538.2,170216,100,77.64,102055936,357834.6,4668321,69.13,26.22,16384,8079.2,91491.8,77.48,31.87,34406.4,214388,170778.4
3843,74.67,19.6,181862.4,51243,181291.6,100,72.36,90024345.6,350746.6,4604755.6,69.93,26.3,68812.8,8687,99878.4,77.95,32.03,9830.4,208738.8,165225.4
3844,74.87,19.65,40960,91662.6,173390.2,100,74.88,90574848,622649.2,3008613.2,67.98,26.16,90112,1657,86381.6,77.55,31.88,3276.8,198405.4,159894.6
3845,74.45,19.65,44236.8,61838.8,178440.4,100,77.22,110052147.2,3786512.4,691178,69.14,26.27,119435.99,7289.39,92408.83,77.17,31.89,8192,178432,162934
3846,74.38,19.7,55705.6,69948,177250.4,100,76.24,116725350.4,3837398,714396.4,69.21,26.27,88597.64,7480.27,96474.46,77.5,31.88,4096,127742,163058.6
3847,78.22,19.54,21299.2,59645.2,179594.6,87.6,68.91,116672921.6,3623522,683136.2,68.9,26.26,49152,8915.8,96958.2,77.62,31.89,0,265152.4,168940.2
3848,74.35,19.56,18022.4,72822.2,172809.6,97.9,72.33,110836121.6,546134.8,2972465.8,68.5,26.3,27852.8,9926.4,99433.2,76.63,31.88,42598.4,269629,175861.8
3849,74.55,19.6,27852.8,38571.8,178267.2,99.55,73.24,99486105.6,366738.2,3501245.4,69.37,26.29,16384,7466.8,96411.2,77.03,32.05,22937.6,206609.2,164904.2
3850,74.32,19.62,31129.6,65416.2,175448,99.72,72.93,106939187.2,363598.8,3353573.6,68.53,26.3,163840,7260.4,89091.6,78.12,31.97,4915.2,185175.2,157956
3851,75.17,19.77,0,61157.6,177579.2,100,73.14,103711539.2,1502525.2,1055473.2,68.8,26.3,29491.2,1940.4,89811.2,77.45,31.89,17203.2,213830.8,164020.8
3852,74.32,19.69,90112,89865.6,174419.2,100,72.94,108267929.6,2923602,711355,69.32,26.28,193331.2,7757.8,94625.2,77.6,31.87,44236.8,217397.4,166476
3853,74.48,19.67,4915.2,41246.6,176895.4,86.95,72.88,95526092.8,1843925.2,1594410.8,69.82,26.29,72089.6,8138.6,91542.2,77.35,31.88,29491.2,218702.8,171601.2
3854,74.38,19.68,9830.4,80122,173751.4,99.9,71.42,94362009.6,359803.4,3330672.6,68.23,26.26,54067.2,8244.6,87199.2,77.25,31.86,967475.2,221206.6,168740
3855,74.28,19.7,47513.6,56495,175008,100,72.98,102996377.6,361906.4,3329974.2,69.35,26.27,101580.8,7477.4,102256.4,77.35,31.88,2656665.6,211201.2,160843.2
3856,73.52,19.72,27852.8,45809.2,181249.8,99.98,73.32,108257042.6,353958.23,2462804.32,68,26.27,134348.8,1707.6,85933.6,77.57,32.04,13926.4,217587.2,164012.2
3857,75.53,19.75,111411.2,78819.6,173838.8,100,72.77,108071447.7,2677146.49,715449.47,69.4,26.3,39321.6,7404.6,93560,77.62,31.91,2457.6,212554,164235.6
3858,74.65,19.76,147456,45719.4,180994.4,100,72.99,113016012.8,2948074.8,703446.4,68.53,26.28,109663.14,8202.6,95020.78,76.95,31.93,3276.8,213283.8,165029.4
3859,74.53,19.75,19660.8,4702.8,175264.2,90.07,68.39,87496294.4,2938883,720043,69.05,26.28,39360.96,9513.51,97896.7,77.47,31.95,6553.6,204035.2,166163.6
3860,74.6,19.76,8192,147475.8,178155.8,94.22,71.57,81081139.2,770851.8,2844358.8,68.4,26.17,149094.4,7433.4,95104.8,78.05,31.89,5734.4,204638,161387.4
3861,74.25,19.79,8192,26971.4,175860.6,100,73.96,121365299.2,356568.2,3327689.4,68.49,26.21,75306.16,7530.78,97493.8,77.37,31.89,71270.4,200572.8,158767.8
3862,78.72,19.68,65536,4452.8,177306.6,100,73.57,104020377.6,350999.2,3325633.6,69.16,26.15,134456.37,1836.67,86169.54,77.17,32.01,42598.4,204691.2,163068.8
3863,74.77,19.73,26214.4,2421.4,174764.2,100,73.31,122517094.4,1119151,1345792.8,68.95,26.12,44210.27,8140.52,91280.63,77.75,31.91,6553.6,208441,164152.8
3864,74.07,19.71,93388.8,1841.8,175555.2,100,73.37,112517120,2948956.6,684243,69.58,26.14,98363.02,9038.82,100279.37,77.6,31.89,11468.8,209304.6,167461.8
3865,73.87,19.71,11468.8,2270.2,171354.8,100,72.77,128969932.8,2928296.6,707870.2,68.33,26.15,44236.8,2843,86387.6,77.53,31.9,4096,211266.6,167105.8
3866,73.93,19.7,6553.6,2819.6,176826.6,82.5,69.46,102344294.4,2284474,894677.4,69.7,26.17,106496,13213,106087.6,76.82,31.93,7372.8,210433.6,159903.2
3867,74.05,19.67,21299.2,2025.8,172997.2,94.15,69.56,99454156.8,350070.8,2022274.8,68.47,26.16,68812.8,1574.8,83639.8,77.65,31.88,42598.4,208691.8,162323
3868,73.75,19.68,0,6845.6,175517.4,90.61,69.41,103494069.6,367926.37,1821640.46,68.93,26.17,127795.2,8515,91604.6,77.02,32.01,3276.8,206927,165996
3869,73.64,19.68,27824.98,2201.8,177029.97,90.53,69.37,94458675.2,1312653,683500.8,69.1,26.16,68785.29,7584.37,97625.15,77.52,31.97,3276.8,204305.2,158936.2
3870,74.41,19.7,95122.32,1729.73,172601.8,90.33,69.45,104468480,1680008.8,713934.8,68.35,26.16,93426.17,1787.52,84154.06,77.43,31.93,16384,205218.4,166200
3871,73.98,19.7,32768,1989.4,176257.4,86.75,68.4,103250329.6,1640502,887170.4,68.55,26.29,96665.6,6946.4,89244.8,78.03,31.91,31948.8,207075.6,162222.6
3872,74.57,19.69,14745.6,2151.6,174134.8,91.95,73.2,105351577.6,734786.2,2355484.2,69.03,26.14,162201.6,1946.8,89430.2,77.7,31.91,27852.8,204662.4,158390.6
3873,74.45,19.7,0,2955,178695.8,100,74.3,115873727.3,374383.65,3320236.51,68.92,26.21,176947.2,8464.6,96378.2,76.95,31.92,76185.6,213159.6,169940.2
3874,74.42,19.71,29491.2,2176.4,174268.6,100,74.21,122632502.6,377840.54,3339917.17,68.9,26.25,116326.4,7514.4,91850.4,77.28,32.09,13926.4,208827.2,164993.4
3875,77.48,19.68,157286.4,2116.2,176516.4,99.78,73.42,111952691.2,747227.8,1663847,67.88,26.25,99942.4,7606.8,98568.8,77.32,31.93,36864,212679.2,163477
3876,77.43,19.69,47513.6,2283,172114.2,100,72.95,112538419.2,2972234.6,716481,69.35,26.26,183500.8,1782.8,82057.8,77.12,31.91,3276.8,206305.4,164184.4
3877,73.9,19.68,40960,1999.8,177406,99.98,72.93,116315750.4,2974718.4,690723.8,68.7,26.28,55705.6,7202.4,89283,77.35,31.91,0,207360.6,162576.8
3878,73.63,19.66,26214.4,2101.8,175401.8,88.12,68.39,94076928,2571942.8,711484,68.02,26.26,165478.4,1766.8,84193.6,77.87,31.91,26214.4,190858.2,159040.8
3879,73.88,19.67,0,2005.6,176172.2,74.73,68.39,303104,373904.6,686523.2,69.6,26.27,103219.2,14385,108051.4,77.25,31.92,3276.8,192827.6,165464.8
3880,73.78,19.68,3276.8,2415.4,174686.6,71.27,68.39,60620.8,375570.8,714434.4,68.12,26.24,145817.6,3526,86899,77.42,32.1,49971.2,221177.2,171556.2
3881,73.92,19.69,8192,4605,178325.2,71.87,68.41,5734.4,365380.2,683304.8,69.1,26.25,22937.6,7520,93144.4,77.05,31.98,7372.8,204364.4,165598.4
3882,74.45,19.71,160563.2,2334.4,172805.6,71.83,68.41,70451.2,383958.2,715287.8,69.42,26.28,81920,7530.6,94755.8,77.85,31.97,10649.6,200444.2,164832.8
3883,74.03,19.67,37683.2,2360.4,178212.2,72.27,68.4,36864,385011.4,889675.4,69.13,26.3,37683.2,8942.2,99523.8,77.28,31.92,0,216129.4,162125
3884,74.1,19.71,116326.4,2123.4,175889.4,78.57,68.65,145817.6,382977.2,757942.2,68.65,26.24,152371.2,7423.4,94111.2,77.19,31.95,22878.12,209461.4,159365.65
3885,75.53,20.14,55705.6,2875,178618.2,77.2,68.67,754483.2,363292.2,727412.4,68.7,26.26,42598.4,7226.4,91683.8,77.79,31.94,22997.39,213671.35,160739.72
3886,72.77,20.25,83558.4,6782.4,175521.4,73.8,68.65,69632,359664.2,749388,69.02,26.24,86835.2,7925.4,98303,77.37,31.95,6553.6,211869.4,169264
3887,74,20.38,208076.8,70086.4,180467,73.33,68.68,69632,361153.4,697022.2,67.98,26.21,91750.4,1812.4,83903.6,77.48,32.16,68812.8,205505,162579.4
3888,92.78,20.08,98304,518471.4,182627,74.53,68.65,29491.2,369695,738502.2,69.55,26.22,90112,12759.2,104365.4,77.65,31.92,19660.8,186436.6,161751.6
3889,87.7,19.69,226099.2,46747.6,175986.6,71.98,68.67,107315.2,362340.2,703696,68.3,26.2,145817.6,1935,86688.4,77.02,31.93,16384,212574.6,160074.8
3890,75.6,19.43,86835.2,169635.6,177225.4,78.27,68.61,17203.2,365080,741295.4,69.48,26.18,34406.4,14353.8,110063.6,85.5,32.92,88883200,201722.2,1246093.2
3891,77.1,19.25,829030.4,175220.8,179581,76.55,68.44,12288,355586.6,700156.6,68.65,26.14,104857.6,2050.8,86549.4,87.2,32.98,99322265.6,187079,1458549.2
3892,74.53,19.21,65536,52219.8,175200.2,71.98,68.45,666828.8,367213.6,724308.2,69.03,26.23,91750.4,6957.2,92041,92.1,33.11,100769792,203671.4,1450153.2
3893,74.93,19.39,55705.6,61193.8,179836.6,72.33,68.44,58058.69,364451.99,732026.95,68.75,26.21,160563.2,7688.6,94480.8,91.85,32.94,96699187.2,899284.4,371507.8
3894,74.17,19.25,494796.8,2012.4,171692,72.55,68.25,37751.15,359812.26,893948.31,69.02,26.17,31129.6,8704.2,97419.2,91.38,32.83,100712448,1510351.4,172335.2
3895,89.27,19.94,3206348.8,113582.4,181303,77.22,68.26,159744,360535.8,725603.8,68.88,26.28,211353.6,9428.6,101513,91.13,32.9,104703590.4,1504382.2,168489.8
3896,89.97,19.83,0,13512.8,173346.6,78.15,68.41,7372.8,362979.8,730909.2,69.53,26.16,129433.6,7141.8,90974,90.03,38.53,55291904,821957,1817042.4
3897,83.18,19.68,2218393.6,122912.8,174238.8,73.25,68.42,693043.2,367858.4,735071.8,68.4,26.29,109772.8,7735.8,98215.4,100,37.64,91120435.2,204076.2,4052932.8
3898,75.1,19.58,36044.8,95357,177423.6,72.3,68.51,33587.2,357034,692331.6,87.08,27.93,6994329.6,6966.6,88255.4,100,39.04,97052262.4,199685.2,4014707.8
3899,74.67,19.17,688128,59997.2,172061.6,73.52,68.52,56524.8,359613.2,724628.4,77.28,28.05,16567500.8,7621.2,97643.2,100,38.56,94333337.6,621911.6,2372954.4
3900,74.18,19.17,4867686.4,57645.6,178263.6,71.62,68.47,44236.8,338895.2,697722.2,76.52,27.95,8296857.6,1540.6,83911.2,100,39.07,76268339.2,3608947.8,163806.6
3901,74.17,19.23,1890713.6,8784.8,177663.6,77.33,68.5,193331.2,376873,725422.2,76.95,28.15,3255500.8,13841,111794.2,100,39,79588556.8,3433107.8,166419.6
3902,75.45,19.21,6553.6,156933.6,181113.4,76.2,68.55,22118.4,368035.6,702977.6,77.28,28.16,3774873.6,3044,83886.4,89.52,35.46,86821273.6,3402461.8,171540.2
3903,73.65,19.19,0,2385.8,174608.2,74.83,68.51,1526988.8,372103,741805.8,76.35,28.2,3145728,8834.2,96898.6,96.87,36.53,73343795.2,314063.6,2494276
3904,74.55,19.22,4915.2,142979.2,178732,73.1,68.61,129433.6,355551.4,704362.2,70.28,28.32,3350156.31,7565.86,95675.19,96.78,35.57,68594892.8,218530.8,2741677.8
3905,79.2,19.11,16384,163119.6,175356.8,72.78,68.51,30310.4,359137.2,722820,98.58,41.64,3196798.08,4972.58,89156.09,94.17,35.46,76321587.2,206106.4,2738997.6
3906,73.63,19.08,152371.2,2281,176838,72.13,68.56,44236.8,370780.2,906136.2,99.92,40.42,2167603.2,10170.4,98981,91.68,35.33,76644352,1731276.8,433908.4
3907,74.73,19.1,78643.2,134429.4,175070,76.98,68.59,130252.8,364382.6,714504,99.95,38.61,4623564.8,6193,90775.4,89.08,35.34,91088486.4,2852828.4,167366.4
3908,86.37,20.15,1821900.8,94606.2,176085,74.82,68.59,95846.4,361243.4,703994.2,100,35.03,2872115.2,11172.2,102765.6,92.27,35.28,87085875.2,2743780.6,168054.6
3909,74.58,19.89,3453747.2,3446.2,175161.6,71.8,68.58,628326.4,361421.8,723047.4,99.98,33.56,2577203.2,1571.4,86513,85.8,34.57,80918118.4,1278681.2,756642.2
3910,74.23,19.42,26214.4,65494.4,177417.8,74.13,68.57,13926.4,351169,701972.2,99.95,35.63,1754726.4,7183.6,89699.2,91.07,33.07,93469081.6,204149.4,1452975.2
3911,74.05,19.43,6553.6,36057,173465,72.3,68.59,21299.2,367471.8,727734.8,70.78,25.63,16447897.6,1655.6,85750.2,92.52,33.06,93197107.2,198059.2,1454680
3912,74.28,19.45,4915.2,63402.2,177882,71.82,68.6,22118.4,363521.4,699277.4,85.88,27.12,2359296,2066.4,86655.2,91.33,33.06,93689446.4,322845.6,866940
3913,73.95,19.47,16384,50452.6,175183.4,77.29,68.63,55616.61,363996.21,751747.8,86.15,27.61,2518220.8,12826.8,98933,91.42,32.88,97832140.8,1504696.6,163875
3914,77.7,19.43,124518.4,2578.4,177030,75.73,68.63,56615.38,356083.33,698110.18,87.5,27.35,3568435.2,8892.6,94266.6,90.67,32.89,95270502.4,1523866.2,175630.6
3915,74.23,19.43,1713766.4,64155,175510.6,72.87,68.52,813465.6,360150.8,732236.2,87.35,27.35,2066022.4,2249.8,84718.2,84.72,33.85,72137932.8,1386156.2,171837.2
3916,74.17,19.42,1522073.6,77989,177781.8,71.5,68.58,16384,360936.6,694863.4,86.32,27.45,2514944,6989,90568.2,100,35.29,93460070.4,195086.2,2690151.6
3917,74.03,19.45,3276.8,4172.2,173879.2,73.8,68.38,41779.2,370933,744771.2,69.55,25.69,4308992,2978.2,82748.8,97.6,35.49,99256729.6,217561.4,2747267.2
3918,74.53,19.45,16384,109304.4,178504.4,71.77,68.39,48332.8,366059.4,897103.8,98.03,39.05,12548505.6,1733.2,87928.2,97.78,35.62,95323750.4,207223.2,2749222.6
3919,74.18,19.47,0,16276,174348.8,76.78,68.45,87654.4,359560,719045.2,100,37.61,16292249.6,3411.6,85169.8,97.52,35.33,94697062.4,1956115.2,201525.6
3920,75,19.49,21299.2,88562.2,177869.2,75.85,68.35,6553.6,350577.6,692359.6,99.93,32.36,12738560,1473.6,86294.2,100,35.87,103212646.4,2777247.8,167207.4
3921,74.07,19.51,126156.8,2316.4,174438.2,72.33,68.32,3286630.4,370114.4,731147,99.92,35.13,6994329.6,2610.2,85450.2,96.43,33.88,87783833.6,2741156.4,169452.8
3922,74.32,19.54,49152,71577.6,178635.4,71.93,68.4,38502.4,362995,702125.4,99.9,37.64,10394519.76,2607.98,84644.11,86.5,33,88326144,1153754.4,855754.6
3923,74.65,19.56,19660.8,42925.4,174859.8,72.45,68.35,75366.4,366517,723495.4,99.95,33.3,12867514.23,3688.98,87915.63,83.23,32.94,99432038.4,207226,1456860
3924,76.28,19.57,6553.6,90421.4,179852.8,71.6,68.35,21299.2,355719.2,701057.2,70.82,30.05,2547712,3421.8,89410.8,91.73,33.01,92055142.4,518536.6,768408.2
3925,77.1,19.49,4915.2,48139.8,177261,77.45,68.51,42598.4,356984.8,722457.6,85.33,26.57,2516582.4,1876.6,84579.2,90.85,32.96,97911603.2,1498237.2,162960.2
3926,74.45,19.52,14745.6,76499.6,179274.8,76.43,68.49,6553.6,362051.6,699620.8,85.88,26.85,2395340.8,1605.2,89185,91.45,33.07,91519385.6,1513437.4,167451.6
3927,74.28,19.53,98304,46107.8,177902.8,71.98,68.49,629145.6,370602.6,732156,89.15,26.63,2519859.2,9144,99142.4,86.37,36.85,80604364.8,1212453.2,594982.8
3928,74.43,19.54,34406.4,83703.4,178879,72.43,68.45,220364.8,363209.4,730705.8,89.13,26.55,2547712,3580.4,84367.2,100,38.75,68589977.6,212489.4,4043518
3929,74.72,19.53,19660.8,25202.4,174514,72,68.41,164659.2,364407.6,900702.4,87.18,26.55,2097152,5808,93836.2,100,37.9,93504307.2,208458.8,4024569.8
3930,74.48,19.54,21299.2,79810.6,178741.8,77.42,68.35,45056,366936.4,726453,86.33,26.56,2755788.8,7445.8,97440.4,100,39.12,89557401.6,205059.6,3591899.6
3931,73.94,19.55,31079.87,2245.61,174780.15,76.33,68.37,13926.4,324480.8,698783,70.28,25.01,2097152,7983.4,91936.8,100,39.11,94676582.4,2739005.2,162968.8
3932,75.18,19.56,9846.15,67410.06,178531.45,72.78,68.37,17203.2,396410.2,732049,96.88,31.55,1736704,7356.4,97651,100,38.71,81513676.8,3534639.8,172167
3933,74.62,19.68,13107.2,67859.8,180718.8,71.98,68.45,593920,360515,698122.6,98.2,31.66,6512640,6239.2,91656.2,96.6,35.67,89382092.8,3467473,163567.2
3934,79.4,19.56,0,64004,173649,73.47,68.51,59801.6,365182.4,722141.6,93.75,31.56,10179379.2,9129.6,96881.4,87.07,33.2,83501875.2,1377039,832043.6
3935,75.18,19.53,40960,87411.6,177174.6,72.1,68.44,159744,363337.2,699003.8,93.53,28.55,3493068.8,6003,89056,90.97,32.61,88058265.6,223781.2,1457939.6
3936,74.68,19.56,47513.6,54312.4,175483,76.58,68.48,70451.2,368432.4,722820.4,93.52,31.99,2516582.4,6233.8,92062,90.6,32.9,90853376,214515,1459034.6
3937,73.92,19.57,21299.2,2032.6,176427.8,75.85,68.54,16384,361721.2,699853.4,85.25,31.69,2544435.2,1829.4,83837.2,92.25,33.05,97865728,491594.6,789776.8
3938,74.62,19.57,0,65575.6,175792,72.08,68.51,97484.8,361114.6,724725.6,69.7,28.3,2069299.2,1693,85882.4,91.2,32.96,100511744,1489848,166596.6
3939,74.43,19.61,75366.4,84919.6,177595.6,72.15,68.48,632422.4,351740.2,696245.2,85.25,25.76,7751270.4,2026.8,87780.6,91.53,33.03,102520422.4,1479754.6,163974.2
3940,74.78,19.64,9830.4,53132,174330.4,72.43,68.53,28672,375283.6,727880.2,86.25,26.92,2426470.4,7294,93529.2,85.5,33.01,83174195.2,1225907.2,322420.8
3941,74.65,19.6,26214.4,62372.2,178269.6,73.78,68.24,190873.6,372966.8,902509.8,86.82,26.73,2516582.4,8820.8,91989.8,83.57,32.96,89403392,208475.2,1458416.8
3942,77.87,19.58,4915.2,28996.2,175645.4,76.82,68.38,115507.2,364225.2,720761.2,91.37,26.76,2208563.2,9385,102656.6,84.23,33.04,95666995.2,211391.8,1458235.2
3943,75.17,19.61,31129.6,106115.6,179963.6,75.9,68.32,12288,374291.6,702579.4,86.8,26.74,10534912,2099.6,84523,83.25,33.11,100534681.6,194837,1298214
3944,74.08,19.58,16384,2205.4,176525,73.3,68.24,102400,375406.4,727180.8,86.52,26.73,14001766.4,6845.4,90988,85.22,33.26,84435763.2,1234027.6,169900.2
3945,74.43,19.6,101580.8,82895,177358.2,72.18,68.34,607846.4,377700.8,696554.2,70.78,25.11,6116147.2,7914,97851.8,91.9,32.96,105775104,1493008.2,162750
3946,74.75,19.6,31129.6,70911.4,173197.8,72.65,68.29,47513.6,381205.6,721346.4,84.7,26.65,2088960,1676.6,83777.2,88.83,32.36,105628467.2,1519580.2,169299.8
3947,74.65,19.73,13107.2,56990.8,176305.6,71.95,68.36,17203.2,377970,704147.6,85.78,26.96,1689190.4,8673.4,91791,89.2,33.09,66587033.6,473338.2,1062672
3948,77.66,19.8,17950.6,28781.08,174760.16,77.15,68.26,42598.4,374491.2,716415.4,86.53,26.74,12466585.6,3361.4,89544.4,92.13,32.72,100099686.4,213111.6,1458750.2
3949,75.47,19.67,0,90944.58,177608.43,75.83,68.3,54886.4,370481.8,704122.8,90,26.66,24381030.4,7579.6,100243,90.77,33.01,103911424,206735.4,1453806
3950,74.37,19.63,36044.8,2341.6,174037,72.1,68.31,694681.6,382243.4,718455,87.15,26.65,25064243.2,1833.2,84001,91.43,33.2,96961331.2,716773.8,560191.2
3951,74.37,19.65,77004.8,82856.4,177208.4,71.72,68.35,22118.4,377651.8,698425.4,71.35,26.66,19759104,6995.8,92114.2,91.5,33.11,92707225.6,1489368.4,161821.6
3952,74.25,19.67,62259.2,35231,175783.4,73.25,68.39,21299.2,381713.2,723361.2,96.27,31.71,6710886.4,7830.8,96017.2,91.53,33.01,98733260.8,1501191.6,167401.2
3953,74.88,19.67,49152,103614.8,177736.6,72.7,68.66,61440,382019.4,903824,99.53,28.59,17622630.4,7106.4,91768,80.28,32.08,33970585.6,1007966.8,164128
3954,74.85,19.67,67174.4,50953.4,174909,76.72,68.7,58163.2,372889.8,721555.8,99.85,30.83,24364646.4,2564,88089,77.23,32.1,13926.4,205652.8,160538.6
3955,78.07,19.73,0,84730,177745.8,76.15,68.77,40140.8,361212.8,693544.4,94.98,31.63,7176192,8208.2,98018.4,77.32,32.09,0,202925,161816.2
3956,75.68,19.62,0,3030.8,176250.4,72.5,68.71,767590.4,371968.2,724552.8,85.42,31.63,2754150.4,7507.8,89603.6,78.02,32.1,33587.2,192281,170268.4
3957,74.63,19.64,106496,90982,176918.2,71.9,68.74,41779.2,358898.6,694369.2,84.72,31.64,9171763.2,1897.4,84166.6,77.05,32.25,9011.2,221158,167092.2
3958,75.02,19.64,106496,51337.8,172614,72.23,68.75,191692.8,359311.2,717548.6,70.45,31.75,11580211.2,2967,86088,77.07,32.15,0,209754,167092.2
3959,74.57,19.62,47513.6,75041.6,178861.4,72.35,68.79,89292.8,356704.8,707402.8,96.32,32.34,2100428.8,3504,89918.4,77.63,32.06,6553.6,220557,164618.4
3960,74.25,19.63,80281.6,27635.4,175775.8,77.17,68.7,22937.6,365722.2,722661.4,99.82,31.39,1677721.6,1872.6,84117.8,77.42,32.08,18841.6,170649.2,162516.8
3961,73.85,20.07,44236.8,10529.2,177387.2,72.77,68.78,8192,386743.2,728170,68.77,25.61,113049.6,7054.2,91058.4,77.02,32.16,0,209188.2,165557.2
3962,74.78,20.14,135987.2,103789.6,178762.8,72.4,68.95,1331200,298724.4,700371.8,68.68,25.59,99942.4,7845.4,98032.2,78.25,32.26,9011.2,207836.6,158896.8
3963,73.93,20.13,14745.6,3835.4,173809.2,72.25,69,78643.2,454673.6,727001.4,68.6,25.67,91750.4,1721.6,83417.6,77.78,32.15,56524.8,206781.4,163948.6
3964,79.32,20.02,0,149293,181832.6,71.9,69.07,11468.8,372104.2,703607.6,69.08,25.6,16384,7551.4,92875.2,77,32.13,0,205524.8,162223
3965,74.12,20,4915.2,18020.2,177600.8,77.48,69.08,45875.2,382555.8,723005,69.7,25.58,186777.6,7497,96559.2,77.22,32.17,30310.4,206125,162475.2
3966,73.88,20.03,14745.6,88072,177062.8,75.73,69.15,162201.6,377996.2,698802.4,68.93,25.59,103219.2,9472.8,99268.6,77.6,32.08,9011.2,213836.8,169231.6
3967,74.2,20.06,4915.2,70828.6,176484.4,72.08,69.16,288358.4,379963,717528.8,68.85,25.57,16357.83,8021.77,91515.77,77.45,32.08,0,212117.8,166180
3968,74.2,20.05,85196.8,71902.8,177265.4,72.9,68.88,638156.8,369810.8,695026.2,69.05,25.59,11487.18,8691.91,100671.27,77.33,32.1,5734.4,213370,169377.4
3969,74.12,20.07,18022.4,30209.2,172336.2,72.2,68.91,120422.4,371630.4,717553.2,68.23,25.54,121241.6,2378.6,85740,78.57,32.26,20480,219903.8,172301.4
3970,73.8,20.1,106496,97911.2,181845.8,71.87,68.94,36044.8,386503.8,896809.8,69.38,25.54,106496,11824,103036.6,77.18,32.1,20480,206062.6,161170.6
3971,74.6,20.08,34406.4,25532.6,172016.2,78.03,68.93,34406.4,381225.6,716868.2,68.45,25.5,113049.6,3967.4,87754.2,77.32,32.12,3276.8,205365.6,161185.4
3972,79.05,20.2,4915.2,114910.6,179827.8,75.38,68.88,80281.6,363982.4,703335.4,69.78,25.68,119603.2,12231.2,106276.8,77.33,32.14,47513.6,207150.4,163773.8
3973,74.4,20.06,14745.6,70338.4,177108.2,72.03,68.9,185958.4,361317.4,722378.8,68.63,25.55,80281.6,4498.2,89932.8,77.57,32.1,28672,205918.2,167716.2
3974,74.15,20.05,0,63234.6,178602.2,72.87,68.94,644710.4,353610.8,693510.8,68.75,25.68,122880,7025.6,89901.8,77.48,32.19,57344,205604.2,166186.6
3975,73.73,20.06,6553.6,2214.4,171447.8,72.7,68.94,45875.2,365397.2,718482.8,69.28,25.64,98304,7888.2,98216.4,77.75,32.3,3276.8,203641.6,165053.4
3976,74.33,20.08,6553.6,89108,176906.8,72.27,68.87,6553.6,364788.6,699074.2,68.22,25.75,91750.4,1875.2,86492.2,78.1,32.1,6544.44,214453.76,161670.46
3977,73.55,20.1,121241.6,56257.4,176404.4,77.52,68.91,5734.4,362805.6,715410.6,69.7,25.58,80281.6,8232.2,91384.8,77.12,32.11,31993.59,215986.58,167379.53
3978,75.1,20.1,39321.6,81345.6,177305.4,75.58,68.92,27852.8,360705.2,702310,69.18,25.7,172032,13042.4,103026,77.17,32.13,3276.8,217189.8,171181
3979,74.97,20.12,4915.2,72741.6,174988.4,72.1,68.92,98304,359503,754498.2,68.5,25.74,191692.8,3676.2,84566,77.97,32.11,2457.6,199808.8,162806
3980,77.07,20.04,3276.8,39466,177524,71.58,68.92,199065.6,361133.4,691798.2,68.8,25.75,54067.2,7107,92760.2,77.12,32.1,8192,193495.4,163970.4
3981,74.48,20.03,13107.2,60598.4,173725.6,72.65,68.93,46694.4,368441.6,895947.4,68.95,25.77,139264,7521.8,94700.4,77.53,32.24,24576,221644.6,163734
3982,74.25,20.07,26214.4,56623.6,177833.6,77.1,69.01,30310.4,359344.6,717544.8,68.5,25.78,140902.4,7594.4,92414,77.27,32.13,77004.8,202402.2,161496.4
3983,74.42,20.07,83275.26,60263.11,175262.91,75.93,68.77,36864,354247.2,714740.6,69.02,25.77,132710.4,9608.4,101390.8,78.28,32.11,31948.8,202043.2,163276.8
3984,74.35,20.09,8219.95,3238.81,177024.08,72.8,68.81,1712947.2,366443.8,721047.8,68.68,25.77,98304,1987.6,87143,77.28,32.12,8192,218550.4,172160.6
3985,73.97,20.1,72089.6,19861.4,175494,72.6,68.84,190873.6,362926.6,695155,69.37,25.78,103219.2,14348.8,109425.6,77.32,32.13,45875.2,204145.6,161140.4
3986,75.33,20.07,31129.6,33172,172803.6,73.03,68.81,653721.6,363488.4,715664,68.77,25.82,45875.2,1805.6,83593.6,78.22,32.11,7372.8,200053,164931.8
3987,74.25,20.05,4915.2,39343,176871.6,71.63,68.83,37683.2,357647.2,699757.8,70,25.75,96665.6,13041.6,102987.4,77.22,32.21,8192,197425.6,161247
3988,74.05,20.07,0,30515.6,177228.2,76.67,68.89,11468.8,357335.6,720617.8,68.83,25.73,67174.4,1994.4,86161,77.35,32.13,17203.2,203565,156318.4
3989,74.25,20.09,14745.6,86673.2,182959.4,75.82,68.88,45875.2,365263.8,700169,68.62,25.72,77004.8,7507.4,89759.6,77.2,32.15,36864,206724.6,167751
3990,74.47,20.11,0,2770,172304,72.65,68.82,31948.8,370718.4,724788.4,68.75,25.72,132710.4,7669.6,99861.4,77.43,32.1,13107.2,197392.6,161178.6
3991,74.15,20.12,77004.8,73718.4,176789,72.28,68.89,181862.4,359764.4,692315.2,68.35,25.79,98304,1698,83745,77.52,32.19,35225.6,213587.8,165289.4
3992,74.68,20.12,50790.4,37624.6,173255.2,72.87,68.94,629145.6,358936.2,715719,68.87,25.76,42598.4,7185.8,92675.6,77.12,32.21,0,203997.2,165738
3993,74.15,20.15,22937.6,45568.4,177675.6,72,68.96,45875.2,363836.2,918563.8,68.67,25.66,98304,7450.6,94824.2,77.55,32.23,58982.4,209631.4,161551
3994,74.08,20.13,8192,46899.2,174875.6,76.85,68.96,40140.8,366564.2,719910.4,68.72,25.66,40960,8413.8,91712.8,77.17,32.11,819.2,210981,161168.4
3995,78.87,20.08,9830.4,92077,178933.4,76.23,68.91,15564.8,362514.4,697807,68.35,25.67,32768,2646.4,86225.2,76.85,32.12,10649.6,220039.6,168645.2
3996,74.18,20.11,14745.6,66158.4,181511.4,71.98,68.94,63897.6,365607.2,722568.4,68.85,25.7,186777.6,7678.2,100611.4,77.12,32.13,37683.2,209917.8,161937.8
3997,74.93,20.13,95027.2,101119.8,174306.4,71.9,68.98,57344,358242,699826.4,68.8,25.7,104857.6,3149.2,86235.4,78.05,32.16,15564.8,216697.2,171654.6
3998,74.97,20.11,6553.6,37803.4,173438.8,72.22,68.97,836403.2,355772,714068.6,69.75,25.76,54067.2,8395.2,95381.8,77.5,32.18,42598.4,213820,171125
3999,73.55,20.12,29491.2,2262.8,175815.6,72.43,68.98,41779.2,363130.6,699644,68.83,25.66,11468.8,7915.2,95495,77.5,32.12,9011.2,203629.4,161496.8
4000,74.23,20.15,117964.8,85889.2,174899.4,78.05,68.96,25395.2,367289.2,719366.8,68.97,25.65,65536,8833.8,99621,77.5,32.26,12288,199354.2,160313.4
4001,74.55,20.13,0,70834,176712.6,76.17,68.97,36044.8,361021,695733.4,68.43,25.63,83558.4,3333.2,89079.8,77.52,32.13,0,224612.4,167784.8
4002,74.3,20.19,37683.2,57895.2,174676.8,71.95,68.98,17203.2,360048.8,717347.4,69.17,25.22,93388.8,7723,94068.4,76.92,32.14,21299.2,217080.2,171542.2
4003,74.38,20.2,4915.2,2178.4,175238.4,71.63,69.02,15564.8,351117.2,695180,68.85,25.33,63897.6,7605.4,94056.6,77.48,32.15,4096,214220,163785.2
4004,78.92,20.14,0,63874.2,174627.4,71.98,69.03,679936,364963.4,714544.6,68.45,25.15,98304,7802,91215.6,77.77,32.13,27033.6,207710.8,159766.4
4005,74.93,20.14,14745.6,114913.6,179723.4,74.38,69.09,302284.8,372947.8,901998.4,69.12,25.28,45875.2,8924.2,102625,77.82,32.17,52428.8,213201.4,171719.8
4006,73.68,20.12,0,3006.2,174953.8,76.78,69.14,37683.2,364481,720863.8,68.57,25.16,45875.2,2508.2,85616.8,77.47,32.36,6553.6,203515.4,164883.4
4007,75.12,20.16,83558.4,71727.2,178354.2,75.93,68.85,14745.6,359419.2,700711.2,70.67,25.29,40960,13457,107026.4,77.62,32.21,37683.2,197505.6,163334.4
4008,73.95,20.18,55705.6,73118,176408.8,71.87,68.86,8192,358440.8,722431.4,68.15,25.26,126156.8,2213.6,84744.6,77.55,32.13,25395.2,215701.6,165930
4009,73.52,20.19,22937.6,2425.8,179809,71.9,68.96,50790.4,362672,697879.8,68.93,25.29,209715.2,7107.2,89708.4,77.13,32.14,48332.8,214269.6,162740.4
4010,74.23,20.19,83558.4,44865.8,172490.4,73.8,68.83,661094.4,365814.4,716918.8,68.93,25.27,108134.4,8445.6,99280.8,77.85,32.11,24576,216840.8,169376.8
4011,74.97,20.17,52428.8,65710.6,173801,71.8,69.04,237568,361139.8,698744.2,68.67,25.3,24576,3550.6,89630.2,77.03,32.13,36044.8,218539.6,167512.6
4012,77.83,20.16,44236.8,94243.4,179519.4,77.25,68.88,80281.6,362012,718033.2,68.73,25.28,121241.6,8701,90813.4,77.27,32.31,819.2,208497.2,162321.2
4013,74.58,20.19,63897.6,73690.2,174192.2,76.23,69.01,11468.8,357590.4,698964.8,69.07,25.27,44236.8,7939.8,102108,77.75,32.2,18841.6,202983.2,163589.2
4014,74.62,20.34,65536,90661.2,178429.2,71.95,68.96,22937.6,361652.8,690863.8,68.25,25.29,52428.8,1770.6,84211,77.37,32.18,3276.8,201520.8,163101.6
4015,74.53,20.22,91750.4,98535.6,173913.2,72.05,68.95,630784,362630.6,722908,69.08,25.28,91750.4,13032,103103.4,77.85,32.19,15564.8,216959,164268.2
4016,73.75,20.25,121241.6,2697.6,176697.4,72.47,68.93,190873.6,366836.2,900437.6,68.92,25.32,168755.2,2220.8,86368.2,77.08,32.15,8192,220008.2,164977.6
4017,78.8,20.15,78643.2,108235.4,174736.4,77.37,68.81,126156.8,355703.2,717626.4,69.48,25.34,96665.6,14772,110793.4,77.38,32.1,0,206359.2,160499
4018,73.35,20.17,29491.2,42446,177786,75.38,68.83,379289.6,363658,698896.2,68.97,25.3,111411.2,1910.6,84284.6,77.32,32.16,4915.2,206284.2,162494.8
4019,74.35,20.22,63897.6,75968.2,175803,73.85,68.66,8192,367170,716004.8,69.05,25.26,103219.2,6988.8,95057.6,77.47,32.26,45875.2,197391.4,162173
4020,73.62,20.21,86835.2,2232.2,174477.6,72.28,68.6,8192,355975,689371.2,68.77,25.29,113049.6,7596,95293,77.35,32.16,26214.4,186206.6,161833.6
4021,78.82,20.83,8192,31849.2,180007.8,74.97,69.44,44236.8,374677.8,943717.8,68.75,7.93,0,2167.2,88643,77.68,32.49,38502.4,209831.6,164480.8
4022,75.57,20.79,86835.2,32253.2,175099,76.88,69.5,4915.2,358640.6,716747.4,67.92,7.93,0,2070,81497.6,77.43,32.34,18022.4,212101,167587
4023,83.37,20.85,27852.8,33800.4,179205.8,76.27,69.57,15564.8,354096.8,702715.4,68.05,7.93,0,4510.4,91217.8,77.27,32.35,3276.8,213962.6,170040.4
4024,77.03,20.8,47513.6,34569,176523.2,72.63,69.6,23756.8,368154.4,740589.6,68.42,7.93,0,3089.4,86666.6,78.32,32.32,16384,213337.6,168952.2
4025,76.1,20.86,16384,32415.4,178648.2,74.97,69.62,48332.8,365342.6,788200.4,67.98,7.94,6553.6,2409.2,88107.6,77.63,32.44,16384,205339.8,173071.4
4026,75.42,20.78,18022.4,33350.4,172946,76.33,70.07,2360115.2,387901.2,936309.8,69.48,8.11,509542.4,6163.2,379136.2,77.63,32.44,16384,205339.8,173071.4
4027,76.15,21.01,6553.6,31371.2,178812.6,73.95,69.9,268697.6,652772,1005670.6,70.72,8.5,26299596.8,3355.8,93089.4,78.48,32.5,36044.8,205104.2,161838.2
4028,77.63,20.77,119603.2,33606.6,176646.6,77.68,69.85,229376,357079.2,717294,72.77,9.56,43571609.6,3310.4,88859,77.55,32.36,21299.2,211282.4,165630.2
4029,78.27,20.89,0,31762.4,178682.6,76.23,69.97,20480,373248,726554.4,83.37,11.46,25406668.8,28121.8,102140.6,77.27,32.36,3276.8,197611.8,159693.4
4030,76.37,20.78,57344,32188.8,176699,74.05,69.67,10649.6,371563,701205.2,90.38,13.16,16839475.2,776673.4,122592.2,77.7,32.44,3276.8,189764,167301.8
4031,75.8,20.85,37683.2,31266.6,179341.6,74.4,69.6,672563.2,372274.8,725614,96.77,13.1,1186201.6,186988.8,104833.4,77.88,32.39,6553.6,205978.2,172120.4
4032,77.3,20.89,13107.2,32525.8,174269.6,73.15,69.65,17203.2,365848.6,899082.2,85.18,13.34,7533363.2,14714.8,93923,77.6,32.31,58163.2,216443.6,169051.4
4033,76.2,20.87,6553.6,33218.8,180171,77.75,69.64,249856,371880.4,724324.2,69.02,13.08,3584819.2,3195,89195.8,77.32,32.53,31948.8,218519.4,171528
4034,77.67,20.83,3276.8,33217.6,177489.2,76.43,69.66,10649.6,375242.2,706006.2,77.18,13.13,6730547.2,30375.2,93137.2,77.97,32.43,11468.8,209097.4,164605.2
4035,82.08,21.07,18022.4,33287.4,181720,73.77,69.68,28672,382083.4,733292.2,83.17,13.06,396492.8,9592.4,97970,77.42,32.39,27033.6,212816,169313.8
4036,75.97,20.94,29491.2,30970.2,178850.2,72.73,69.71,57344,361442.6,697693.6,81.08,13.1,375193.6,153187.6,103598.8,77.88,32.34,4915.2,213821.8,162208.4
4037,78.1,20.96,27852.8,32312.8,172641.8,72.27,69.72,657817.6,356730.4,716092,78.52,14.77,381747.2,176836.4,95780.8,77.63,32.4,18022.4,202727.2,164480.6
4038,76.38,20.94,9830.4,35592.4,179264.4,75.07,69.72,45875.2,370580.4,704374,86.27,15.54,375193.6,12905,90318.4,78.3,32.38,15564.8,188360.8,162829.8
4039,75.8,20.96,3276.8,32291.2,178749.4,78.78,69.74,10649.6,374602.2,740423.4,85.55,15.91,670105.6,25034.4,97851,77.45,32.33,27033.6,202379.2,164797.8
4040,77.8,20.99,9830.4,31102.4,180021.4,76.28,69.73,8192,368806,707042.8,78.7,14.4,801177.6,5535.4,84851.8,77.63,32.46,37683.2,205372.6,162790.2
4041,75.15,20.95,0,32975.6,177970.8,73.07,69.75,194150.4,368899.2,730162.6,69.32,13.53,1387724.8,7976,92667.2,77.4,32.38,2457.6,213171.2,161400
4042,78.23,20.98,155648,34233.8,182306.8,72.62,69.76,458752,366304.4,719545.6,72.4,13.12,3702784,86185.8,90811.4,78.1,32.43,33587.2,212891.6,162080.4
4043,76.45,21.02,21299.2,33476.4,176353.2,73.68,69.79,200704,382708.6,744411.6,79.25,13.32,385024,1146247.8,117898.6,77.5,32.37,13926.4,216217.2,164691.8
4044,76.18,20.95,27852.8,32628.6,181062.2,72.9,69.76,88473.6,374502.4,898386.6,74.45,13.64,873267.2,23138.8,89916,77.55,32.48,0,222894.2,164939.6
4045,77.02,20.95,4915.2,33753.4,178310,77.3,69.76,15564.8,364590.8,719519.4,69.4,13.09,342425.6,4619.4,87358.6,77.47,32.39,22118.4,214116.4,164373
4046,76.97,20.97,27852.8,31267.6,179751.6,75.87,69.79,38502.4,371355.8,713661,82.78,14.85,4143513.6,21650,96562.8,77.6,32.5,4096,198516.6,165339.6
4047,76.08,21,22937.6,32588.4,176494.4,74.35,69.72,111411.2,389181.2,743991.8,84.27,16.64,4431872,45407.8,123389,78.17,32.44,42598.4,189240.6,157034
4048,78.07,20.99,42598.4,30907,180017.6,73.7,69.76,682393.6,646348,874128.4,90.03,14.59,1102643.2,20234.8,120285,77.55,32.4,30310.4,193094.2,161868
4049,75.15,21,114688,31684.8,173990,74.13,69.81,175308.8,471438.2,806868.4,86.47,15.29,539033.6,359475,423547,78,32.45,9830.4,197381.4,165747.6
4050,80.33,20.96,0,30677.6,181364.6,73.82,69.75,65536,432548.8,762649.4,82.9,15.48,78643.2,55864.6,135277,77.9,32.41,19660.8,196810.2,164819.6
4051,78.23,20.87,36044.8,32933.8,173543,78.13,69.22,30310.4,361518.4,719076.2,77.75,15.44,447283.2,4415.2,134141.8,77.32,32.37,22937.6,186350.8,164539.2
4052,75.42,20.97,4915.2,32987.2,178522,76.07,69.24,118784,367895.2,699924.4,70.2,15.16,956825.6,14486,102069.6,77.27,32.53,0,181546.6,165739
4053,77.5,20.9,0,34029,175395.8,74.47,69.38,25395.2,376418.8,777698.6,69.13,14.92,252313.6,3241.6,88139.2,77.58,32.43,44236.8,185253.8,166706.8
4054,76.43,21.02,65536,76855.8,178641.2,72.97,69.43,184320,355280.4,776089.6,68.62,14.92,2239692.8,2797,88102,78.15,32.33,31129.6,147987.6,166132.8
4055,75.58,20.98,109772.8,75674.4,172830.8,74.28,69.44,605388.8,416992.2,934411.6,69.32,14.89,804454.4,7533.2,89769,77.85,32.35,36044.8,146229,169307.4
4056,79.13,21.02,0,66278.8,178959.2,73.23,69.33,53248,367121,897839.6,70.9,15.17,1723596.8,4434.4,88066.4,77.32,32.36,30310.4,139972.4,167902.4
4057,75.88,20.97,14745.6,66413.8,176902.4,77.82,69.45,28672,364392,720235.6,69.87,15.22,1282867.2,3794.8,81808.8,77.32,32.36,25395.2,135113.6,163128.8
4058,79.32,21.08,24576,61819,178318,75.77,69.46,10649.6,385465.4,699411,68.23,15.22,4482662.4,4471.6,90688,78.08,32.42,0,136878.4,165392.8
4059,75.27,21.05,11468.8,63345.4,175376.6,71.6,69.48,46694.4,378892,717482.2,73.42,16.01,3989504,24232.8,96974.4,77.18,32.52,42598.4,135040,166190.2
4060,82.02,21.09,24576,65154.4,179781.6,72.78,69.33,149094.4,385977.6,700281.6,75.27,15.73,6396313.6,2726,86942.4,77.73,32.37,3281.39,129158.82,163309.83
4061,77.28,20.99,96665.6,68631.4,174912.8,72.93,69.19,637337.6,436167,760898.6,93.43,15.88,3293184,435783.4,1056898,77.02,32.42,25395.2,141809.2,166129.2
4062,78.37,20.95,26214.4,73849,181028.6,75.52,69.25,31129.6,1796419.4,1552223.8,92.33,15.28,771686.4,175152.4,1716557.8,77.93,32.42,23756.8,157657.4,168278.2
4063,77.3,21.25,24576,74987.6,177355.2,80.37,69.35,40140.8,1523023.6,1327398.4,84.85,15.93,178585.6,375363.8,728143.8,77.07,32.45,27033.6,207480.8,162504.6
4064,76.53,20.95,11468.8,76023.2,178130.4,79.3,69.34,32768,1251782.8,1300107.2,90.08,16.26,80281.6,191686.4,347767.4,77.98,32.52,18841.6,249056,165181.2
4065,77.97,21.07,32768,75806.2,180025.4,73.03,69.3,30310.4,393107.4,714842.2,90.13,15.62,422707.2,4164.8,105245.8,76.93,32.4,3276.8,277407,163639.8
4066,76.23,21,86835.2,31447.6,177352.6,74.82,69.27,629964.8,593269.6,839631.2,94.47,17.02,401408,877190.2,158340.8,78.1,32.17,36864,290903.4,164377.2
4067,76.63,21.12,109772.8,31653.2,174132.2,77.37,69.25,54067.2,4583594.8,2259754.6,92.93,16.86,4784128,379776,2599885.4,77.32,32.24,7372.8,326048.6,166151.4
4068,77.57,21.12,175308.8,31498,178279.4,79.43,69.03,231833.6,812805.8,1025773.6,84.25,16.25,345702.4,265708,2344444.4,78.8,32.45,14745.6,309985.2,173345
4069,76.62,21.3,13107.2,31990.8,178541,77.52,69.04,22937.6,362869.4,697750.4,75.38,16.07,527564.8,139882.2,84837.2,78.47,32.41,41779.2,222367.4,172197.2
4070,77.78,21.09,8192,32712.6,175811.8,75.58,69.34,7531724.8,359910.2,726460,75.18,16.04,196608,231608.4,93395.6,78.2,32.48,39321.6,216176.6,171492.8
4071,76.07,21.12,99942.4,32903.6,181344.8,80.1,70.08,130208563.2,353981,684000.8,73.1,16.08,129433.6,3025.8,88543.4,78.23,32.54,819.2,210414.8,170091.8
4072,78.57,21.21,93388.8,34452,169875,83.77,69.41,76972851.2,370293,728456.2,74.5,16.17,268697.6,137088.8,88716,79.7,32.47,99024.18,263382.22,176561.84
4073,75.72,21.15,113049.6,32655.4,178011.6,77.13,69.48,63970508.8,368076.4,968361.2,74.68,16.19,2223308.8,123151.2,87146.8,77.44,32.48,67241.64,289791.99,171314.51
4074,76.53,21.27,85196.8,33760.6,176849,77.93,69.16,76185.6,361417,719688.2,75.25,16.3,381747.2,262836.4,94026.6,77.68,32.46,10649.6,292325.8,174657.2
4075,82.17,21.1,101580.8,30411.4,177228.6,76.88,69.4,89292.8,353835,694570.4,74.6,16.32,62259.2,191940.6,85931,78.37,32.53,60620.8,203308.8,173792.8
4076,75.38,20.91,81920,31722.6,176548,72.62,69.23,32768,362001.4,722305.2,73.48,16.33,116326.4,1821,86437.8,78.52,32.57,31129.6,134068.6,160820.8
4077,75.93,21.05,111411.2,30932.2,178528.8,71.75,69.25,643891.2,357443.4,679654.8,75.22,16.37,101580.8,338192.4,87811.8,78.05,32.61,33587.2,211222.6,166359
4078,75.35,20.97,101580.8,31650.6,174626.4,71.97,69.19,45875.2,362952.8,721931,74.2,16.42,157286.4,172440.6,89903.2,77.53,32.56,165478.4,215646,172573.4
4079,77.85,21.08,73728,30815.2,177964,71.32,69.37,13926.4,362398,883843.4,73.9,16.43,45875.2,68375.4,83536.6,79.38,32.87,94208,211239.2,211203.2
4080,76.38,21.12,91750.4,32719,176959.6,76.5,69.3,25395.2,355046,709078.2,74.65,16.5,111411.2,198165.2,92504.4,82.5,33.03,36864,237919.8,1059854.4
4081,76.6,21.11,78643.2,32990.8,178083.2,74.15,69.32,138444.8,352247.2,679638.8,74.87,16.58,19660.8,295330,85126.8,83.4,33.46,1956249.6,236555.2,1134868.4
4082,77.62,20.91,78643.2,34138,176120.2,73.17,68.93,4096,368611.8,716068.6,78.35,16.61,201523.2,218501.6,89915.6,82.45,33.4,63078.4,240167.4,1673671.6
4083,75.87,21.1,62259.2,33976.6,178949.4,70.95,68.99,643072,354989.6,700878.8,74.82,15.28,4915.2,1676.4,83969,81.8,33.45,131891.2,244484.8,1737762.2
4084,75.78,21.05,18022.4,33849,174311.4,71.83,68.86,169574.4,359181.8,708280.4,76.15,15.53,150732.8,252582.6,90468.2,83.48,33.43,166297.6,269927.8,1676659.2
4085,78.37,21.07,18022.4,30763.8,179480.2,71.38,69.07,194150.4,350887.6,691023.2,77.22,15.35,253952,98671.4,88983.2,79.18,33.36,217088,246309.4,1654809.2
4086,75.6,21.02,22937.6,30129,176230.4,77.07,68.8,6553.6,358549.6,709316.2,74.18,15.47,11468.8,49831.6,83690.8,79.12,33.29,25395.2,250334.6,1893377.8
4087,78.55,21.13,116326.4,31033.2,180494.2,75.05,68.96,102400,362620,689541,75.37,15.39,0,163315.4,89357.4,80.2,33.28,22937.6,250651.8,1916809
4088,76.07,21,14745.6,31451.2,176186.2,71.18,69.06,12288,361753.8,726075.4,73.6,15.36,18022.4,3403.8,86248,77.95,32.98,149094.4,223089.2,789018.8
4089,77.58,21.15,124518.4,31871,178797,72.48,68.91,661913.6,355970.2,682681.6,74.18,15.4,8192,81868,87914.4,77.67,32.98,42598.4,204822.6,163040
4090,76.08,21.14,67174.4,31125.8,174945.6,71.42,68.95,61440,353679.6,708643,77.03,15.36,122880,34070.2,85026.6,78.47,33.11,57344,206419.4,162970
4091,77.42,21.18,98304,34958.8,185037.8,71.25,68.98,1774387.2,363845.4,885315,74.43,15.38,78643.2,90549.6,86529.2,77.78,32.95,38502.4,206962.6,163675.2
4092,76.92,21.16,6553.6,32738.6,171879.6,76.6,69.15,26214.4,369058,715261,74.02,15.39,34406.4,72139.6,84215.8,78.13,32.97,104038.4,202034.2,165335
4093,77.13,21.2,109772.8,33414,180016.4,74.18,69.16,163840,358669.6,688937.2,74.03,15.42,14745.6,67563,90092.4,77.73,32.97,71270.4,207245.2,165555
4094,78.78,21.27,22937.6,32035.2,175821.4,71.08,69.12,28672,361136.8,709971.6,73.78,15.44,11468.8,39970,86267.2,78.82,32.94,84377.6,209450,165427.8
4095,80.38,21.13,4915.2,34330,178634.6,73.08,69.17,246579.2,346865.4,680770.6,78.13,15.58,45875.2,152744.2,90994.2,77.67,32.96,24576,207218.2,166216.2
4096,77.15,21.13,37683.2,30292.8,173320,71.42,69.21,552960,358938.4,707536.8,74.48,15.47,126156.8,97208.2,87150.2,78,32.97,9830.4,206466.4,165425
4097,77.93,21.25,22937.6,33903.8,178841,71.08,69.23,22118.4,362967.6,688423,73.32,15.46,4915.2,78767.4,93550.2,78.13,32.98,17203.2,210425.6,171106.2
4098,75.08,21.14,11468.8,29843.2,175413.2,76.4,69.13,58982.4,360558,709465.4,74.72,15.62,26214.4,58902.2,82566.2,78.7,33.02,3276.8,203527.4,162358.2
4099,76,21.23,122880,37265.4,181135.6,74.75,69.15,233472,358388.6,706630.6,76.43,15.48,124518.4,51353,87460.2,78.02,33.04,8192,199351.2,158736.4
4100,77.42,21.2,4915.2,31668.4,176627.4,71.87,69.07,123699.2,355287.6,711716.8,75.08,15.43,86835.2,53373.2,89521.2,77.93,32.99,33587.2,205213.2,163082.4
4101,75.47,21.23,0,32736,179190.8,71.02,69.13,21299.2,355159.2,683162.4,74.35,15.43,18022.4,105844.6,87727.8,77.9,33.17,35225.6,206159.8,163105.2
4102,77.32,21.18,18022.4,34316.8,175704.2,72.88,69.11,17223.87,361799.16,881072.29,73.17,15.41,31129.6,5932.4,85184.2,78.19,33.1,0,202030.79,162658.14
4103,76.13,21.21,39321.6,32640.6,179563.2,76.55,69.1,51609.6,356704.4,701378.4,74.65,15.43,0,90076.8,87475.8,77.91,32.95,13112.44,195915.57,163554.02
4104,75.5,21.16,0,32075.4,176544.2,75.43,68.62,309657.6,354730.2,697682.4,73.35,15.48,14745.6,92402.8,83931.4,77.48,32.98,12288,193102,162846.6
4105,76.68,21.09,16384,34562.4,181093.4,71.28,68.68,81100.8,361372,712118.4,73.9,15.49,96665.6,3200.6,88315.6,77.77,32.98,0,193945.8,164654.2
4106,77.65,21.24,104857.6,30582.6,180624.8,70.98,68.86,65536,361030.8,688159.4,77.28,15.45,0,91841.6,87622,78.55,33,37683.2,194294.8,168034.2
4107,76.72,21.2,31129.6,30640.2,178573.2,72.03,68.62,642252.8,363906.2,715791.4,74.87,15.48,109772.8,115507.8,88274.8,77.67,32.97,41779.2,193779,169356
4108,75.3,21.05,65536,31765.2,181495,71.07,68.66,28672,362218.2,694167.6,74.22,15.48,18022.4,42654.2,89147.4,77.98,33.09,31948.8,205670.8,165359
4109,77.48,21.17,103219.2,30998.6,178813.6,77.23,68.61,30310.4,358405.6,715489.2,74.37,15.5,122880,82179.4,86125.4,78.07,32.93,25395.2,203241.6,164539.4
4110,75.23,21.11,34406.4,32393,185749.2,75.65,68.65,143360,361839.2,696255.4,76.73,15.45,4915.2,107847.4,85154.4,77.55,32.95,819.2,211205.2,160948.4
4111,76.42,21.2,21299.2,33394.4,176980.2,71.27,68.69,21299.2,369511.6,717735.2,74.18,15.47,14745.6,48027.4,87619,78.55,32.93,2457.6,205378.6,159416.2
4112,75.58,21.19,111411.2,32879.2,181165.4,71.72,68.66,16384,360053.8,689411.4,73.75,15.48,101580.8,1702.2,84075.8,77.82,32.95,7372.8,209437.6,164367.6
4113,76.32,21.21,70451.2,32591.2,179075.2,71.52,68.72,757760,365091,727794.6,73.8,15.49,90112,77875.2,87879,77.93,32.95,22118.4,203739,163092
4114,78.23,21.12,81920,36486.6,183862,71.63,68.66,33587.2,360170.8,891267.2,73.85,15.56,106496,142409.4,87277.8,77.78,33.13,4096,205580.4,162209.2
4115,81.48,21.39,16384,30623.8,180413,76.37,68.7,6553.6,362699,714330.2,77.4,15.51,88473.6,147716.2,87822,78.68,33.05,43417.6,202428,164049.8
4116,78.43,21.1,117964.8,35203.4,184303,74.03,68.69,61440,362171.2,688072.4,73.63,15.51,80281.6,1750.6,81728.8,77.6,33,9011.2,198063.8,161500
4117,75.72,21.21,4915.2,30193.2,179216,72.63,68.7,50790.4,367060,724305.2,73.92,15.52,57344,84046.2,89133.4,78.23,32.99,0,201397.4,162113.2
4118,77.95,21.27,4915.2,31663.4,180390.6,71.55,68.74,32768,357476.6,685187.4,73.9,15.57,4915.2,73196.4,85418.4,78.43,33.01,36044.8,200819.6,163550
4119,76.15,21.22,39321.6,31259,178043.8,71.88,68.71,766771.2,356164.4,714373.8,74.25,15.58,77004.8,79036.8,87803.2,77.23,32.91,46694.4,205498,163914.8
4120,76,21.25,0,32780.4,180180.8,71.02,68.67,27033.6,357884,691506.2,77.25,15.59,65536,94926.8,85411.6,77.72,32.91,24576,205835.6,161016.4
4121,76.6,21.28,26214.4,32985.4,178196,76.47,68.83,9011.2,367098.2,710391.2,74.25,15.59,4915.2,126579.8,87750.2,78.05,33.09,33587.2,210107,164746
4122,75.83,21.23,139264,34638.4,181852,74.8,68.82,369459.2,358952,689820.6,73.87,15.6,39321.6,76181.2,82209.6,78.15,32.91,0,215713.8,161178.4
4123,75.52,21.32,6553.6,33034,181371.4,71.43,68.82,647168,363557.8,714311.6,74.1,15.64,162201.6,66041.4,87763.6,78.33,32.91,10649.6,208691,159499.2
4124,77.93,21.42,18022.4,70432,175131.6,71.75,68.78,45056,348811,684290.8,76.78,15.61,73728,83072.6,86196.6,77.93,32.92,25395.2,205828.6,162979.4
4125,76.23,21.36,26214.4,66257.6,175798.8,72.93,68.73,63078.4,417481.4,712387.2,74.03,15.62,50790.4,168837.2,89983.4,78.05,32.94,13926.4,203198.8,165103.2
4126,78.03,21.3,9830.4,63345.8,179124,71.23,68.79,15564.8,368298.8,886651.2,77.22,15.71,162201.6,132831.2,88054.4,78.27,32.94,9011.2,214955.2,166765.6
4127,75.5,21.34,37683.2,61719.2,177661.4,75.9,68.8,16384,360942.8,710134.6,74.1,15.68,135987.2,1999,80834,78.62,33.07,32768,207631.8,166081.8
4128,78.9,21.27,193331.2,66267.2,180184.8,74.75,68.78,584089.6,374368,684445.4,73.88,15.67,83558.4,80212.6,88991,77.92,32.9,4096,201864.6,162922
4129,77.43,21.43,55705.6,65262.6,178033.6,71.3,68.75,27033.6,374463.8,715866,73.83,15.7,49152,65824,85234.2,77.52,32.91,12288,202945,159224.2
4130,83.03,21.32,4915.2,69518.4,177880.2,71,68.8,104038.4,368444.6,676288.6,74.3,15.7,55705.6,87549.2,86058.8,78.53,32.9,44236.8,211480.6,162523
4131,77.02,21.33,31129.6,72431.4,174895.2,72.9,68.71,212172.8,388444.2,718847,74.88,15.74,240844.8,60180.6,90032.2,77.67,32.92,7372.8,205929.6,163462.2
4132,75.77,21.23,18022.4,74643.8,177489.2,71.8,68.8,11468.8,374401.2,688133.8,75.27,15.7,108134.4,73241.2,88380.2,77.75,32.91,47513.6,199693.2,162786.2
4133,76.32,21.16,55705.6,75954,73754.4,75.7,68.83,4915.2,293118.8,542441.2,75.63,15.6,68812.8,88207.2,27617,78.35,33.04,45056,197479.6,135964.8
4134,77.02,21.29,98304,72544.2,39334.8,75.3,68.61,593920,225151,417779,73.55,15.64,73728,83211.8,30818,78.32,33.04,0,148225.4,49840.4
4135,75.68,21.18,0,65197,38369.6,71.15,68.64,12288,237252,441437.2,74.15,15.65,11468.8,108030.6,28375.6,77.58,32.99,5734.4,152385,51425.8
4136,77.17,21.27,14745.6,32114.6,39554.4,71.25,68.69,52428.8,238101,417676,73.68,15.67,3276.8,39989,31211.2,78.27,32.99,9830.4,158721.6,49602.6
4137,75.03,21.2,39321.6,29692.2,37006,71.58,68.51,54886.4,236996.4,440216.2,73.9,15.72,86835.2,89269.2,28268.8,78.37,32.92,40140.8,151041.8,48636.8
4138,76.55,21.32,14745.6,31486.6,41874.2,71.02,68.63,199065.6,243525.4,617441.8,74,15.73,77004.8,103695.4,30792.2,77.8,32.92,7372.8,141110.8,50551.8
4139,82.55,21.16,34406.4,30453.8,37647.2,76.33,68.61,16384,229045.8,440046.4,74.47,15.77,4915.2,99645.2,27541.4,77.52,33.02,40140.8,153458.4,50238.6
4140,76.1,21.26,111411.2,32180.6,40126,75.22,68.66,40140.8,216756.4,417946.6,75.88,15.67,103219.2,1406.4,28736.8,79.02,32.87,4096,149836.4,50618
4141,77.78,21.23,26214.4,32535,38933.4,71.18,68.64,51609.6,217994.4,415723.4,74.1,15.7,50790.4,112752.6,28196,77.1,32.89,1638.4,150403.2,49521.4
4142,75.48,21.29,26214.4,32726.2,40339,71.1,68.67,25395.2,220799.6,440794.6,74.08,15.71,70451.2,103117.4,30620.6,77.52,32.9,5734.4,143607.6,52196.8
4143,77.1,21.17,155648,33164.2,37656.4,71.58,68.73,71270.4,212890.4,439017,73.88,15.73,39321.6,68096,29929.4,78.45,32.91,24576,157881.8,48889.6
4144,76.45,21.29,34406.4,33277.4,40793,75.8,68.77,153190.4,218563.2,439510.4,77.53,15.69,132710.4,75412.8,30917.8,77.65,32.91,14745.6,144680.2,51120.4
4145,76.88,21.36,77035.61,31393.56,39361.14,75.05,68.75,24576,219018.2,416070.8,73.52,15.7,26214.4,109325.2,27020,78.12,33.1,43417.6,149620.4,51016.4
4146,75.55,21.35,6553.6,30129.8,37969,71,68.76,678297.6,222669.8,441446.8,74.55,15.74,0,149639.4,30150,77.75,32.97,11468.8,144711,50065.2
4147,75.27,21.38,13107.2,32109.6,39993.8,71.4,68.79,77824,217321.6,433192,73.02,15.77,77004.8,15459.4,28954.6,78.63,32.9,9830.4,152157.8,48931.4
4148,75.27,21.33,0,29864.2,36282.6,72.02,68.71,89292.8,215566.6,450439.4,77.55,15.84,19660.8,195126,32931,78.02,32.91,2457.6,147567.8,51093
4149,78.23,21.4,34406.4,33077.2,41767.8,71.02,68.83,33587.2,222460.6,618147.4,73.9,15.74,29491.2,63784,27822.6,77.43,32.91,36864,154503.6,53339.6
4150,75.23,21.33,0,32016,36874.4,76.47,68.85,14745.6,220752.8,440223.6,74.13,15.74,85196.8,95503.6,31876.6,78.75,32.9,37683.2,146977.6,50534
4151,78.4,21.39,157286.4,34032.6,41764,74.5,68.87,5734.4,220965.6,418906,73.52,15.74,60620.8,1474.2,25627.4,77.88,33.1,43417.6,146142,49629
4152,75.62,21.36,8192,31937.4,38575.8,71.82,68.85,607027.2,221325.8,443626,73.9,15.75,11468.8,128082.2,32064.6,78.12,32.96,0,156773.6,51329.8
4153,78.02,21.4,103219.2,32660.8,39445.4,71.43,68.93,23756.8,208873.2,415828.6,76.52,15.71,1638.4,2343.6,26942,77.4,32.95,4915.2,149061,47748.8
4154,75.97,21.35,73728,30222,36328.4,71.07,68.82,19660.8,218822.8,439107.2,74.92,15.87,113049.6,157951.4,30086.6,78.22,32.92,9830.4,150824,51374.2
4155,78,21.45,39321.6,31663.6,41240.8,70.92,68.9,154828.8,220309.4,420661,73.85,15.78,134348.8,63987.8,31432.2,77.8,32.97,10649.6,154188.8,48027.6
4156,75.17,21.4,96665.6,30033,37068.6,76.35,68.74,58982.4,223300.8,440995.8,73.78,15.79,9830.4,109213,31388.4,78.02,32.94,23756.8,141596.6,51236.6
4157,77.65,21.47,83558.4,31064.2,39582.2,75.73,68.67,98304,215583.8,416880.8,74.48,15.99,73728,177275.4,28934.4,77.92,32.94,39321.6,151910.2,48960.8
4158,75.98,21.43,0,35566,39360.6,71,68.67,9830.4,217960.4,462768.4,74.05,15.88,14745.6,1431.6,28752,78.4,33.02,9830.4,145048.2,50353.2
4159,76.4,21.34,106496,31670.2,39483.2,71.15,68.75,709427.2,214579.6,415399,77.47,16.03,86835.2,39806.4,27225.6,77.58,32.93,0,156412.4,49356.8
4160,76.6,21.45,91750.4,32453.2,36601.6,72.77,68.68,1937408,225087.2,441301.8,73.6,15.86,14745.6,2084.6,29056,78,32.94,4915.2,151281.4,51866
4161,75.4,21.34,67174.4,34290.2,40289.8,72.17,68.69,253132.8,225763.6,630691.2,73.25,15.82,31129.6,1417.2,25987.2,78.5,32.91,4096,146854,48457.8
4162,75.67,21.44,65536,32144.2,38308.4,76.53,68.74,16384,220299.2,440156.4,73.35,15.8,96491.91,5329.61,29516.67,77.95,32.95,13926.4,152228.8,50470.2
4163,79.42,21.42,124518.4,32580.2,38339.6,73.88,68.77,40140.8,211431,417268.8,74.27,15.81,4915.2,1210.6,27185,77.97,32.92,65536,146229.6,49302.4
4164,80.77,21.33,95027.2,30916.2,39502.2,71.15,68.79,65536,221279.6,444172.8,73.62,15.81,78643.2,1539,26148.4,77.93,33.08,9011.2,149913.8,49789.6
4165,77.88,21.27,75366.4,30535,38665.8,71.3,68.63,1065779.2,217033.6,413432.8,73.5,15.81,96665.6,1691.4,28281.8,78.7,32.96,5734.4,151268.2,48887.6
4166,75.73,21.34,0,30371.6,36554.2,71.82,68.52,111411.2,221464.4,438442.4,74.03,15.9,26214.4,5978.2,27230.8,77.93,32.95,13107.2,150695,52436
4167,77.93,21.24,135987.2,30598,39861.4,71.5,68.39,62259.2,216910.2,418424,73.55,15.9,18022.4,1552.4,29304,77.93,32.96,0,155221,48951
4168,76.18,21.34,0,30607.4,37570.4,76.15,68.51,33587.2,214261.6,440078.4,73.32,15.88,6553.6,1591,25734.8,78.48,32.97,2457.6,165744.8,50602.6
4169,77.37,21.36,88473.6,31952.6,40262.4,74.58,68.45,45875.2,216280.2,418446.2,73.2,15.89,4915.2,1265,28322.4,77.68,32.93,67993.6,152492.2,50346.6
4170,75.95,21.39,19660.8,32479.8,38332,71.12,68.56,7372.8,224867.8,444359,76.62,15.81,83558.4,1195.6,26339,77.8,32.95,40140.8,143821.8,49734.8
4171,75.63,21.41,67174.4,33722.4,40198.6,71.58,68.69,584908.8,218911.4,416045.6,73.58,15.78,96665.6,1549,28118.6,77.53,33.07,0,149416.4,48104.4
4172,79.53,21.5,19660.8,31819.2,36937.6,71.8,68.62,187596.8,219558,439499.4,73.13,15.8,88473.6,1315.6,26135,79,32.95,18022.4,160380,51033.6
4173,78.37,21.36,44236.8,32569.8,38926.6,71,68.66,10649.6,217345,615786.4,73.42,15.79,83558.4,1671.4,28672.8,77.77,32.96,9011.2,149431.6,49698.2
4174,76.08,21.42,0,30409.8,38163.6,76.88,68.68,13107.2,216951.4,437603.6,73.13,15.79,44236.8,1170.6,25492.8,78.57,33,57344,142061.8,49464.6
4175,77.28,21.36,85196.8,30360.4,39022,73.85,68.67,41779.2,217646.2,415421.2,73.02,15.83,18022.4,1444.4,28482,77.73,32.94,13107.2,151309.8,49619
4176,76.08,21.39,72089.6,31022.2,37305.2,71.02,68.67,27852.8,224019.4,444264,73.45,15.84,6553.6,1721,26062.8,77.83,33.15,4915.2,146978.6,46806.8
4177,75.5,21.39,93388.8,31017.2,39937.2,70.93,68.7,593100.8,216353.8,416101.8,73.72,15.86,134348.8,1456.2,27636.2,77.45,32.98,9830.4,140428.2,50492.8
4178,78.52,21.65,40960,30507.4,37239.6,71.09,68.67,29503,215536.21,418884.75,73.57,15.84,131072,7164,27928.2,77.88,32.96,9011.2,160967.6,48756.8
4179,75.33,21.4,58982.4,31463,38715.8,75.65,68.66,17203.2,223006.8,438911,73.68,15.83,98304,1703.4,29105,78.03,32.96,0,148702,50280.4
4180,78.12,21.48,22937.6,32685.4,38576.8,76.03,68.66,9830.4,216779,414426.8,72.98,15.84,4915.2,1322,25044.2,77.98,32.98,22118.4,143603.6,50251.2
4181,75.53,21.4,4915.2,33649,39067.6,71.02,68.69,439091.2,222205.6,444093.4,73.67,15.89,14745.6,1751.2,29016.6,78.33,32.97,45056,143878,49149.4
4182,81.35,21.43,31129.6,32586.2,39506.2,70.93,68.7,62259.2,210337.4,415372.6,74.67,16.04,9830.4,1188.6,25861,77.6,33.09,9011.2,152071.6,48243
4183,78.08,21.64,137625.6,30194.4,36876.2,72.52,68.38,649625.6,219423.4,449610.2,75.05,16.25,37683.2,9938.8,30932.2,77.95,32.98,0,137963.4,50870.6
4184,77.35,21.41,180224,29583,39322.2,70.93,68.42,81920,225657.2,615772,72.75,15.72,96665.6,58981.2,33852.8,77.95,32.98,25395.2,159869,49439.6
4185,75.32,21.32,42598.4,31800.8,39597.8,76.3,68.47,25395.2,217117.4,436766,89.4,16.07,289996.8,42958.8,30130.8,78.22,33,20480,146686.8,49535.4
4186,77.28,21.44,31129.6,30112.8,39780.8,73.85,68.41,18841.6,218810,418230.4,86.02,16.13,145817.6,592168.2,32990.6,78,32.99,8192,145952.8,47730.4
4187,76.67,21.31,39321.6,31268.4,36954.2,72.92,68.26,49152,215864.2,442048.4,75.25,15.61,3272.87,242793.65,30595.09,77.58,32.99,72908.8,152533.8,50461.4
4188,75.45,21.4,0,30858.2,42248,70.68,68.24,42598.4,214435.6,416421.8,77.57,15.58,18044.05,311669.4,29883.06,77.8,32.94,9830.4,156637,48916.8
4189,78.07,21.27,16384,31926.4,34297.2,71.72,68.23,621772.8,223406.4,439491.4,74.65,15.46,52428.8,1673.2,28393.4,77.87,33.13,0,146731.2,49152.6
4190,75.63,21.41,8192,32621,39647.4,71.47,68.3,242483.2,219796.6,418921,74.73,15.57,116326.4,179977.2,27450.6,77.45,32.98,8192,153547.6,50790
4191,75.92,21.32,162201.6,32058.2,37346.2,75.72,68.29,15564.8,220367.4,440065.8,74.08,15.46,250675.2,121897.4,31137.6,77.9,33.01,3276.8,145544.6,50493.8
4192,75.48,21.45,4915.2,31700.6,39014.2,74.83,68.34,4096,210060.2,415128.4,75.53,15.54,278528,299280.4,29115.2,78.55,32.99,15564.8,151970.4,48424.2
4193,77.65,21.36,4915.2,33598.6,36940.8,70.98,68.37,2075852.8,218820.6,440539.8,77.75,15.48,26214.4,207452.4,30560.8,77.77,32.98,14745.6,147855.4,50030.4
4194,78.08,21.51,47513.6,65943.2,40563.2,71.62,68.49,14745.6,217259.6,416795.2,74.42,15.5,11468.8,195405.6,29157.2,77.52,33.07,34406.4,139413,47692
4195,75.27,21.45,32768,62668.4,36247.6,71.72,68.53,37683.2,226336.8,441795.4,73.47,15.5,3276.8,1448.8,28267.6,77.95,33.2,7372.8,154687,50265.6
4196,78,21.57,8192,61144.8,40455.6,71.1,68.8,128614.4,225891,617178.8,73.45,15.54,80281.6,1346.2,25950,78.58,33,4096,150825.4,49225.8
4197,75.83,21.4,134348.8,64539.4,37924.4,76.28,68.71,74547.2,213976.6,439919,75.55,15.65,75366.4,303688.8,35319.8,77.5,32.99,8192,144092.4,49697.6
4198,78.25,21.6,40960,64746.8,40065.4,74.72,68.79,84377.6,230667,417028.8,73.57,15.64,99942.4,100963.2,25607.4,78.12,33.03,0,145671.8,47675.8
4199,76.92,21.51,6553.6,70528.8,36933.6,71.08,68.78,585728,240726.4,439674.4,77.52,15.54,34406.4,199334.4,31074.6,77.85,33.02,4096,146007.6,50169.8
4200,77.53,21.62,29491.2,72240.6,40523,70.83,68.81,9011.2,233602.2,416486,74.22,15.63,65536,147458.8,29845.6,79.05,33.05,52428.8,141865.8,47912.6
4201,80.28,21.46,11468.8,75191,36135,71.67,68.73,38502.4,238828.2,438844,74.08,15.66,16384,136341.4,28488,77.83,33.17,40960,156109.4,51905.8
4202,77.97,21.53,42598.4,76907.8,38902.6,70.85,68.83,55705.6,226218.2,419698.4,75.55,15.72,3274.18,324326.54,31679.86,77.85,33.12,24576,142724.4,49087.4
4203,75.97,21.51,131072,69528.6,37954,76.88,68.91,61440,233898,456789.6,73.63,15.72,154132.91,6058.45,27136.71,78.32,32.99,3276.8,152943.8,49924.4
4204,75.63,21.6,11468.8,65550.8,39440,74.47,68.92,209715.2,237300.6,416586.4,78.12,15.65,45875.2,283014.2,32091.6,77.77,32.98,0,144762.8,47561.8
4205,75.57,21.49,47513.6,61154.2,36529.4,71.67,68.76,631603.2,238191,439453.4,74.97,15.69,113049.6,170609.2,28473,77.47,33,35225.6,144711.8,51174.2
4206,75.52,21.59,39321.6,30036.6,40115.4,71.42,68.7,9011.2,234811.6,416207.4,75.55,15.91,13107.2,100479.8,29207.2,77.78,33.05,40140.8,155021.2,48596.8
4207,77.97,21.56,21299.2,30948.4,35898.8,71.18,68.74,33587.2,228065,437715.4,73.52,15.78,8192,71290,29873.6,78.55,33.03,12288,147841,49922.2
4208,78.07,21.65,0,31683,41172.8,70.92,68.75,37683.2,241972.4,637030.4,74.08,15.75,75366.4,127645.2,30049.8,77.58,33.16,41779.2,147372.6,49644.8
4209,75.4,21.55,117964.8,31546,36059.4,76.32,68.84,40140.8,240121.2,438622,76.92,15.68,16384,120607.4,26728,77.78,33,22118.4,150037,48578.6
4210,76.38,21.58,18022.4,33504.6,41287.2,73.95,68.81,208896,218925.4,417638.4,73.58,15.7,0,48366,28652.2,78.1,33.02,13926.4,143255.6,46776.6
4211,77.53,21.56,29491.2,32346.4,36840.4,71.9,68.73,625868.8,221388.6,442129.6,72.98,15.72,0,1530.2,26645,78.02,33.02,40960,153816,48244
4212,75.57,21.66,57344,31871.4,39606.4,71.78,68.85,16384,208899.6,415851.4,75.2,15.76,117964.8,173469.8,31526.4,77.82,33,16384,143880,49210.8
4213,77.95,21.69,16384,33356,36820.2,71.17,68.86,41779.2,217449.6,437791.8,76.6,15.71,62259.2,1544.2,25775.6,78.78,33.13,8192,142867,50662
4214,76.37,21.61,22937.6,30048.4,39317.2,70.83,68.86,22937.6,221020,417648.8,73.73,15.75,0,201492,31952.4,77.65,33.01,15564.8,155802.4,51206.8
4215,74.97,21.57,108134.4,31890,36110.8,76.22,68.93,19660.8,221360.2,439200.4,74.63,15.94,32768,109133.2,26896,77.82,33.01,2457.6,143561.2,47577.8
4216,75.47,21.49,32768,30875.8,40931.8,75.23,68.88,9011.2,214588.2,442556,73.77,15.82,88473.6,16948,28985.2,77.53,33.05,58163.2,138682.6,50381.2
4217,77.57,21.57,121241.6,30930.4,36740.6,70.95,68.88,671744,214633.8,434608.8,76.82,15.77,27852.8,73548.4,31203,78.7,33.01,38502.4,163790,48606.6
4218,75.4,21.52,58982.4,35341.6,39116.4,71.23,68.87,126156.8,226110.4,450886,73.68,15.79,99942.4,118525.8,29308.2,77.75,33.01,18841.6,155996.2,48915.6
4219,83.83,21.56,0,32166.2,38046,72.72,68.92,219545.6,224495,616273.4,73.85,15.81,3276.8,111000.4,26668.8,77.52,33.03,7372.8,160474.4,49936.2
4220,75.93,21.43,6553.6,32137.2,38302.6,76.45,68.76,6553.6,219663.6,438417,74.08,15.86,44236.8,105364.2,30528.4,77.87,33.17,0,70138.8,48101.8
4221,75.37,21.52,0,33601,37522.8,75.2,68.83,9830.4,209984.2,429862,74.18,15.91,90112,115404.6,29528.2,78.43,33,30310.4,156819.6,47610.8
4222,78.52,21.58,9830.4,33498.6,37571.2,71.87,68.73,111411.2,219055.2,441289.4,73.35,15.86,95027.2,97470.2,29506,77.93,32.98,819.2,149194.8,50687.4
4223,75.18,21.44,93388.8,29877.8,38848.2,70.73,68.8,618496,219690,417305.2,77.57,15.83,6553.6,151065.6,28270.8,77.92,32.99,36864,147229.2,47857.4
4224,76.1,21.59,108134.4,32319.8,37330.4,71.2,68.81,128614.4,221843,439459.2,73.48,15.83,8192,3508.8,29578.2,77.95,33.06,36864,146486.6,50202.2
4225,75.3,21.55,117964.8,29604.6,38684.6,71.08,68.84,73728,218646.2,418606.8,74.08,15.83,16384,107837.2,27768.2,78.52,33.02,2457.6,143231.2,49616
4226,76.78,21.61,78643.2,31537,37050.2,76.87,68.86,24576,213000.4,439970.2,73.9,15.87,4915.2,92151.6,30163,78.08,33.11,7372.8,145665,49848
4227,78.22,21.47,106496,30173.2,39617.6,75.78,68.72,6553.6,214423.6,415955.4,74.1,15.89,40960,110122.2,28928,77.48,33.02,4096,152027.6,48269
4228,77.1,21.64,81920,32512,37820.2,71.15,68.76,7372.8,226790.8,442061.2,73.35,15.9,181862.4,1340.8,28158.6,77.88,33.04,22118.4,147942.4,50964.2
4229,75.27,21.61,75366.4,32285.8,37365.4,70.82,68.76,620953.6,215313.8,413636.2,77.2,15.85,16384,161883.6,28245.4,78.17,33,15564.8,142432.4,47083
4230,75.93,21.67,83558.4,32959.8,38370,71.18,68.8,190054.4,221273,440853.2,74.23,15.86,80281.6,114201.8,30071.8,77.63,33.02,69632,140670.4,50092
4231,75.85,21.58,78643.2,31425.2,39018.2,70.93,68.79,49152,216346.2,614597.6,73.27,15.87,68812.8,1507.8,26487.2,77.65,33.02,11468.8,150651.4,48883.2
4232,77.78,21.62,67174.4,33438.4,37510.4,77.03,68.74,35225.6,219018.8,440683.8,74.37,15.9,101580.8,157475.4,29898.8,78.05,33.23,10649.6,143988,49120.6
4233,79.13,21.61,103219.2,30474.4,39426,75.2,68.64,117964.8,220862.8,414985,77.13,15.88,111411.2,117270.2,27644.8,78.35,33.11,9011.2,141915.2,47708.2
4234,75.95,21.64,9830.4,31898.2,37040,70.95,68.64,12288,222799,440982.6,73.52,15.89,62259.2,97440.4,29208,77.67,33.02,7372.8,151302.6,50266.4
4235,75.43,21.61,95027.2,29681.2,38983.6,70.83,68.65,581632,214574.6,414588.4,73.58,15.91,88473.6,2361,27504.4,78.07,33.01,4096,148061.2,49081.2
4236,76.3,21.67,124518.4,31560,37437.8,71.2,68.66,48332.8,213782.4,438908.2,74.87,15.96,99942.4,232934.2,33889.2,77.62,33.03,18022.4,141740.8,49265
4237,77.18,21.64,6553.6,29793,38262.8,71.4,68.61,45875.2,213926.6,416794.6,73.63,15.97,80281.6,1527.4,26216.2,78.43,33.01,41779.2,145647.4,48227.4
4238,76.9,21.7,88473.6,32481.6,37395.6,76.37,68.67,47513.6,224080.4,438959.6,74.02,15.96,4915.2,79889.4,30160.6,78,33,0,148623,48499.8
4239,75.72,21.66,111411.2,32258.8,39635,75.48,68.65,159744,217259.4,416458.8,73.96,15.94,127923.12,153529.53,29280.08,77.58,33.14,27033.6,144512,47887
4240,76.22,21.68,58982.4,32804.6,37299.2,71.63,68.65,289996.8,221178.4,441335,73.58,15.99,18022.4,89562,28435,77.55,33.03,18022.4,154628.2,48222
4241,76.67,21.71,45875.2,31451.6,38337.8,70.92,68.69,640614.4,208784,413912,74.07,15.99,34406.4,102002,29610.2,78.97,33.01,15564.8,152659.4,48535.8
4242,81.52,21.54,18022.4,32932.2,36574.4,72.02,68.73,65536,217382.4,438898.2,76.7,15.96,90112,130785.6,27632.8,78.08,33.03,3276.8,150460.4,50055
4243,77.43,21.58,6553.6,29927.6,38494.6,70.87,68.73,67993.6,226469.2,613876,73.6,15.97,55705.6,1346,29059.4,78.12,33.01,26214.4,142783,47797.4
4244,75.47,21.53,0,31382.8,36111.4,76.35,68.7,14745.6,220817.4,438203.2,73.72,16,14745.6,66366,26955.2,78.18,33.05,8192,148411.6,49678
4245,77.13,21.62,45875.2,30740,40567.2,74.53,68.74,148275.2,216709.8,416000.8,73.77,16.01,75366.4,64051.8,29635.2,78.43,33.12,9830.4,149943,49564.8
4246,77.77,21.56,99942.4,32771.8,38194.8,71.03,68.73,22937.6,215216.8,442897,76.12,16.06,95027.2,100650.4,27697,77.72,33,52428.8,146253,49551.4
4247,75.57,21.63,116326.4,30254,40691.4,73.47,68.91,9797632,220376.8,419632.8,75.8,16.18,42598.4,98825.4,31204.6,77.48,33.03,45875.2,141799.8,47128.6
4248,78.32,21.56,50790.4,31936.6,37410.8,71.23,68.86,366182.4,225458.6,441765,74.28,16.18,21299.2,88916.8,27608.4,79,33.02,7372.8,153401.2,49563.2
4249,75.92,21.61,18022.4,32436.8,39375,70.8,68.85,36044.8,217876.2,417333.4,73.38,16.01,129278.47,1510.79,28990.01,78.07,33.01,3570073.6,155778.2,47940.4
4250,77.13,21.55,142540.8,32815.8,36328.2,76.23,68.82,216268.8,220317.4,438961.6,73.28,16.04,49211.05,36448.94,27246.3,78.5,33.16,7372.8,156310.4,47950.4
4251,75.9,21.65,44236.8,33048.6,40701.2,75.8,68.6,77004.8,209153.4,414526.8,77.22,16.01,131072,96836.6,29029.2,78.1,33.08,819.2,155476.8,48197.4
4252,77.55,21.59,78643.2,35538.8,40028.4,71.1,68.5,79462.4,219017,442628.8,73.85,15.98,22937.6,56450.2,30782.6,77.88,33.04,40960,149771,48280.2
4253,75.9,21.69,95027.2,30345.4,40312.8,70.87,68.6,653721.6,219415.6,414307.6,74.12,15.97,137625.6,103187.4,29579.2,77.93,33.07,3276.8,146616.4,47940.4
4254,76.28,21.56,62259.2,30857.2,35165.4,71.25,68.62,20480,224862.2,451516,73.57,15.99,62259.2,70948,26911.8,77.92,33.03,0,152480.4,47980.8
4255,76.17,21.7,21299.2,30362.4,41199.2,76.68,68.72,22118.4,211165.2,436207,74.2,16.05,60620.8,70316.2,30540.8,78.17,33.01,45875.2,151816.4,49648.2
4256,75.7,21.57,8192,30604.8,35040.6,74.55,68.78,430080,216651.2,419794,76.65,16.01,16384,58138.4,26634.6,77.38,33.01,4096,152853.6,47203
4257,76.37,21.75,191692.8,31256.2,41005.4,72.6,68.74,10649.6,224361.2,441263.6,74.12,16.03,77004.8,83315.8,29664.8,78.02,33.13,44236.8,150446.6,49865
4258,78.23,21.7,0,32190.8,37523.2,70.88,68.77,132710.4,216662.2,414325.8,74.12,16.02,62259.2,101315.8,30078,78.25,33.02,22937.6,148734.2,48836.2
4259,75.68,21.76,4915.2,32236.2,39507.6,71.18,68.78,26214.4,219837,438830.2,74.1,16.09,78643.2,96869,30628,77.67,33.03,3276.8,149918.6,50517.6
4260,78.07,21.75,39321.6,31882.2,40500.6,70.87,68.82,95846.4,211791.4,420743.8,74,16.04,62259.2,84107.6,28053.6,78.13,33.03,8192,150264.8,47452
4261,76.98,21.71,21299.2,32714.8,36401.8,76.32,68.92,44236.8,215849.4,436489.4,73.33,16.08,77004.8,1580.6,30027.2,77.97,33.03,0,150179,51015.8
4262,75.53,21.74,129433.6,31855.4,39586.2,75.85,68.94,35225.6,222191.6,435920.2,76.98,15.98,39321.6,92171.8,28526.8,77.67,33.01,9011.2,158991.8,48391.4
4263,75.82,21.78,32768,31097.4,37576.4,70.95,68.88,711065.6,220821,439679.2,73.87,15.99,147456,96571,30369.6,78.37,33.18,14745.6,151740.4,48427
4264,82.45,21.84,29491.2,61047.6,39488.6,71.45,68.89,27033.6,216474.6,415482.2,74.33,15.99,88473.6,165309.6,29396.8,78.2,33.05,62259.2,147401.8,48689.8
4265,75.98,21.66,40960,62017.2,36440.4,71.22,68.84,45875.2,265546,443245.8,73.28,16.17,6553.6,1409.8,28342.2,77.7,33.04,5734.4,147837.4,49329.2
4266,77.32,21.79,50790.4,64271.6,41376.8,71.35,68.76,39321.6,221237.4,615907,73.22,16.08,0,51264,26591.6,78.73,33.07,19660.8,148352.2,47004.2
4267,76.98,21.7,14745.6,66306.8,36432.4,75.75,68.77,229376,224204.8,452190.6,74.6,16.15,36044.8,2460,28573,77.57,33.06,14745.6,156587.4,50876.8
4268,76,21.76,86835.2,71529.4,39935,75.05,68.74,13926.4,234899,416259.4,76.2,16.1,22937.6,1371.8,24831.6,77.48,33.03,27852.8,149566.6,47701
4269,76.28,21.75,75366.4,72218.6,37047.6,71.52,68.8,595558.4,242166.4,441785.2,73.02,16.09,4915.2,1446.8,28353.8,77.6,33.16,10649.6,142842.4,49237.4
4270,77.92,21.68,86835.2,75663.6,39724.8,70.93,68.78,116326.4,223291.2,416009.2,73.27,16.07,152371.2,1190.4,25746.8,78.17,33.15,42598.4,139812.8,48023.6
4271,76.33,21.77,9830.4,77517.6,36074.2,71.07,68.82,19660.8,234664.4,440082.8,74.47,16.24,196608,1658.2,27950.6,77.65,33.03,58982.4,152092.6,48463.8
4272,77.9,21.67,36044.8,65414.4,40722.2,71.63,68.89,31129.6,239077,421166.4,73.63,16.09,8192,1364.2,25489,78.17,33.03,9830.4,152871.4,47028.4
4273,75.67,21.73,3276.8,66825.2,37492.2,76.7,68.95,147456,239629.6,438949.2,73.3,16.08,6553.6,1957.4,29326.2,77.68,33.05,9830.4,144415.6,50301.8
4274,75.58,21.69,95027.2,60423.4,38724.4,75.52,68.89,42598.4,236723.2,418825.8,73.22,16.21,9830.4,1321.6,25354.4,78.82,33.02,13107.2,149243.2,48009.4
4275,83.38,21.72,39321.6,62475.4,39210.4,70.95,68.89,1554022.4,229217,440583.4,73.33,16.09,0,1728,28209.2,77.72,32.96,819.2,155041.6,50189.2
4276,77.85,21.6,37683.2,30068.8,38431.4,70.77,68.94,2673868.8,228695,415225.8,73.03,16.11,103219.2,1356.6,26084.8,77.42,33.15,23756.8,149996.6,49200.2
4277,75.65,21.58,127795.2,36830.4,37591.8,71.3,68.98,22118.4,243891.4,442116.4,73,16.1,34406.4,2556.8,25643.8,77.97,33.06,31948.8,138154.2,49100
4278,75.63,21.43,0,32861.8,40722.6,72.78,69.03,22118.4,245398.2,637143,73.32,16.11,104857.6,2394.8,29105,78.53,33.03,26214.4,152898.6,47209.8
4279,77.45,21.6,58982.4,33706.4,37248,76.48,68.94,17203.2,237972.8,437304.8,73.13,16.07,60620.8,1188.4,24691.6,77.77,33.04,45056,150618,50091.8
4280,76.75,21.49,37683.2,32170.8,39637.4,74.55,68.76,285900.8,209972.2,417273.6,72.97,16.1,4915.2,5314.8,28315.8,77.55,33.03,9830.4,143367.2,47025.2
4281,76.22,21.63,24576,33806.8,38617.4,71.17,68.77,753664,219697.2,456275.6,76.6,16.05,24576,7379.4,29790.6,77.83,33.05,9011.2,150964.4,49128.2
4282,74.95,21.51,0,29934.4,39217,70.73,68.88,11468.8,219838.8,415938.4,73.67,16.05,90112,1770.2,28531.4,78.4,33.15,4096,158020.6,50271.4
4283,75.68,21.6,0,29612.4,35604.4,71.78,68.74,128614.4,219938,438926.2,73.55,16.04,58982.4,1471,25408.2,77.88,33.06,8192,145117.2,49534.4
4284,75.95,21.55,111411.2,30299.8,39834.8,72.45,68.67,11468.8,219364,419528.2,73.12,16.04,31129.6,1530.6,28127,78.23,33.02,819.2,145904.2,46646
4285,77.6,21.63,70451.2,31010.6,38624.2,75.65,68.73,11468.8,213062.2,438097,73.08,16.03,19660.8,1328.2,25462.6,77.75,33.02,31129.6,152510,49155.6
4286,75.22,21.58,14745.6,30873.4,38223.8,75.08,68.7,22118.4,213323.8,415985,74.68,16.34,126156.8,1483,28563,78.1,33.04,13107.2,143638.2,48950.8
4287,76.27,21.65,29491.2,30751.2,38973.4,70.93,68.66,660275.2,225621,440747.2,73.23,16.1,63897.6,1267.8,26687.6,77.8,33.07,34406.4,157198.6,49557.8
4288,77.53,21.61,0,32844.6,38865,70.9,68.67,128614.4,218521.6,416110,73.67,16.11,4915.2,1419.2,28243.8,77.67,33.13,1638.4,143275.2,49934
4289,78.07,21.72,22937.6,32613.2,36413.6,71.15,68.69,67174.4,220792.6,449450.6,73.17,16.12,8192,1311.6,25689.4,78.02,33.07,49152,163910.6,47741
4290,76.75,21.63,106496,31731.6,38781.8,72.4,68.67,5734.4,216771.4,617280,73.18,16.57,37683.2,9585.2,31185.6,77.78,33.05,12288,150856.2,49955
4291,78.23,21.65,24576,31748.8,38372,76.28,68.7,4915.2,218199.8,437395.4,71.95,16.07,234291.2,352647.8,32964.8,78.35,33.02,0,147764.6,49086.6
4292,76.13,21.66,27852.8,33943.4,39659.4,73.8,68.72,39321.6,217257.2,414018.8,88.92,16.45,394854.4,84979.2,32843.6,77.93,33.02,28672,142702.8,48878.6
4293,90.5,22.6,72089.6,31634,38818.4,72.43,68.72,606208,213948.2,414672.2,81.2,16.17,104857.6,165337,29213.8,78.02,33.04,1638.4,151728,46575.2
4294,89.83,22.45,75366.4,32723,39666.2,71.12,68.74,226099.2,213758.8,439387,75.72,15.61,0,293711.6,33413.6,77.73,33.19,18841.6,150439,50102.2
4295,77.83,22.35,2041446.4,29602.8,35222.8,71.37,68.69,18022.4,215486.8,419040.8,75.08,15.63,16384,87647,26702,78.38,33.06,26214.4,148105.2,47827.8
4296,76.22,21.72,18022.4,31265.6,38708.4,76.98,68.71,108953.6,223379.4,439872.6,75.03,15.6,37683.2,235286.4,32051.6,78,33.06,8192,140917.4,50009.2
4297,77.68,21.64,144179.2,30878.8,38059.4,74.58,68.72,104038.4,217280.2,414240.6,73.73,15.62,47513.6,148961.6,26540.4,77.63,33.06,4915.2,153296.6,48697.2
4298,74.99,21.65,91897.44,32601.56,36911.46,71.8,68.73,326860.8,222856.8,444761.4,74.63,15.81,367001.6,171372.8,30305.4,77.57,33.1,14745.6,148613.2,50378.4
4299,83.4,21.7,3509452.8,32102.8,41162,70.72,68.78,665190.4,209874.2,414738.8,73.48,15.68,178585.6,2857.6,26770.2,78.12,33.07,22118.4,142068,46769.4
4300,77.38,21.61,27852.8,31236.2,35586.8,71.38,68.79,40960,218033.8,437747.8,78.25,15.54,57344,294817.8,30043.8,78.07,33.21,17203.2,139943,50699.2
4301,76.63,21.74,6553.6,33917.6,40323.4,70.87,68.81,40140.8,226503,617327.2,73.98,15.57,18022.4,141922.2,27307.8,77.95,33.1,4096,153371.8,47415.6
4302,75.63,21.64,22937.6,29515.6,36465.8,76.93,68.74,44236.8,220726.6,438709.8,74.2,15.67,3276.8,147724.2,30818.8,77.62,33.04,10649.6,149975,48646.2
4303,84.62,21.98,96665.6,39020.2,42684,74.5,68.77,13107.2,216288.8,414817.4,74.03,15.65,70451.2,129277.4,26609,77.53,33.05,49971.2,149278.8,49359
4304,82.17,22.43,339148.8,30669,37556.8,71.62,68.56,156467.2,214376.2,442260.2,74.77,15.69,114688,184720,32251,77.1,33.08,30310.4,143645.8,49476.8
4305,84.15,22.26,12618956.8,31284.8,39496.6,70.97,68.59,623411.2,213218.4,415183.4,74,15.73,57344,141678.2,27309.8,78.6,33.05,14745.6,139724.2,48074.8
4306,77.13,22.01,31129.6,30227.8,36774.2,71.13,68.59,72089.6,224467.6,439157.6,73.98,15.73,6553.6,222791.4,31295.6,77.75,33.05,9011.2,155920,51545.2
4307,75.45,22.09,24576,31943.8,39082.4,70.88,68.61,65536,215593.2,416788.6,77.73,15.64,0,160508,29704.2,77.45,33.21,3276.8,151257.2,46778.2
4308,74.95,22.09,22937.6,32127.2,35887.8,76.88,68.54,14745.6,219454.8,439590.4,73.67,15.64,14745.6,1361,27929.8,77.75,33.06,0,147276.4,49203.2
4309,77.68,22.12,16384,32578.4,40291.4,74.65,68.59,72908.8,209598.6,414391,73.82,15.65,0,234060,27935.8,78.58,33.05,3276.8,140300.2,48764
4310,81.43,22.03,1199308.8,31216.2,36610.4,71.63,68.57,47513.6,218995.8,442235.4,78.77,15.72,129433.6,199989.6,32463.8,77.62,33.08,36044.8,158593.2,50133.6
4311,78.2,22.07,3183411.2,33632.4,40714.8,70.82,68.61,634060.8,221224,415779.8,73.88,15.73,29491.2,83044.6,30983.6,77.55,33.14,10649.6,149472.8,48102.2
4312,75.4,22.02,37683.2,29735.4,36743,71.33,68.61,148275.2,223401.4,440098.4,73.83,15.72,24576,110589.6,29239.2,78.47,33.1,32768,147518.2,49787.8
4313,77.9,22.01,14745.6,32351.2,39907.4,70.95,68.63,1701478.4,222594.6,616427,74.3,15.75,42598.4,158816.6,28942,77.92,33.18,13926.4,147975,48029.4
4314,75.62,22.07,0,29901.2,36440.6,76.68,68.63,27852.8,213206,438647.8,77.33,15.76,81920,55083.4,30859.4,77.7,33.08,5734.4,154078,49855.4
4315,78.95,22.07,52428.8,32715.8,42425.4,74.52,68.66,18022.4,213837.4,415441.2,73.88,15.75,0,84616.6,30629,77.75,33.07,7372.8,153622.4,48575
4316,74.98,22.02,108134.4,30266.4,36506.8,71.1,68.67,190873.6,224350,440659.8,73.32,15.77,0,1489.8,26191,78.58,33.06,26214.4,146363.8,50120.8
4317,75,22.09,54067.2,32109.2,39847.6,70.65,68.72,604569.6,216511.4,415779.8,73.92,15.84,40960,204754.8,31171.6,78.12,33.03,4096,138351.8,45831.4
4318,76.43,22.05,0,32391.4,37339.4,71.33,68.81,26214.4,220919.6,440950,77.95,15.78,65536,184227.4,28278.8,78.2,33.11,25395.2,158938,50559.8
4319,75.63,22.04,14745.6,32472.6,39665,72.02,68.8,17203.2,210040.8,418952.2,74.12,15.82,18022.4,100170.4,30354.8,77.35,33.24,9011.2,165282,48942.4
4320,74.78,22.04,116326.4,31798.4,37552.2,76.42,68.95,88473.6,218718.8,440694.4,73.93,15.87,3276.8,215684.8,27155.6,78.63,33.23,18841.6,155080.6,49820.8
4321,75.88,21.99,90112,33109,39402,74.37,68.96,10649.6,219594.2,414776,74.25,15.9,39321.6,143392.6,30527.4,77.58,33.15,0,150155.6,48319
4322,75.25,22.04,16384,31887.4,37209.2,71.83,68.86,81920,223786.6,459618.4,77.55,15.81,96665.6,127114.6,29887.2,77.72,33.08,19660.8,148055.8,49329.8
4323,74.88,21.97,29491.2,31668.6,38304.2,70.7,68.88,603750.4,214991.8,413542.6,73.9,15.84,18022.4,42831.6,29399.6,78.22,33.09,8192,153857,45975.8
4324,75.4,22.05,9830.4,30132.8,38529.6,71.1,68.87,88473.6,215294.8,448400.6,73.5,15.88,63897.6,103980.6,27820,78.17,33.07,29491.2,145400.6,51781.2
4325,77.62,21.98,0,30918.6,38399,71.78,68.83,16384,224547.4,620823,74.26,15.91,18015.19,81110.56,30835.87,77.98,32.99,18022.4,141222.8,47573.6
4326,77.47,22.08,0,30350,37387.2,76.12,68.78,156467.2,221524.4,438026.4,76.96,15.83,60645.06,136365.55,27146.26,77.8,33.13,32768,151291.4,49470.6
4327,76.18,22.05,109772.8,33711,40502.6,74.43,68.7,54886.4,219714.8,433356.2,74.68,16.07,129433.6,126541,31740.4,78.37,33.07,40140.8,143743.8,49303.4
4328,75.4,22.08,88473.6,33023.6,38145.4,72.6,68.71,29491.2,220952.4,441775.2,73.88,16.06,154009.6,75433.8,26643.6,77.77,33.09,6553.6,134759.2,47537.2
4329,77.53,22.01,0,32367.2,38733,70.67,68.72,11468.8,209411.4,414348.2,74.52,15.95,4915.2,144538.6,30966.4,77.33,33.1,2457.6,142254.2,50859.8
4330,78.88,22.12,39321.6,32086.6,37711.4,71.75,68.71,657817.6,218328.8,438545.4,77.22,15.88,90112,87493.8,27790.8,77.5,33.16,22118.4,143185.8,47921.8
4331,75.73,22.05,6553.6,34012.4,39710.8,75.58,68.72,254771.2,221913.2,439695.4,74.07,15.89,19660.8,77258.4,30497.2,78.62,33.26,5734.4,145200.2,49446.4
4332,75.62,22.09,9830.4,31649,37849.8,74.93,68.72,149913.6,221027.8,417064.2,73.27,16.06,95027.2,1533.2,26062.4,78.07,33.09,2457.6,147143,50191.4
4333,80.88,21.96,96665.6,32201,39469.2,70.98,68.72,60620.8,216588.2,442721.8,74.37,15.99,57344,136252.2,34058.8,77.72,33.08,31129.6,148943.8,49707.2
4334,77.95,22.04,40960,30906.8,38033.6,70.97,68.77,89292.8,215208.4,414933,73.9,15.99,26214.4,92833,27481.6,77.83,33.16,15564.8,150369,46320
4335,75.38,22,45875.2,63015.4,38449.4,71.85,68.74,598835.2,261848,440744,77,15.95,91750.4,93712.4,30050.6,78.37,33.06,26214.4,144835.6,50430.8
4336,78.78,22.02,129433.6,64786.4,37819,72.2,68.89,45875.2,224466.8,614451.8,73.6,15.95,0,46366.4,27243.6,77.94,33.07,9826.47,148470.61,49580.97
4337,76.2,22.09,113049.6,77079.2,38477.2,76.62,68.99,159744,220565,458890,74.15,15.97,78643.2,102996.2,30727.4,78.11,33.23,8195.28,142963.59,49780.71
4338,78.18,22.05,93388.8,73685.6,39222.6,75.28,68.9,31948.8,226417,418602,73.43,16.02,0,36802.4,27471,77.9,33.18,0,163788.8,47268
4339,78.3,22.15,18022.4,76447.2,38872.2,71.05,68.88,431718.4,235715,439278,74,16.04,101580.8,137075,30200.4,77.97,33.07,29491.2,153868,50242.8
4340,75.75,22.17,90112,73040.8,39203,70.77,68.89,92569.6,237704.4,433075,76.58,16.03,67174.4,61122.8,26947.6,77.72,33.09,21299.2,152480.2,47447.8
4341,75.75,22.14,109772.8,65795.6,37140.2,71.67,68.84,20480,236816.4,438224.2,73.93,16.01,68812.8,1171.4,28401.4,77.3,33.11,10649.6,141682.2,49507
4342,77.97,22.2,93388.8,63319.2,39815.4,70.83,68.83,15564.8,236413,419179.8,73.77,15.99,4915.2,1493,25851.4,78.87,33.13,30310.4,156487.2,49623.8
4343,75.2,22.24,75366.4,61197.2,38129.4,76.4,68.93,7372.8,228607.6,438959.2,73.72,15.99,77004.8,1311,28530.6,77.63,33.1,0,152118.4,49506.8
4344,78.4,22.18,75366.4,62521.2,38226.8,74.23,68.98,5734.4,231886.2,417565.6,73.37,15.99,27852.8,1380.4,25073.8,77.82,33.2,7372.8,153721.4,48058
4345,81.72,22.14,103219.2,64531.4,39566.6,72.15,68.63,675020.8,242057.6,440249.6,73.57,15.96,31129.6,1321.4,28029.2,78.75,33.14,3276.8,143573.6,49689.8
4346,74.65,22.11,88473.6,31555.6,38469.8,70.97,68.64,221184,234818,418434,73.87,15.96,86835.2,2350.6,27325,77.5,33.1,44236.8,147494.2,47508.6
4347,75.33,22.14,29491.2,32273,36165.2,71.7,68.68,149913.6,238082.4,436673.8,73.5,15.97,91750.4,1415.2,27847.4,77.8,33.12,16384,145866.8,49445.6
4348,78.02,22.1,4915.2,33117.4,40788.4,70.98,68.7,30310.4,232851.2,618617.2,73,15.97,31129.6,1374.8,26075.6,78.15,33.08,18022.4,145592.6,48850.8
4349,75.37,22.01,18022.4,31485.2,37231.8,76.43,68.74,4915.2,233963.6,435907.6,73.6,15.98,14745.6,1420.4,28373.8,77.05,33.07,40960,147845.4,48982
4350,78.17,22.14,24576,34117.2,40697.4,74.62,68.8,28672,220784.8,418809.6,72.95,16.01,90112,6210.8,27404.2,77.58,33.28,46694.4,157443,48151
4351,75.22,22.06,21299.2,30381,38168.8,71.63,68.78,36864,221642,439347.4,73.82,16.02,73728,1430,28164.4,77.97,33.21,20480,150866.4,50632
4352,75.58,22.12,116326.4,31480.4,39336,70.97,68.83,143360,215741.8,417384,76.5,15.96,77004.8,1340.4,25829.6,78.05,33.17,4096,151059,48551.8
4353,76.98,22.01,83558.4,30043,35842,71.22,68.84,695500.8,212351.6,435122.6,73.48,15.96,39321.6,1616.2,28402.8,77.67,33.17,7372.8,146686.4,49293.8
4354,77.95,22.1,0,14351.8,40232.6,70.85,68.89,66355.2,219274.4,423153.8,73.58,15.98,60620.8,2044.4,28737.6,77.85,33.15,16384,146296.2,48704.4
4355,75.43,21.98,4915.2,47823.4,38367.6,76.33,69.02,16384,222902,440150.2,73.65,16.12,111411.2,1279.8,25222.4,77.95,33.13,9011.2,137806,49090.6
4356,74.82,22.12,4915.2,32270.8,40557.8,75.68,68.98,7372.8,220061,420226.4,73.95,15.98,108134.4,8596,31370.2,78.37,33.3,0,162201.6,48407.6
4357,77.77,22.1,18022.4,32463.2,37716.4,71.7,68.8,357990.4,220615.6,440800.6,73.17,16,54067.2,1328.8,25800.4,78.02,33.26,27852.8,151445.2,50719
4358,76.23,22.19,140902.4,33611.6,39545.2,70.97,68.84,96665.6,210146.6,416213,73.65,16,14745.6,1490.6,28479.2,77.52,33.11,11468.8,149861,45746
4359,75.72,22.12,40960,31322.4,35519.6,71.35,68.86,83558.4,219011.4,448316.8,73.17,16,54067.2,1381.8,25973,77.47,33.12,1638.4,151157.4,49556
4360,82.9,22.08,32768,32942.2,40885.8,71.05,68.88,649625.6,225927.4,616732.4,73.5,16.01,88473.6,1551.2,28642.6,78.55,33.14,21299.2,149850.2,49293.4
4361,75.33,21.99,19660.8,30038,35418,76.22,68.95,7372.8,220737.6,438727.4,73.2,16.01,109772.8,2119.4,26303,77.2,33.08,24576,150593.8,49953
4362,76.13,22.16,4915.2,31453,40818.4,74.47,68.88,67993.6,217948.8,418374.2,72.95,16.01,85196.8,1521.2,28822.4,77.4,33.13,0,150951.6,47697.6
4363,77.37,22.12,0,30442,39009.2,72.48,68.95,31129.6,216337.2,442448.4,76.35,16.04,39321.6,1151.8,25836.6,78.1,33.2,37683.2,149432,50944.2
4364,75.55,22.18,113049.6,30958.6,39120.8,70.85,69,47513.6,213577.4,416625,75.85,16.14,70451.2,1787.2,28693.2,78.27,33.11,18841.6,156487.4,50815.2
4365,77.78,22.16,44236.8,29929.2,35603.6,71.82,68.94,169574.4,220805.6,438940.2,71.33,16.29,168755.2,9732.6,28009.2,77.88,33.11,0,154971.6,48870.4
4366,76.2,22.14,163840,32255.8,41075.2,70.82,68.96,629964.8,219389,417606.4,80.88,16.23,153763.58,552276.16,40966.45,78.68,33.09,26214.4,152195.6,49814.6
4367,75.85,22.13,18022.4,32134.8,36939.2,76.3,69.03,50790.4,221168.8,442607.2,85.63,16.55,362666.67,147888.22,29195.31,77.73,33.09,18841.6,147050.6,48166.8
4368,77.47,22.19,0,34064,40043.6,75.55,69.13,11468.8,211293.6,416665.6,74.48,15.78,58982.4,96743.6,30404.8,78.17,33.29,32768,133836.8,50686.2
4369,77.33,22.16,18022.4,35191.8,41283.4,70.93,68.93,32768,218863,417527.6,77.67,15.71,0,212086.6,29755.4,77.42,33.21,3276.8,157260.8,46897.6
4370,75.82,22.23,54067.2,32839.8,39830.2,71.28,68.94,118784,221808.6,437715.2,75.42,15.55,355532.8,206300.4,30307,78.67,33.12,0,148352.4,50628.2
4371,75.83,22.22,26214.4,29796.4,36233.6,70.88,68.95,598835.2,224173.4,616408.4,74.83,15.61,37683.2,204321.4,29032.2,77.47,33.1,18022.4,156453.6,48907.4
4372,77.13,22.17,122880,30994.6,40977.4,76.28,68.98,167936,213542,438848.4,74.34,15.66,57321.07,139859.86,30279.09,77.4,33.1,18022.4,145815.8,49065.4
4373,75.87,22.16,44236.8,30134.4,36750.4,75.33,68.89,10649.6,214642.4,418663,74.04,15.77,8195.28,1324.73,25412.97,77.25,33.15,21299.2,147382.4,47644.4
4374,75.83,22.19,44236.8,30886.8,40240.2,70.95,68.93,10649.6,225493.8,441466.6,74.67,15.67,172032,273953.6,30857.2,78.4,33.07,45056,140119.2,51415.4
4375,75.22,22.25,24576,32038.2,40605,71.45,68.97,7372.8,216834.2,417075.6,78.57,15.78,111411.2,321877.2,28980.2,77.58,33.22,15564.8,156798,46459.2
4376,75.28,22.19,0,32018.2,35282.6,71.2,68.97,70451.2,219158.2,436772.6,74.33,15.66,18022.4,122251,31026,77.9,33.11,5734.4,147271.2,50577.4
4377,75.33,22.13,50790.4,33605.2,39869,70.78,68.98,667648,211561.4,419930.2,74.38,15.63,65536,150761.6,28334.8,77.63,33.13,7372.8,142871,48465.2
4378,77.5,22.19,93388.8,32303.6,38028.2,76.33,69,183500.8,216079.2,439457.8,74.9,15.71,58982.4,178886.4,30913.6,78.37,33.09,0,151337.6,49801.6
4379,78.57,22.16,11468.8,32465.2,38889.8,74.38,69.03,45875.2,222419.4,419032.4,72.83,15.72,85196.8,1319,25300.2,78.05,33.1,14745.6,153053.6,47712.2
4380,75.38,22.24,67174.4,30130,37499.6,71.63,69.06,4915.2,221258.8,440719.6,75.1,15.77,129433.6,277037.6,34159.6,77.3,33.13,14745.6,147513.6,50704.4
4381,77.43,22.15,135987.2,31140.4,39924.6,70.73,69.01,27033.6,216941.6,434811.4,73.08,15.78,18022.4,3279.4,26920.2,77.42,33.26,35225.6,145474.8,47669.6
4382,75.58,22.25,0,30214.4,37420.4,72.67,69.04,46694.4,211532.4,436515.6,78.05,15.87,154009.6,253310,30965.2,78.42,33.11,2457.6,160158,50071.8
4383,81.4,22.28,142540.8,33004,42087,71.07,69.04,579174.4,222312.2,617271.4,74.43,15.76,85196.8,254339,27777.4,77.93,33.14,33587.2,149499.2,48211.6
4384,77.45,22.23,77004.8,31642.4,38946,75.63,69.07,190054.4,223064.8,439660.8,74.95,15.83,77004.8,229889,31809.4,77.93,33.13,14745.6,142199,49654.2
4385,76.13,22.09,98304,30789.6,38973.2,74.23,69.04,57344,217279.8,416661.4,76.78,15.77,14745.6,5669.4,26167,77.83,33.14,12288,144136,47542.2
4386,76.35,22.24,75366.4,35278,39751.4,71.62,69.11,26214.4,220438,439999.4,75,15.81,78643.2,183628.6,30816.8,78.52,33.15,31129.6,147857.6,49244.8
4387,77.93,22.11,65536,32459.2,40927.6,70.7,69,4915.2,208117.6,430725.6,73.22,15.84,58982.4,2347.8,25476.8,77.88,33.29,36864,159322.8,48824.8
4388,75.72,22.21,58982.4,31866.6,36146.6,71.35,69.01,63078.4,219602.4,442384.2,74.77,15.87,4915.2,215066.4,31959.4,77.42,33.13,17203.2,141647.2,49910.2
4389,77.9,22.09,26214.4,31245.2,38170,71.62,69.09,581632,221805.6,418494.2,74.25,15.89,54067.2,80650.8,27519,77.7,33.18,0,149016,47475
4390,75.68,22.17,29491.2,34552.4,38751.2,75.7,69.09,176128,220748.2,438583.8,76.7,15.81,65536,74648,30032.4,78.33,33.15,3276.8,157926,51298.8
4391,75.15,22.12,4915.2,29521.6,38982,75.57,68.98,5734.4,216963.4,418318.8,73.58,15.98,88473.6,96142.4,30008.2,77.95,33.17,6553.6,147035.2,47841.8
4392,77.43,22.19,14745.6,33376,37812.4,71.17,69,4096,214360.4,441048,73.87,15.88,6553.6,112537,27340.6,77.7,33.12,30310.4,142766.4,48178.4
4393,77.58,22.16,0,29503,39741.2,71.13,68.93,63078.4,213489.2,415636.6,74.1,15.86,0,114262.6,32061.6,77.52,33.14,6553.6,154080.2,49014.2
4394,75.45,22.28,121241.6,31073,36581.6,71.27,68.94,100761.6,224781.6,449830.2,73.52,15.92,14745.6,1624.4,26509.6,77.9,33.32,34406.4,154193.4,49805.4
4395,75.23,22.22,39321.6,30409.6,39832.6,72.6,68.94,18022.4,225707.6,618105.4,77.45,15.9,0,133994.8,32566.4,77.7,33.19,4096,148150.2,48912.6
4396,78.08,22.32,142540.8,32533.6,38552.4,75.97,68.98,876544,219670.8,438816.8,73.8,16.03,0,1334.8,25038.2,78.02,33.13,24576,142901.6,50285.8
4397,75.68,22.32,22937.6,37375.2,40039.4,74.47,69,13926.4,211500.2,437394.4,74.18,15.94,95027.2,109356.8,29480.6,77.57,33.14,10649.6,149208,47562.2
4398,77.18,22.3,4915.2,32332.2,38242.2,72.2,68.99,12288,219259.6,440650,73.58,15.93,22937.6,79113.2,27836.6,78.77,33.18,1638.4,151387.6,49105.2
4399,76.83,22.27,0,31435.4,39464.6,70.68,69.04,4915.2,218703.2,413912.4,74.08,15.97,57344,41681.8,29649.4,77.53,33.12,18841.6,144191.8,48080.2
4400,75.28,22.3,27852.8,34461.6,36617.8,72.53,68.62,48332.8,222616.2,453835,76.97,15.94,91750.4,93050.4,28632.4,77.35,33.25,22118.4,149882,50896
4401,75.32,22.28,6553.6,29325.8,38864.4,70.73,68.65,59801.6,217330.6,419310,73.95,15.94,0,98686.4,31162.8,78.38,33.14,38502.4,149207,51811.4
4402,78.22,22.31,121241.6,33056.8,38161.8,76.45,68.69,813465.6,214858.2,440736.8,73.88,15.95,75366.4,1433.4,24830,77.68,33.14,9011.2,143524.2,50443.2
4403,76.33,22.28,40960,30294.8,39724.6,74.85,68.57,38502.4,216560.6,419602.6,74.57,16,91750.4,158521.8,31986.4,77.53,33.16,819.2,163176.8,50469.4
4404,77.57,22.2,18022.4,31286.6,37403,71.15,68.59,76185.6,222608.2,441280.4,77.18,15.95,6553.6,169604.8,27954.4,78.33,33.13,31129.6,153777.8,49229.6
4405,75.93,22.31,8192,64478.4,40436.4,70.73,68.56,31129.6,218531.8,417194.2,74.08,15.97,93388.8,96122.8,30031.4,77.58,33.27,19660.8,147539.2,50193.2
4406,75.27,22.22,44236.8,69589.2,36585.2,72.45,68.49,66355.2,247924.2,442544.8,73.33,15.99,16384,1589.2,26367.8,77.57,33.17,84377.6,141484.8,48140.2
4407,83.05,22.26,4915.2,71785.2,39952.2,70.87,68.53,40960,218787.4,618035.4,74.45,16.05,3276.8,101334.4,35903.6,77.75,33.18,13926.4,161495.2,51426
4408,77.95,22.17,137625.6,74998.4,37760.8,73.8,68.61,22937.6,237598.2,416611.6,76.93,16,18022.4,74575.6,27180.4,78.73,33.16,3276.8,156105.6,47096.8
4409,76.83,22.34,4915.2,76273,39624.6,71.48,68.56,27033.6,236813,440239,74.15,16,18022.4,75066,29989.8,78.03,33.15,0,151048.2,48299.4
4410,75.52,22.23,22937.6,70667.6,37519.4,70.78,68.62,160563.2,234496.6,416374.4,73.8,16.01,91750.4,69371.4,28039.8,77.78,33.15,18022.4,146278,48057
4411,78.38,22.38,81920,65690.8,40597.4,71.97,68.75,21299.2,228658.4,441142.8,73.72,16.04,29491.2,49594.4,30432.8,77.58,33.14,36044.8,142395.8,50282.6
4412,75.48,22.29,124518.4,63552.4,36637.4,71.53,68.73,131072,232634.4,419939.8,77.02,16.05,4915.2,139411,28361.8,77.92,33.24,0,156656.8,47659
4413,77.15,22.34,16384,61177.4,39694.2,75.65,68.75,600473.6,240615.4,437908.2,73.83,16.01,86835.2,6757.4,32745,77.67,33.2,34406.4,148681.4,51641
4414,75.62,22.37,67174.4,64493.6,39497,75.22,68.8,18841.6,233068,418004.2,73.77,16.03,52428.8,69545.2,27240.6,77.65,33.16,7372.8,145182.6,48460.2
4415,75.43,22.29,86835.2,69256,36103.8,71.73,68.77,346521.6,239723.4,439314.8,73.53,16.05,13107.2,15081.6,28537,77.82,33.23,9830.4,160159,50043.6
4416,77.42,22.46,68812.8,32401,39379,70.83,68.79,47513.6,225112.6,416467,73.42,16.06,101580.8,70730.4,27618,78.3,33.17,9011.2,157296.4,48451.4
4417,75.55,22.39,6553.6,32491.2,36994.8,71.27,68.8,74547.2,235217.6,439108,78.25,16.08,0,143670.4,33286,77.68,33.15,21299.2,155852.6,50788.2
4418,78.12,22.43,21299.2,31660.8,40296.6,71.05,68.84,110592,245016,617728.4,74.38,16.06,14745.6,175764.2,27664.2,78.22,33.27,7372.8,152650,47359.2
4419,75.57,22.42,73728,33091.2,36498,76.97,68.93,587366.4,236317.2,439074.8,74.17,16.1,4915.2,63178.2,30945.2,77.33,33.19,36864,151082.8,50353
4420,76.92,22.44,0,30892.4,41564.6,74.65,68.97,63078.4,216232,418195.8,73.45,16.12,16384,6890.6,28981.4,78.78,33.21,46694.4,146820.2,47967.6
4421,83.13,22.35,208076.8,31959,36597.2,71.58,68.88,16384,215068.8,440924,74.68,16.13,40960,142029.4,30369.2,77.58,33.2,22937.6,156032.6,50149.2
4422,77.57,22.45,4915.2,29942.4,39811.4,70.82,68.91,55705.6,214209.6,416266,76.27,16.1,67174.4,1739.2,27363.2,77.7,33.17,48332.8,150566.2,49280.8
4423,75.58,22.37,18022.4,31381,37987.4,71.18,68.94,49971.2,222211.8,440376.4,74.43,16.12,58982.4,103706.8,30868.4,77.28,33.19,15564.8,144730.4,52209.4
4424,75.77,22.41,18022.4,30240.4,39141,71.32,68.92,24576,218868.4,419097.6,73.63,16.1,155648,93325,27012.8,78.1,33.12,3276.8,157732.4,47820.8
4425,76.38,22.35,6553.6,31929.6,36817,75.72,68.93,765952,221032.4,439519.6,74.25,16.14,14745.6,75814.6,30734.8,77.53,33.27,0,158099,50165.4
4426,76.6,22.33,27852.8,33119.8,40583.6,75.85,68.76,91750.4,211525.2,417919,73.62,16.26,124518.4,81667.4,27406.4,77.57,33.19,42598.4,149554.8,47815.2
4427,75.45,22.3,116326.4,32328.4,36907.2,71.88,68.62,21299.2,219869.6,440934.6,77.4,16.15,129433.6,103248.6,29317.4,77.38,33.17,11468.8,142864.8,50038.4
4428,77.2,22.31,39321.6,31457,38322.6,70.85,68.61,126156.8,220138,415414.2,74.3,16.14,83558.4,106710.4,29172.6,78.73,33.16,8192,148653.4,48471
4429,75.43,22.36,18022.4,33274,36934.4,71.3,68.64,126156.8,221714,448635.6,73.8,16.13,132710.4,48487,29334.4,77.32,33.17,19660.8,150617.6,49744.2
4430,75.93,22.34,78643.2,30193.6,40300.4,70.93,68.64,2573926.4,223304.8,617626,74.07,16.14,77004.8,29570.4,30672.2,77.78,33.17,4096,142274.8,47299.6
4431,77.87,22.34,4915.2,31855,36963.8,76.28,68.61,616038.4,212475.4,438573.8,77.38,16.08,93388.8,113100.8,28576,78.17,33.39,49152,152278.6,51372.4
4432,76.7,22.27,50790.4,29708.8,40748,74.8,68.68,9011.2,215252.6,417191.2,74.23,16.1,27852.8,88501.8,30967.6,77.92,33.2,27033.6,147268,47822.8
4433,77.23,22.38,114688,31432,37718,72.53,68.56,10649.6,226450.4,441406.8,73.23,16.13,114688,133123.4,28206,78.02,33.17,21299.2,146998.4,49213.6
4434,76.18,22.38,52428.8,29887.8,37892.4,70.83,68.69,105676.8,214942.8,416164.4,74.38,16.18,11468.8,55306.2,30261.8,77.62,33.17,3276.8,145623.8,48963.2
4435,78.23,22.41,16384,32502,38022.8,71.85,68.89,35225.6,219565.8,439792.6,73.43,16.16,45875.2,51419,26738.8,77.6,33.26,9011.2,158299.6,50882.4
4436,75.32,22.29,32768,32477.4,38912.8,71.65,68.92,124518.4,211856.2,419863.2,77.42,16.1,119603.2,62712.2,30824.8,78.55,33.18,18841.6,148415.2,48144.6
4437,77.58,22.38,9830.4,32856,38225.8,75.57,68.97,80281.6,219543.8,439277.4,73.57,16.11,99942.4,78792.2,26943.6,77.78,33.36,16384,140394.2,49753
4438,75.52,22.29,11468.8,31765.6,39844.8,75.52,68.88,647987.2,220832.6,417561.4,73.95,16.41,42598.4,13600,29155.4,77.48,33.25,0,153567.2,48713.6
4439,76.02,22.49,88473.6,33085.6,37709.4,71,68.93,8192,222106.2,440778.8,72.7,16.27,8192,1271.6,25376.6,78.65,33.24,71270.4,154134.4,51003.8
4440,76.28,22.42,16384,29996.4,39820.6,70.82,68.93,19660.8,218412.4,418373.6,73.65,16.2,0,2285.6,30440.2,77.72,33.15,19660.8,170689.6,52962.4
4441,77.58,22.48,27852.8,33330.4,37849.2,71.33,68.96,88473.6,213742.8,454952,73.33,16.2,14745.6,2669.2,25378.8,78.07,33.17,44236.8,152364.4,47255.6
4442,75.45,22.29,4915.2,29776.6,39184.4,71.68,69.16,18022.4,225717.8,622671.2,73.57,16.2,0,7208.4,31856.8,78.73,33.22,39321.6,152002.6,49015.4
4443,77.53,22.45,54067.2,31141.6,37343.4,75.8,69.08,72908.8,221606.2,437805.8,73.28,16.23,117964.8,1227.4,25455.2,77.63,33.33,29491.2,155711.6,49570.4
4444,76.32,22.36,50790.4,30379,40770.4,75.47,68.78,770867.2,218144.2,440607.4,73.7,16.22,106496,1477.8,28390.2,78.18,33.24,6553.6,147310,49926.2
4445,75.5,22.49,90112,32032.6,37353.6,70.62,68.88,5734.4,209803.8,415108.8,73.15,16.24,18022.4,1319,25803.8,77.52,33.2,46694.4,151292.2,48782.6
4446,77.4,22.46,9830.4,33370.6,39302,71.37,68.85,100761.6,219546,454900.6,73.48,16.24,14745.6,2570.4,29023,78.78,33.18,0,154951.6,52637.2
4447,76.78,22.54,18022.4,33398.8,38330.2,70.72,68.97,84377.6,219310.6,420345.6,74,16.24,42598.4,1347.8,25158,78.07,33.17,8192,152316,48539.6
4448,83.33,22.39,26214.4,32562.8,39667.2,76.5,69.01,110592,220733,438087.4,76.87,16.18,108134.4,1686.4,29347.6,77.53,33.15,18022.4,151919.8,49870.2
4449,75.3,22.38,21299.2,32715.8,37306.8,75.6,68.99,588185.6,218786.4,418065.6,73.4,16.28,96665.6,1164.4,25160,77.82,33.33,48332.8,151141.4,49160.4
4450,75.42,22.45,18022.4,31176.4,37697.8,71.1,68.98,158105.6,214997,443073.8,73.57,16.17,50790.4,1765.8,28333.4,78.57,33.18,72089.6,153808,50168.8
4451,78,22.42,124518.4,29892.6,39111.4,70.65,69,32768,214266.8,416677.8,73.45,16.14,54067.2,2058,27611.8,77.83,33.17,0,151681.8,48588.2
4452,76.32,22.14,11468.8,31456.2,38648,71.98,69.02,30310.4,225128.6,439295.2,73.17,16.16,90112,1445.6,28563.4,78.22,33.2,4096,149957,51182.2
4453,75.67,22.17,11468.8,30405.2,38759.4,71.3,69.02,27852.8,225052,617544.6,73.35,16.16,88473.6,1298,25942.8,78.43,33.18,4915.2,152967.4,49275.8
4454,75.95,22.18,70451.2,32160,37624.8,77.77,68.81,596377.6,222916.6,440478,73.67,16.16,4915.2,1759,28943.6,78.05,33.16,8192,151463.2,50074.4
4455,75.97,22.08,37683.2,32232,39775.2,74.92,68.74,601292.8,214784.2,423656.8,73.58,16.18,142540.8,6679.6,27867,78.03,33.32,42598.4,144168.8,49501.2
4456,75.82,22.16,0,38426.4,37656.6,71.03,68.73,129433.6,217409.6,458074.8,73.82,16.19,88473.6,1455.8,28445.2,78.03,33.26,30310.4,142281.4,49178.8
4457,76.12,22.13,4915.2,31408.2,38520.4,70.7,68.81,14745.6,218846.2,416167.8,73.53,16.21,11468.8,2540.6,25794.8,78.57,33.19,2457.6,147634.2,47559
4458,77.62,22.16,18022.4,32949.8,37221.6,71.25,68.83,133529.6,221887.4,440360.4,73.62,16.2,0,1560.8,28881.6,77.82,33.16,27033.6,157035.2,51068.6
4459,75.88,22.13,113049.6,31496.6,40650.2,70.65,68.84,22118.4,217613,420966.4,73.68,16.39,44236.8,1297,26070.2,77.63,33.19,16384,150820.6,48465
4460,77.3,22.22,29491.2,30910,37417.4,77.28,68.79,72908.8,215139,455298.4,73.92,16.3,68812.8,5810,29087.8,78.87,33.21,18841.6,142970.4,48039.2
4461,77.4,22.13,44236.8,30222.4,39210.8,74.38,68.87,858521.6,215403.2,417931.4,73.3,16.3,55705.6,1252.8,25489.4,77.63,33.14,2457.6,143915,49358.2
4462,75.78,22.09,24576,31111,38910,71.78,68.88,75366.4,225340.4,442064.8,73.87,16.34,14745.6,1477.4,28389.8,77.9,33.34,20480,154046.8,50119
4463,76.22,22.16,11468.8,30503.4,38848,71.33,68.9,49152,217710,415821.2,74.52,16.52,175308.8,8695.2,28752.8,77.65,33.19,31948.8,146334.4,47908.6
4464,74.55,22.09,4915.2,31444.8,35683.2,71.2,68.89,172032,220637.2,448980,78.23,16.25,124518.4,680762.8,40919.4,78.62,33.19,4096,143276.6,50687.2
4465,76.23,22.18,93388.8,32915,42397.6,71.43,68.84,90112,217672.6,617475.6,87.98,16.62,50790.4,313562.2,29374.4,77.58,33.2,3276.8,162024.6,47844.4
4466,77.62,22.08,104857.6,33338.6,36740,76.28,68.93,39321.6,217738.8,440178.8,75.05,15.92,90112,188793.4,33158.8,77.4,33.23,21299.2,152168.6,49928.4
4467,76.95,22.17,4915.2,31956.4,39781,74.02,68.91,587366.4,221930.6,417526.8,75.93,15.87,26214.4,219550.8,27700.6,77.62,33.24,43417.6,151068.4,49621.8
4468,75.1,22.09,14745.6,32599.2,38172.2,71.93,68.96,144998.4,221443.6,440965.6,76.72,15.91,19660.8,431109.8,33089.2,78.1,33.31,10649.6,148252.8,51019.2
4469,75.62,22.17,26214.4,30410.6,39768.6,71.27,69,12288,214887.8,415245.8,77.83,15.76,227737.6,150858.4,29260.8,77.88,33.15,58163.2,139474.8,49101.8
4470,76.72,22.13,1638.4,30298.2,35289.2,71.15,69.01,17203.2,212587.6,438029.8,79.08,15.91,437452.8,321772,33479.8,77.5,33.22,68812.8,164480.8,51543.8
4471,76.4,22.18,129433.6,30752.2,40577.4,71.4,68.94,59801.6,214753.6,420183.4,75.75,15.85,16384,376238.6,35244.6,78.38,33.18,0,150250.2,47969.8
4472,77.88,22.13,9830.4,30674.8,36949.6,77.1,69.02,56524.8,224334,438738.8,74.55,15.86,0,173291.8,27538.4,78.02,33.18,19660.8,151664.8,49391.4
4473,81.62,22.16,16384,30464.4,38819.6,74.37,69.06,581632,218447.2,415437.6,78.57,15.82,162201.6,320846.4,32337.8,77.8,33.24,10649.6,147155.4,48966.6
4474,75.42,22.06,140902.4,32291.8,38597,71.18,69.01,416153.6,218974,440053,74.8,15.85,18022.4,272871.4,29467.8,78.67,33.37,18841.6,152742.2,50124.8
4475,78.72,22.21,26214.4,71557.2,40055.8,70.93,69.05,30310.4,211510.8,417800.4,78.35,15.89,60620.8,302891,32886,77.4,33.32,11468.8,148035.8,48120
4476,76.87,22.03,8192,72564.6,36647.8,71.98,69.05,72908.8,232810.6,439201.6,75.12,15.92,19660.8,317950,30367.4,77.85,33.2,2457.6,144493,51927
4477,77.28,22.17,4915.2,76071,40977.6,71.53,68.99,32768,228320.2,620611.8,78.45,15.88,0,299597.2,35121.2,77.92,33.21,0,151187.8,47018.6
4478,75.72,22.26,0,76977.8,36263.8,75.75,69.01,36864,220898.2,437494.8,74.57,15.91,6553.6,295688,29183.4,77.73,33.21,32768,145394.8,50953.8
4479,79.02,22.25,31129.6,65217.4,40831.2,74.6,68.9,65536,236913.4,418794.2,75,15.99,116326.4,305745.2,33198.8,77.78,33.24,37683.2,145307.8,49943.4
4480,76.27,22.29,106496,65360.4,38023.2,71.7,68.94,621772.8,229170.8,441913.6,78.05,16,37683.2,272960.6,30014.4,78.37,33.29,35225.6,144866.6,47387.2
4481,77.12,22.24,36044.8,60800.4,39811,70.63,68.88,140902.4,228196.6,415138.2,75.98,16.11,11468.8,476925.4,35786.4,77.42,33.21,29491.2,142150.2,51335.8
4482,77.3,22.28,37683.2,62317.2,37432.2,72.48,68.8,16384,241506.6,440560.4,73.07,16.09,45875.2,1612.4,26289.8,77.2,33.2,11468.8,157885.6,48918.2
4483,76,22.32,21299.2,64740,41256.8,70.73,68.84,18022.4,236245.4,419952.4,78.43,16.12,0,438039.4,33849.8,77.7,33.21,2457.6,156697.4,50975.8
4484,75.05,22.24,3276.8,63877,35888.2,75.85,68.85,6553.6,240871.2,441007.6,75,16.15,3276.8,301819.8,28619,78.6,33.25,24576,149386,49871.2
4485,83.68,22.22,113049.6,71660.6,40485.8,71.08,68.83,668467.2,237663.2,444308.2,77.22,16.11,180224,167495.6,30557.4,77.6,33.19,27852.8,144878.8,51081
4486,75.8,22.2,149094.4,71760.4,38277.2,70.65,68.79,36044.8,227023.8,416987.6,74.12,16.13,21299.2,110644.2,29263.6,77.87,33.38,12288,138936.2,48436
4487,76.1,22.29,9830.4,31924.4,39883.4,72.7,68.89,176947.2,250423,440695,74.47,16.18,31129.6,259617.6,33962.6,77.95,33.28,0,159774,51682.6
4488,77.62,22.2,39321.6,31389.6,36325.4,71.63,68.8,15564.8,241621.6,615850,76.43,16.22,37683.2,54864.6,27884.6,78.3,33.23,15564.8,150236.2,49118.2
4489,78.18,22.25,1638.4,34562.8,42066.2,76.05,68.82,21299.2,228210,440957.8,74.85,16.17,8192,180941.8,31992.2,77.7,33.21,10649.6,152324.4,50034.2
4490,75.6,22.24,6553.6,29607.4,40379.8,74.35,68.68,119603.2,215678.2,417758.2,73.88,16.22,31129.6,134225.6,27408.2,77.92,33.23,49971.2,149897.4,47774.4
4491,78.72,22.25,42598.4,33188.2,40379.8,71.15,68.75,598835.2,201061.2,441695.6,74.12,16.24,86835.2,175926.8,30038.8,77.35,33.23,29491.2,141758.2,51791
4492,75.68,22.07,18022.4,30965.4,38195.6,70.83,68.76,5734.4,242017.2,416825.6,73.82,16.27,78643.2,107933.8,29885.2,78.78,33.25,1638.4,147937,48259.4
4493,76.87,22.23,0,30752.4,36675.4,72.42,68.76,37683.2,220420.6,438570.8,77.97,16.39,3276.8,137960.4,32837.8,78.08,33.23,21299.2,160860.6,49476.6
4494,76.45,22.14,36044.8,31823.6,40425,70.68,68.76,24576,210663,419189.6,73.77,16.29,67174.4,131189.8,29560.2,78.02,33.26,17203.2,157408.4,49482
4495,75.12,22.23,11468.8,32719.8,37108.6,75.88,68.83,13926.4,217016,439471.4,75.28,16.32,45875.2,174540.8,33125.4,78,33.19,15564.8,154140.6,50996
4496,77.18,22.15,0,31395.2,38221.4,74.82,68.86,185139.2,221839.4,417502.4,77.43,16.24,119603.2,142736.4,28684,77.97,33.21,22937.6,149608.6,48709.8
4497,75.8,22.27,121241.6,32150.8,37898,71.77,68.88,589824,221037.8,440086.6,74.25,16.25,21299.2,170580.2,31569,77.37,33.21,31129.6,148181.4,51536.4
4498,75.85,22.07,24576,33330.8,39958.4,71.48,68.86,55705.6,216915,419017.8,73.98,16.3,8192,142742,30241.4,78.63,33.2,2457.6,144059.4,49299.2
4499,77.1,22.27,11468.8,29813.2,37130.2,71.28,68.84,27852.8,213735.6,449612,74.6,16.47,276889.6,175797,32229.6,77.38,33.36,8192,156586,52471.4
4500,76.18,22.18,4915.2,34014.6,39537.8,71.58,68.85,44236.8,223817.4,635283.8,76.97,16.32,0,142621.4,28872.6,77.62,33.24,36044.8,150308.8,49461.2
4501,78,22.27,29491.2,29970.6,38956.2,75.72,68.83,22118.4,198416,438841.8,74.58,16.32,67174.4,166834,32355.2,77.92,33.3,12288,150415.2,51134.4
4502,76.42,22.18,124518.4,31229.4,39165.4,74.23,68.71,172032,243529.2,419680.6,73.68,16.35,21299.2,165847.2,28364.4,78.35,33.21,11468.8,144101,48550.2
4503,75.23,22.27,16384,30770.8,38170.8,71.87,68.75,675840,220187.6,440142.6,77.85,16.33,18022.4,133644.6,32190.6,78.08,33.26,67993.6,145967.6,52061.2
4504,77.78,22.32,31129.6,32157.8,40115.4,70.67,68.81,23756.8,208760.8,418146.6,73.92,16.37,19660.8,172844.4,28357.4,77.63,33.28,9830.4,149944.4,47747.4
4505,78.77,22.33,18022.4,36000.4,39698.6,72.2,68.79,25395.2,219952.8,440210.6,74.9,16.53,19660.8,146750.6,32320.6,78.1,33.43,16384,142234.4,50111.6
4506,75.77,22.33,22937.6,33009.8,38975.6,71.8,68.72,18022.4,222092.2,434880.6,74.13,16.43,127795.2,148739.2,30915.2,78.42,33.32,0,150190.2,49298.6
4507,75.45,22.33,0,32010.2,39443.2,76.33,68.76,6553.6,218812.8,439503.2,78.02,16.4,27852.8,140928.4,33087.6,77.93,33.28,4915.2,148884.4,50508.6
4508,76.42,22.33,83558.4,33451.6,38425.2,74.25,68.71,212172.8,216452.4,416916.2,74.68,16.47,9830.4,102516.8,31451.4,77.72,33.3,4915.2,146974,48746.8
4509,77,22.42,68812.8,30106.4,37900,71.17,68.75,624230.4,214440.4,441336.2,74.68,16.47,9830.4,102516.8,31451.4,77.8,33.26,22937.6,140419.6,51778.2
4510,82.25,22.24,36044.8,31969.8,39053.6,70.73,68.78,47513.6,216016.8,417782,74.58,16.4,57344,123057.4,32703.6,78.12,33.23,29491.2,162178.2,46999.2
4511,76.85,22.26,6553.6,30033.2,38203,71.75,68.83,224460.8,223835.6,439193,74.38,16.45,42598.4,179273.4,29480.6,77.92,33.21,6553.6,147766.4,50390
4512,76.13,22.24,4915.2,31919.2,39674,72.75,68.75,6553.6,226292.8,617385.4,74.05,16.51,137625.6,96042.6,31325.6,77.58,33.33,0,146837,50097.2
4513,76.33,22.3,0,30809.2,38535.4,75.97,68.79,57344,220650.8,440351.4,77.7,16.49,37683.2,190803.4,28995.4,78.1,33.24,16384,145485,51340.2
4514,77.53,22.26,116326.4,31921.4,39494.2,74.55,68.83,15564.8,213102.2,419734.8,74.27,16.49,131072,129302.4,31437,78.07,33.22,0,150149,48463
4515,75.85,22.38,80281.6,33305.2,38672.4,71.1,68.84,588185.6,220972.6,442126,73.82,16.53,65536,102610,28860.4,77.6,33.23,56524.8,150885,51562.2
4516,78.12,22.3,49152,32476,40756.8,72.68,69.23,1898905.6,220719.2,418599.2,74.07,16.56,36044.8,163782.4,30765.4,78.25,33.25,18841.6,144498,48031
4517,76.07,22.37,21299.2,36784.8,36981.6,71.25,68.9,118784,222117.4,457120.4,76.58,16.55,8192,148050.2,28440,77.42,33.27,22937.6,152297.6,50633.8
4518,77.33,22.28,9830.4,32896.2,39469.2,71.67,69.1,306380.8,217786.4,420411.8,74.57,16.54,14745.6,28257.2,33049.4,78.82,33.39,31948.8,153186.8,49665
4519,76,22.34,109772.8,31132.4,38300,76.4,69.02,51609.6,212632.8,437848.2,77.37,16.65,0,300299,29696.2,78.25,33.29,4096,143938.8,48048.6
4520,76.9,22.31,58982.4,31804,39030.4,74.87,69.06,4915.2,216245.2,433294.6,74.77,16.57,4915.2,64513.6,30240.4,77.82,33.31,17203.2,155688.6,51020.6
4521,76.4,22.24,122880,29581.6,37737.4,71.13,69.01,29491.2,222125.4,440892.6,74.42,16.58,106496,218642.2,29401.6,78.65,33.29,61440,151289.4,48760.6
4522,76.38,22.42,124518.4,32154.4,40878,70.78,69.03,1037107.2,219697,418281.6,74.03,16.62,117964.8,134916.6,31796.8,77.65,33.28,8192,146881.6,50220.8
4523,75.28,22.3,93388.8,29883.6,35807.4,71.82,69.06,28672,219718.8,438365,76.15,16.67,27852.8,182109.2,28703.6,77.17,33.42,4096,147543,50405.6
4524,77.92,22.31,58982.4,32382.4,39552.2,75.85,69.13,36044.8,217647.8,439598.2,75.22,16.65,11468.8,1801,30788,78.3,33.41,0,139643.8,49982.4
4525,76.05,22.25,106496,32125.4,37360.2,74.37,69.06,4096,221112.6,417335.8,75.12,16.64,11468.8,267967.2,28396,78.42,33.23,8192,141263.4,47938.4
4526,82.87,22.32,24576,32907.8,39865,71.88,69.02,78643.2,222451.6,440646.8,73.72,16.66,0,98901.8,32905.6,77.73,33.23,16384,155743.6,49967.2
4527,75.37,22.25,132710.4,31461.8,36720.4,70.8,69.06,621772.8,216269.8,418256.6,74.27,16.68,134348.8,230085.6,28219.8,77.57,33.26,31129.6,154815.8,47943.2
4528,76.75,22.32,109772.8,33618.8,41830,71.1,69.06,33587.2,213171.4,439763.2,77.5,16.64,3276.8,133727.8,32118.4,77.98,33.28,51609.6,154543.2,50720.8
4529,77.72,22.35,85196.8,33092.6,40594.2,71.47,69.08,161382.4,218041.8,421529.8,73.45,16.63,44236.8,1425.8,26856.4,77.95,33.26,0,158885.6,49599.2
4530,77.72,22.35,85196.8,33092.6,40594.2,76.3,69.03,36864,224170.8,441592.6,73.95,16.63,185139.2,173030,32825.2,77.9,33.37,4096,153296.4,50377.4
4531,75.62,22.37,121241.6,31364.6,39972,74.87,68.95,14745.6,218049,415939.8,76.83,16.78,58982.4,324982.2,30257.2,77.93,33.2,4096,150841,48752.2
4532,77.78,22.33,75366.4,29950.6,37156.6,71.97,68.96,448102.4,221277,441314.6,75.4,16.67,32768,133467.2,31734.8,78.27,33.31,0,156751.2,51777.2
4533,75.68,22.41,78643.2,32472.2,41411.8,70.72,68.98,602931.2,210375,416119.4,73.43,16.68,93388.8,1316,26591.4,77.77,33.27,8192,150220.2,47702.2
4534,76.93,22.45,114688,32357.6,36185.2,71.28,69,127795.2,219648.8,451723.4,74.8,16.69,67174.4,255708.8,34201.6,77.92,33.26,0,149261,50956.6
4535,77.03,22.35,83558.4,32894,40768,70.92,69.03,80281.6,227393.2,615411.6,76.85,16.64,67174.4,1367.4,26976.8,78.18,33.23,72908.8,147139,49406
4536,75.17,22.35,63897.6,31214.4,36105,76.87,69.03,58982.4,220628.6,439692.2,74.17,16.66,0,172014.78,32166.73,78.25,33.39,13926.4,158882.2,49693.2
4537,75.88,22.4,85196.8,33315.8,40489.4,74.67,68.97,54886.4,215582.8,416288,73.86,16.71,4923.08,171240.38,31671.07,78.02,33.27,28672,151760,49377.2
4538,77.83,22.39,173670.4,30018.4,36933,72.4,68.86,48332.8,214466.8,441682.4,74.24,16.76,89914.19,188687.89,31576.93,77.38,33.25,26214.4,152477.6,50321.6
4539,75.7,22.47,22937.6,31737.2,40425.2,70.77,68.88,591462.4,214130.6,415580,73.96,16.77,27914.21,61920.42,27480.86,77.77,33.28,0,145564.4,49157.4
4540,78.15,22.43,0,30093.6,36897.8,71.33,68.88,57344,161663.6,439010.8,77.6,16.87,4915.2,168748.4,33854.8,78.3,33.29,3276.8,154015.2,49743.2
4541,75.98,22.44,19660.8,31372.6,40782.8,70.87,68.89,175308.8,282397.4,420767.2,74.52,16.75,124518.4,181280.4,28221.4,77.65,33.25,25395.2,156952.4,49573.6
4542,83.12,22.41,6553.6,29896.4,36522.4,76.25,68.91,30310.4,219875,438331.4,74.57,16.77,21299.2,134242.8,33906,77.98,33.37,30310.4,152955,50833.2
4543,75.23,22.37,0,32706.6,42261,76.23,68.75,37683.2,210730.6,418075.6,77.7,16.75,16384,170858,28694,78.07,33.34,0,152159.6,48637.4
4544,76.08,22.36,150732.8,33276.2,37562.6,71.23,68.76,39321.6,220969.2,443044.4,74.22,16.76,4915.2,138400.8,31762.6,77.95,33.25,13107.2,172798.6,48780
4545,77.88,22.44,85196.8,73712.4,41887.4,70.92,68.81,668467.2,222580,418339.2,74.45,16.79,6553.6,171911.2,30105.4,78.37,33.27,10649.6,161084.6,48948.2
4546,76.52,22.41,27852.8,77506.2,38474,71.12,68.8,40960,221608.4,441008.8,77.4,16.78,104857.6,135032.2,27722,78.45,33.23,3276.8,152985.8,50389
4547,77.38,22.56,1638.4,75103.4,39656.6,71.05,68.89,10649.6,255547.6,618445,74.07,16.84,45875.2,50743.8,31212.2,78.08,33.23,20480,151673,48348
4548,77.05,22.47,16384,65333.8,37670.6,77.07,68.77,1828454.4,213236,439784.2,73.85,17.08,45875.2,28376.6,27005.6,78.02,33.21,0,150980.2,50997.2
4549,75.23,22.29,14745.6,65941.8,40896.6,74.58,68.81,52428.8,216147.6,419032.4,73.22,16.9,18022.4,2308.6,30087.4,77.67,33.42,38502.4,153378.6,48558.6
4550,82.65,22.4,96665.6,60687.2,37826.6,71.05,68.79,39321.6,244377,443248.2,73.62,16.83,1638.4,1243.8,25868,78.45,33.3,3276.8,151469.2,49928.4
4551,74.92,22.32,37683.2,62523.6,39402.4,70.77,68.85,613580.8,234001,415773.4,73.95,16.86,0,6968.4,30966.6,77.9,33.25,16384,158892.6,49483.8
4552,76.08,22.39,67174.4,64512.8,38051,71.85,68.89,45056,238625,441951.6,73.35,16.85,95027.2,1364.8,26526.6,77.67,33.31,17203.2,154745,50255.6
4553,78.25,22.32,121241.6,66749.4,39788.6,72.13,68.9,13107.2,226247.6,419183,76.88,16.8,27852.8,1797.6,29428.4,78.43,33.23,10649.6,154976.6,50291.6
4554,76.38,22.63,91750.4,71295.8,37272.8,75.8,68.98,15564.8,234177.4,437929.4,73.42,16.79,101580.8,1394,25188,77.7,33.24,31948.8,151828.4,51829.2
4555,77.83,22.31,116326.4,73621.8,40599.8,74.75,68.77,161382.4,237546.4,417976,73.13,16.79,81920,1408,28644.4,78.23,33.37,8192,150319.8,48638.6
4556,81.68,22.39,88473.6,76310.4,39097.6,71.13,68.79,57344,242230.8,444030.2,73.33,16.79,18022.4,1712.8,26541.4,77.72,33.27,24576,142801.6,48768.4
4557,77.68,22.26,81920,32657,38938,70.73,68.83,610304,236329,417367,73.6,16.79,144179.2,2468.6,30117,77.93,33.25,4096,152393,50141.2
4558,76.32,22.39,113049.6,30590.4,37959.4,72.62,68.83,109772.8,228087.4,440063.8,73.4,16.79,37683.2,1270.6,25588.4,78.08,33.26,32768,147036.6,48006.2
4559,77.18,22.41,86835.2,31212.2,40337.6,71.03,68.83,33587.2,241015,621387.8,73.35,16.8,24576,1441.6,29030.2,77.65,33.28,40960,147931.6,51830.4
4560,76.53,22.43,9830.4,31805.6,38153.4,75.73,68.89,17203.2,242367.4,458005.2,73.18,16.8,42598.4,2992.8,25194.4,78.25,33.22,49971.2,155931.4,48101.8
4561,75.83,22.41,90112,31058.6,40323,70.7,68.95,204800,220325.2,439682.8,73.22,16.81,78643.2,1229,28269.2,79.35,33.44,7372.8,152045.2,50168.6
4562,76.37,22.47,13107.2,30263.6,37241.6,71.38,68.88,130252.8,210831.6,417625.6,72.72,16.82,0,1485.6,26229,77.18,33.31,23756.8,143233,50636.2
4563,76.85,22.46,0,31787,40960.8,71.3,68.94,700416,218170,439928.8,74.53,16.82,75366.4,1516,28726.4,77.78,33.27,22118.4,157307.6,49720.4
4564,77.05,22.5,93388.8,32191,37138.4,71.48,68.99,38502.4,220646.2,419245.6,73.3,16.82,4915.2,1485.8,26193.4,77.8,33.3,9011.2,150175.6,49051
4565,77.4,22.45,6553.6,33429.2,38588,75.83,68.99,18841.6,221159.6,454428.6,73.9,16.83,101580.8,2385.8,30459.2,78.52,33.27,20480,153985.6,51406.8
4566,75.4,22.46,0,32654.6,37355.2,74.85,69.02,17203.2,216660.6,418552.4,73.18,16.97,54067.2,2530,25645.6,77.93,33.26,70451.2,145993,48427.4
4567,77.9,22.54,117964.8,30104.4,37406.2,70.98,68.98,436633.6,214372.6,441057,73.52,16.85,9830.4,6231,30588.2,77.48,33.45,13107.2,138041.8,51258.2
4568,75.33,22.49,14745.6,30869.8,39342.6,71.43,68.89,194969.6,213716,416087.8,77.62,16.97,96665.6,1707,27091.2,77.32,33.3,14745.6,162386.2,49174
4569,77.97,22.55,78643.2,30600.6,38205.2,71.95,68.96,50790.4,228228.2,454198.6,73.43,16.76,139264,1353.4,28085.8,78.15,33.26,10649.6,148992,50255.8
4570,74.85,22.45,14745.6,30718.8,39835.4,71.35,68.93,28672,226623.6,617066.2,73.92,16.78,58982.4,2186.2,26520,77.38,33.28,0,150035.4,49367.2
4571,78.13,22.55,0,30468.4,38256.4,77.28,69.12,6553.6,220752,441015,73.93,16.91,4915.2,1458.6,28990,78.08,33.28,4915.2,142769.8,51293.8
4572,75.4,22.51,22937.6,31870.6,40548.4,74.73,68.93,19660.8,210807.8,418255.6,74.72,17.33,13107.2,10134.4,29817.2,78.03,33.36,31129.6,145937.2,48629
4573,77.88,22.41,101580.8,32211,37590.2,71.87,68.94,773324.8,219407.4,441052.4,70.47,17.26,62259.2,18154.4,32289.4,78.65,33.4,40140.8,150501.4,50877.8
4574,75.27,22.49,34406.4,33687.8,39076.8,71.4,68.86,11468.8,221585,417002.8,83.77,16.92,109772.8,467620.6,34121.4,77.85,33.35,28672,148362,48797.8
4575,75.17,22.44,65536,31334.6,37447.6,71.18,68.89,140083.2,220727.8,440256,87.37,16.47,37683.2,191086,32425.4,77.75,33.29,13926.4,144289,50338.2
4576,76.05,22.53,101580.8,37846.2,40583.8,71.73,68.94,23756.8,220093.4,440519.2,74.68,15.89,684851.2,121364.8,27696,78.7,33.25,10649.6,151644.4,47599.8
4577,75.65,22.44,29491.2,29873.6,36508.4,75.7,68.99,21299.2,212344.8,437547.2,73.97,15.82,176947.2,90263.8,30457.6,77.78,33.25,0,147060,52789
4578,75.58,22.51,54067.2,29567.6,40500.4,74.8,68.99,13926.4,217562,419756.6,75.67,15.84,95027.2,254419.6,29171.2,77.58,33.26,33587.2,156210.8,47003.8
4579,78.43,22.55,14745.6,32021,38136.8,71.4,69.06,593100.8,225000.2,456095.8,74.53,15.97,121241.6,134839,29616.6,78.63,33.31,28672,155283.8,50695.6
4580,76.62,22.58,4915.2,29826.4,40063.4,71.68,69.03,15564.8,218311.4,417456,74.42,15.9,68812.8,135864.8,30539,77.82,33.38,12288,148736.2,48960.8
4581,81.52,22.36,0,31190.4,36175.4,71.88,68.86,176947.2,220107.2,438880.6,74.55,15.93,196608,144124.8,29630,77.9,33.34,3276.8,144541.4,49853.4
4582,78.05,22.44,19660.8,31458.6,43148.8,70.97,68.86,90112,219488.8,621704.6,73.43,15.88,86835.2,171777.4,29064.2,78.22,33.27,0,149947.4,49313.8
4583,75.22,22.36,124518.4,32223.8,37101.6,75.75,68.94,27033.6,218296.2,439906.8,74.22,15.97,22937.6,41442.6,33254.6,77.57,33.25,35225.6,158288.4,52195.8
4584,77.43,22.44,11468.8,32949.2,39586,74.52,68.89,27033.6,220963.8,417045.4,74.08,15.98,142540.8,104890.8,30162.4,77.82,33.27,57344,151257.8,48463.8
4585,76.5,22.56,165478.4,31885.2,37730.4,71.57,68.9,648806.4,221565.2,439870.6,74.08,15.96,126156.8,183347,28316,77.8,33.27,47513.6,146767.2,49827.6
4586,78.63,22.52,83558.4,31850.8,40361.8,70.72,68.88,111411.2,216234.2,416572.8,74.1,16.02,19660.8,104144,29688,78.53,33.43,26214.4,144745.4,49116.4
4587,75.52,22.52,95027.2,33647,35983,72.08,68.91,19660.8,212798,438081,73.88,16.06,0,213754,28462.6,77.7,33.32,5734.4,159470.8,50586
4588,77.98,22.6,50790.4,29979.2,41378.2,70.93,68.93,41779.2,216633,421624.8,73.92,16.1,4915.2,94375,30151.2,78.23,33.28,22937.6,149324,49331
4589,75.77,22.51,11468.8,32743.2,36791.4,76.77,69.05,58163.2,224035.6,438183.6,74.65,16.13,13107.2,149878.8,28726.4,78.27,33.28,819.2,145281.6,50332.4
4590,77.7,22.58,122880,29796.4,40059,74.6,69.01,1638.4,217580.4,416117.2,73.6,16.15,8192,1284.8,28523.6,77.77,33.28,15564.8,146368.8,48855.2
4591,79.25,22.46,62259.2,31406.8,37928.8,71.73,68.94,960921.6,220123.2,441725.4,78.2,15.9,85196.8,226926.6,30956.8,77.8,33.31,64716.8,149241.2,49131
4592,77.37,22.51,72089.6,30442.6,39907.6,70.97,68.98,871628.8,210393.2,417121.2,74.82,15.91,44236.8,308789,31627.4,78.17,33.46,26214.4,160287.8,48789
4593,75.08,22.5,101580.8,33003,36148.2,71.77,68.86,172032,219167.8,439835.4,73.28,15.93,4915.2,1980.8,26566.4,77.43,33.37,932249.6,151085.8,50388.8
4594,75.47,22.4,95027.2,33073.6,41400.8,71.05,68.89,39321.6,225819.2,618412,74.52,15.95,4915.2,253644.2,31745.6,77.6,33.31,2646016,150918.8,49404.2
4595,77.93,22.44,85196.8,31929,37944,76.33,68.93,4915.2,223913.6,441501.8,76.1,16.04,101580.8,45820,27243.6,79.33,33.33,22118.4,143598.4,48252.6
4596,75.45,22.33,131072,31261.2,38407.8,73.87,68.94,76185.6,216525.4,416380.4,74.22,15.93,39321.6,73502.6,32111.6,77.65,33.3,26214.4,149024.8,50564.2
4597,78.57,22.53,114688,33839,38699.6,71.12,68.98,57344,214333.6,441288,73.8,15.97,132710.4,23938.2,28104.8,77.47,33.27,77824,154780,49312.4
4598,77.73,22.55,78643.2,29495.6,39081.6,72.02,68.91,668467.2,214798.2,418202,73.93,16,18022.4,136879.8,30291.6,77.92,33.5,50790.4,150465,51087.4
4599,75.82,22.6,32768,32686.4,36778,71.87,68.83,52428.8,222595,439722.4,73.65,16.02,37683.2,77873.8,27607.4,78.17,33.35,0,143104,48875.4
4600,75.65,22.49,322764.8,29681.2,40215.8,75.53,68.86,4915.2,219907,437338.4,74,16.04,4915.2,69365.4,30819,77.98,33.34,4915.2,144026.8,49793.4
4601,77.87,22.65,34406.4,31377.8,37618.6,74.95,68.89,167116.8,211496,416783,77.55,16,62259.2,116437.6,30341.8,77.93,33.33,16384,152247,51398.8
4602,75.42,22.51,21299.2,30191.6,39023.2,71.28,68.9,22937.6,219895,440459.2,73.65,16.05,132710.4,92327.6,29571.6,78.52,33.31,11468.8,151670,49574.6
4603,76.87,22.59,14745.6,32145.4,38834.4,71.35,68.85,653721.6,220057.6,417921.2,74.38,16.07,19660.8,102289,31388.6,77.93,33.3,18022.4,144865.8,47391.6
4604,76.3,22.6,4915.2,32283.4,38924,71.15,68.86,36864,222982.6,449558.4,73.57,16.08,8192,1419.4,29317.6,77.45,33.43,53248,146498.6,51330.6
4605,75.53,22.51,162201.6,31806.2,40133.6,71.48,69,113049.6,224627.2,620295.8,76.4,16.12,0,84377,28067,77.9,33.39,3276.8,156961.8,47853.8
4606,78.35,22.62,36044.8,33436.2,37678.2,76.35,69.03,42598.4,214125.2,439366.8,74.33,16.04,14745.6,128301.2,30284.6,78.18,33.33,17203.2,148556.4,49389.8
4607,77.58,22.64,19660.8,29880.2,39202,74.47,68.93,21299.2,216978.8,418029,73.53,16.09,0,158740.6,27340,77.88,33.28,0,145887.4,49418
4608,81.7,22.6,47513.6,32788.2,38744.2,72.02,68.91,819.2,223011.6,443606.4,73.67,16.11,32768,92561.6,29660,77.85,33.28,5734.4,141526.4,49462.2
4609,75.17,22.5,8192,29669,39423.4,70.78,68.96,585728,216754,414796.2,73.77,16.14,168755.2,65342.6,27879,78.45,33.28,9011.2,159114.6,49661.2
4610,78.13,22.62,16384,32144.4,37697.8,71.67,68.88,48332.8,218533.4,437427.6,77.13,16.09,63897.6,1649.2,30063.4,78,33.48,52428.8,159651,50501
4611,75.3,22.56,60620.8,30630.4,40339.8,71.55,68.93,165478.4,210574.2,419853.6,74.18,16.11,18022.4,116306.6,27628.6,77.52,33.33,9011.2,157989.6,48770.4
4612,78.37,22.54,157286.4,32045.6,37781,75.7,68.92,56524.8,217354.2,439147.6,74.02,16.09,3276.8,70886.6,29993.6,77.98,33.31,5734.4,164478,49144
4613,75.03,22.57,6553.6,32498.8,39525.2,75.17,68.97,56524.8,220748.8,417896.6,73.77,16.16,9830.4,43215.6,27196.2,78.88,33.26,2457.6,158407.4,49896.8
4614,75.45,22.62,0,32488.6,39868,71.13,68.99,21299.2,225367.2,445515.6,73.93,16.18,22937.6,56155,29700.8,78.08,33.3,10649.6,156548.8,50650.6
4615,77.53,22.57,8192,76210.4,38961.8,71.78,69.04,943718.4,219197.6,418196.8,74.2,16.19,95027.2,76512.8,30192.6,78.1,33.31,26214.4,157388,48319.6
4616,77,22.61,4915.2,70663,37195.6,71.57,69.11,3343155.2,215241,438634.2,74.15,16.32,13107.2,88357,30635,78.3,33.3,0,153299,51310.2
4617,75.52,22.56,65536,65812.8,39855.4,71,69.2,188416,254311.2,621301.6,76.7,16.15,45875.2,1921,26642.6,77.87,33.41,68812.8,155624.6,48902.2
4618,79.03,22.63,126156.8,62556.6,37804.4,76.78,69.5,12288,224245.4,439456.8,73.88,16.13,0,86368.8,30963.6,78.1,33.32,819.2,151294.6,49642.8
4619,75.43,22.6,13107.2,60976.8,39767.2,74.85,69,27033.6,217428.6,418144.8,73.72,16.16,67134.12,70039.58,27275.43,78.12,33.34,23756.8,158338.2,50858.6
4620,75.72,22.51,36044.8,64565,37477.2,71.18,68.99,577536,239667.2,458787.6,73.67,16.22,32787.67,91569.74,31289.17,78.88,33.28,4096,158618.2,50610
4621,78.43,22.71,18022.4,65057.8,40707,70.9,69.08,8192,222455.6,418646,72.83,16.24,111411.2,1589.8,27333.2,77.02,33.3,2457.6,148607.8,48234.8
4622,76.35,22.64,0,70006,37646.2,71.32,69.07,221184,233839,439476.8,75.18,16.38,90112,72890.4,30509.4,77.85,33.33,45056,148290.6,50897.4
4623,77.92,22.7,52428.8,71627.8,40523.6,70.92,69.15,10649.6,242612.8,420758,74.33,16.19,65536,82047,31060.6,78.02,33.41,7372.8,146049.8,48541
4624,75.88,22.63,78643.2,73785.6,37593.8,77.47,69.01,7372.8,235776.8,437735,73.78,16.34,67174.4,41746.2,26249.4,78.78,33.35,30310.4,147631.4,50199.2
4625,77.68,22.76,88473.6,77948.8,40977.8,74.08,69.09,4096,236483.8,418050.4,74.18,16.25,73728,194720.8,30232.4,77.95,33.32,23756.8,148360.2,49540.4
4626,75.9,22.67,16384,72919,37317.6,72.25,69.18,97484.8,227933.2,459515.4,74.07,16.31,16384,66244.6,28928.2,77.57,33.34,1638.4,148134.8,49676.8
4627,83.72,22.62,4915.2,30538.6,42374,70.78,69.19,171212.8,232156,419473.8,77.53,16.27,4915.2,112494.6,32364,77.05,33.34,10649.6,133807.6,46968
4628,75.33,22.49,0,31545.6,35910.8,71.32,69.25,658636.8,245260.6,440267,73.85,16.24,0,84728,27608.2,79,33.31,14745.6,156998.8,50494.4
4629,75.77,22.62,11468.8,30290.2,41201,71.97,69.22,192512,242072,618948.6,74.13,16.29,14745.6,108306,30569,77.53,33.3,4096,149393,46596
4630,76.3,22.56,54067.2,31065.8,37462.6,77.37,69.23,40140.8,238214.2,439833,73.95,16.51,0,13155.2,25456.8,78.15,33.4,7372.8,145192.4,50922
4631,77.68,22.6,181862.4,30279.6,40253.4,74.03,69.26,18022.4,223774.4,418330,73.3,16.36,96665.6,1619.8,28868.4,78.45,33.3,64716.8,145054.2,50162.2
4632,75.38,22.51,72089.6,31915,36288.6,71.08,69.2,73728,221007.2,441309.4,73.63,16.33,98304,1300.4,26269.4,78.13,33.32,819.2,161184.6,49140.8
4633,78.1,22.67,21299.2,32581.4,41120.6,71.63,69.02,96665.6,219792,416172.2,73.6,16.42,18022.4,1732.8,29408.4,77.17,33.34,27852.8,156775.6,52618.6
4634,75.08,22.61,16384,32424.6,36060.2,71.77,68.86,63078.4,221233,439788.6,73.87,16.4,72089.6,1373.8,25771.6,78.57,33.31,18841.6,150716.8,47527.4
4635,75.6,22.69,0,33263.6,41579.2,70.85,68.86,628326.4,217833.8,419388.6,75.05,16.33,3276.8,7341.2,32139.6,77.58,33.47,4096,147610.6,50021.4
4636,79.05,22.64,27852.8,37875.6,38008.2,73.63,68.78,63078.4,216465.8,417424.4,75.37,16.21,11468.8,2557.4,25481.2,78.02,33.33,29491.2,145357.6,49571.4
4637,78.13,22.69,62259.2,30470,40372.4,71.42,68.79,64716.8,225061,440006.2,73.1,16.21,108134.4,1444,28527.2,78.65,33.3,20480,147134,49756.8
4638,75.2,22.66,121241.6,31109.6,36405.6,71.48,68.61,39321.6,217927.8,433899.6,73.7,16.39,44236.8,1305.8,26735.2,78.12,33.41,9011.2,160806.8,47920.6
4639,75.82,22.75,4915.2,31580,41715.4,71.28,68.61,39321.6,222184.2,450384,73.58,16.25,95027.2,5405.8,28819.8,77.85,33.38,6553.6,157917.8,49721.6
4640,77.8,22.64,119603.2,30921.2,36029.8,71.8,68.6,626688,216089.2,617185.2,73.32,16.26,62259.2,1216.6,25855.8,78.47,33.3,9011.2,155641,48838
4641,75.77,22.73,0,32058,41692.2,77.08,68.61,20480,218565,439633.6,73.42,16.23,19660.8,2015.6,29525.6,77.47,33.49,0,155251.4,50445.6
4642,76.87,22.73,27852.8,34468.4,41268.6,74.05,68.65,5734.4,220943,417302.6,73.12,16.24,109772.8,1285.4,25334.2,77.97,33.44,21299.2,154761.2,48165.6
4643,81.37,22.64,47513.6,32559.6,37104.2,72.52,68.58,163840,220199.6,440053.8,73.52,16.24,44236.8,1454.6,28668.6,77.8,33.35,31948.8,162209.2,50878.8
4644,75.62,22.68,4915.2,31767.4,41197,70.73,68.6,98304,215348.4,418677.8,73.12,16.28,32768,1250.6,25610.4,78.65,33.33,18022.4,151196,47699
4645,77.37,22.63,109772.8,32664.8,35360,71.17,68.63,24576,213227,439347.6,73.32,16.28,63897.6,1507,28804,77.7,33.32,7372.8,150820.6,49204.8
4646,75.47,22.65,39321.6,30630.2,41387.4,70.9,68.76,603750.4,217999.6,422706.2,73.33,16.28,54067.2,1337,26135.8,77.12,33.32,40140.8,147276.2,50366.4
4647,78.12,22.61,73728,31055.6,37594.8,77.58,68.7,18841.6,225638.4,441340.4,73.68,16.28,67174.4,1651.4,29305.4,78.42,33.31,1638.4,149322.6,48838
4648,76.4,22.6,29491.2,30309.2,40734,74.48,68.8,39321.6,217791.6,418043.2,73,16.3,131072,1292.2,25455.2,78.62,33.42,4915.2,146677.6,47735.6
4649,75.78,22.67,0,30972.2,36517.8,71.4,68.82,385843.2,220269.6,440531.4,73.42,16.3,44236.8,1627.2,28197.6,78.18,33.33,28672,135310.2,50873.2
4650,77.57,22.55,16384,30400.2,39970.2,70.82,68.85,86016,209640.2,417918.4,73.7,16.28,37683.2,1607.8,26544.4,77.7,33.32,0,153830.2,47771.8
4651,75.6,22.66,96665.6,32253.4,37318.2,71.22,68.84,70451.2,219074.4,439346.6,73.72,16.3,57344,1545.4,28490,77.52,33.35,14745.6,151029,50272.4
4652,77.57,22.54,6553.6,32322.4,39593,70.92,68.91,606208,227990.4,616069.8,76.77,16.19,16384,1353.6,26202,78.4,33.31,0,149840.8,49038.8
4653,75.55,22.67,57344,33540.4,39494.4,76.93,68.86,90112,221097.2,442323.8,73.15,16.2,68812.8,1592,29553,77.87,33.34,26214.4,146549,50132.2
4654,78.32,22.7,0,32161,38794.4,75.37,68.85,51609.6,219482,417749.6,75.52,16.34,65536,1310.6,25385.2,78.17,33.57,10649.6,142108.6,48326
4655,75.77,22.72,99942.4,32799.2,37655.8,70.97,68.88,99123.2,213455.2,439991.6,71.48,16.51,145817.6,9354.6,30951.6,78.83,33.39,5734.4,149787.4,51960.4
4656,77,22.65,22937.6,29995.8,39510.8,70.75,68.88,73728,215462.8,417557.4,80.35,17.03,158924.8,543086.4,36763.4,77.82,33.38,1638.4,144171,48121.6
4657,77.78,22.74,119603.2,31289.8,37623.2,71.23,68.89,55705.6,223564.8,438094.2,87.97,16.37,57344,185590.6,35099.2,77.53,33.35,49152,154363.6,50538.4
4658,75.22,22.6,8192,30224.4,39480.4,71.68,68.91,655360,215606,418673.6,76.78,15.98,95027.2,1512.8,26690.4,78.03,33.41,23756.8,155894.8,49496
4659,75.17,22.68,62259.2,31054,36737.6,76.28,68.82,52428.8,220361.4,439503.2,75.5,15.94,0,366772.8,28791,78.48,33.37,31129.6,149648.8,50346.4
4660,77.98,22.62,22937.6,30075.4,39486.8,74.67,69.01,45875.2,209206.4,416840.8,74.07,15.97,258867.2,136185,30292.2,77.53,33.46,4096,152426,48170
4661,75.5,22.74,34406.4,31938.6,37526.8,72.15,69.08,4915.2,220248.6,441095.6,74.63,16.01,306380.8,131075.4,28845,77.37,33.36,18022.4,148060.4,51449.8
4662,75.15,22.7,9830.4,32045.2,39242.8,70.68,69.16,58982.4,219464.2,419000.8,74.32,16.15,34406.4,109347.4,31870.6,77.93,33.35,0,143287.6,46849.8
4663,81.72,22.77,39321.6,33882.6,37868.4,71.27,69.25,45056,219161.2,438990.4,74.72,16.06,14745.6,387398.6,29197,78.33,33.33,2457.6,155004.2,49993
4664,81.37,22.21,199884.8,32123.2,39923.8,70.9,69.37,2291302.4,218904.6,616916,75.13,16.09,160563.2,208556.8,30952.8,77.68,33.33,12288,157227.2,49170.4
4665,75.93,22.31,1638.4,32814.4,37105.4,76.88,69.49,152371.2,213225.4,437458,73.68,16.12,13107.2,122467.6,27697.4,77.63,33.34,58163.2,158095.2,51159.4
4666,78.12,22.27,173670.4,30437.2,40809.2,73.75,69.56,8192,221582.6,417841.4,74.85,16.19,6553.6,266491.6,30171.8,77.37,33.34,7372.8,157733.8,49628
4667,75.78,22.3,65536,30896.2,37837.8,71.85,69.48,18022.4,224847.6,442638.4,75.02,16.25,62259.2,262266.6,28845,79.35,33.43,8192,153730.8,51160.4
4668,75.15,22.26,11468.8,30029.2,39282.4,70.73,69.57,82739.2,216454.2,419079,73.93,16.29,42598.4,149220.2,29645.6,77.48,33.32,4096,153199.8,49235.4
4669,77.68,22.32,0,31118.4,37917,71.12,69.52,18022.4,160920,437955.6,77.62,16.02,4915.2,139092.2,27535.2,77.73,33.34,11468.8,155215.6,50713.4
4670,76.03,22.31,6553.6,30118,39519,71.32,69.53,591462.4,265770,421185,74.78,16.02,116326.4,169012,33999.6,77.82,33.32,25395.2,145006,51175.2
4671,75.35,22.35,0,32735.2,38169.8,77,69.11,45875.2,224239,439061.2,74.75,16.03,50790.4,213243.8,29315.8,78.05,33.35,14745.6,131368.2,49627.8
4672,77.62,22.34,50790.4,32030.4,39038.4,74.08,69.15,147456,222485.8,418567.4,73.02,16.06,36044.8,1362.4,28670.6,78.63,33.54,10649.6,135383.4,51180.2
4673,81.2,22.38,140902.4,34032.6,38265.8,71.33,69.22,72908.8,162819,441814.8,74.33,16.1,0,170670.6,29058.8,78.3,33.45,0,157716.6,49050.6
4674,75.62,22.3,16384,31530.4,39507.8,70.87,69.25,106496,272083,418525,77.92,16.07,8192,177228.8,31761.4,77.22,33.36,17203.2,156275.2,49849.8
4675,78.37,22.42,1638.4,32816.2,37628.4,71.18,69.27,35253.8,229613.29,619269.62,74.8,16.08,18022.4,209477.8,28401.6,77.75,33.4,57344,158778,50384.6
4676,75.22,22.33,9830.4,30069.8,39800.8,76.42,69.24,617676.8,223134,440345.8,74.78,16.09,0,296621.2,31814.8,77.83,33.38,63078.4,158650.2,50022
4677,77.88,22.4,0,29601.8,37558.6,74.55,69.23,112230.4,215896.8,415863,73.35,16.14,83558.4,1566.2,25799.2,78.53,33.36,58982.4,165490.2,48249
4678,75.68,22.33,58982.4,30246,40052.2,72.45,69.24,208076.8,216992.8,442363.4,73.55,16.16,91750.4,24701.8,29712,78,33.34,23756.8,161001,50343.2
4679,74.97,22.28,144179.2,29743.6,38759.6,70.8,69.29,19660.8,210733.4,432552.8,78.05,16.12,42598.4,122470.6,32683.4,77.82,33.46,3276.8,143210.4,49848.6
4680,78.75,22.34,18022.4,30568.2,36599,71.92,69.07,28672,224005,438976.4,74.57,16.12,39321.6,1615,29301.2,78.08,33.34,8192,139773.8,49742.4
4681,81.33,22.37,6553.6,32455.2,40187.4,71.38,68.87,5734.4,220737.4,419183.2,74.12,16.11,13107.2,126592.2,27808.6,78.22,33.36,40960,209849.2,54078.4
4682,75.52,22.31,0,32389.6,36571,75.72,69.03,641433.6,219084.6,438179.4,74.12,16.15,0,84542.6,31180,78.88,33.33,5734.4,120504,51010
4683,76.45,22.41,70451.2,32274.2,40976.2,74.5,68.95,88473.6,213460.4,418346.4,74.47,16.34,131072,159954,28238,77.8,33.35,16384,153205.6,49540
4684,77.42,22.34,98304,32159.4,37583.6,71.68,68.94,196608,215358,441936.8,76.37,16.18,18022.4,1427.4,29375,77.88,33.35,20480,148926.4,51841.4
4685,74.88,22.46,36044.8,69378.4,40858.4,70.78,68.98,14745.6,223492.2,436732.6,73.87,16.1,68812.8,208686,29946,78.97,33.65,12288,172900.2,55307.2
4686,76.78,22.51,32768,65590,36826.8,72.3,68.93,430080,223223,440222.4,74.13,16.14,40960,1994.6,28648.8,78.43,33.54,22937.6,168065.6,51395
4687,75.97,22.49,27852.8,63591.8,40747.6,72.1,68.97,100761.6,268044.4,619879.2,74.03,16.2,9830.4,118700.8,30402.6,77.98,33.48,18834.07,161146.94,51147.74
4688,75.22,22.41,1638.4,60661.8,36842,76.45,69.01,9830.4,217350.2,440548.8,73.8,16.17,14745.6,117550.8,31062.4,79.84,33.64,19668.67,171477.79,60176.27
4689,76.47,22.53,193331.2,67146.8,43409.4,74.43,69.07,40140.8,212164.8,418421.4,73.72,16.21,88473.6,80685,27159,79.03,33.63,18841.6,125407.8,52171
4690,79.38,22.48,31129.6,64327.2,37850.4,71.13,69.13,155648,243185.8,442097.2,76.73,16.18,14745.6,1460.2,29550.4,79.9,33.31,119603.2,95302,51163.2
4691,76,22.58,24576,70776.4,39870.4,71.2,69.15,54067.2,235458,416865,74.63,16.19,147456,205404.2,27865.4,77.95,33.45,54067.2,95579.2,49175
4692,75.97,22.65,8192,71816,37759.2,71.9,69.32,640614.4,235891.6,442793.2,73.83,16.21,22937.6,147822,30939,80.42,33.56,71270.4,105175.4,60187.8
4693,78.88,22.6,124518.4,75555,40154,70.75,69.35,98304,226703.8,418394,74.2,16.19,6553.6,42924.2,28123.8,77.97,33.47,54067.2,91825.2,51199.6
4694,75.38,22.59,75366.4,75954.2,37043.8,75.75,69.41,14745.6,227684.2,439911,73.63,16.26,0,1606.6,29820.4,77.68,33.38,78643.2,81528.4,53068.2
4695,79.45,22.7,67174.4,73074.4,40885,74.72,69.5,148275.2,240916.8,419955.2,74.35,16.31,0,177533.2,27771,77.58,33.46,86016,92678,54426.4
4696,80.27,22.54,72089.6,65606,37685,71.65,69.44,16384,240570.2,457435.6,76.9,16.23,14745.6,2678.2,29280.2,78.92,33.45,160563.2,89209.4,48458.6
4697,75.93,22.66,116326.4,32582.8,40264,71.52,69.41,95027.2,230889.4,417226.6,73.73,16.22,75366.4,123376,28488.2,77.73,33.49,20480,82676.8,50024
4698,75,22.52,67174.4,30205,36549,71.73,69.51,658636.8,230573.8,440748.8,74.03,16.25,37683.2,101354.4,27927.2,77.2,33.51,129433.6,82666.4,50792.8
4699,78.93,22.56,88473.6,31503.8,40159.4,71.65,69.5,26214.4,231313.8,630678,74.43,16.29,18022.4,144305.4,33237,77.52,33.33,70451.2,93196,50042
4700,75.07,22.56,60620.8,30476.6,36834.4,75.92,69.55,13926.4,241594.8,439428.2,77.37,16.28,3276.8,75213.2,27163.8,76.93,33.32,23756.8,83660.6,50771.6
4701,78.18,22.6,40960,31980.8,40173.2,74.68,69.56,45056,238486,420518.6,73.75,16.26,81920,94921.2,30505.4,78.67,33.36,8192,77297,47584.2
4702,75.6,22.57,21299.2,32239.2,37590,71.05,69.64,8192,220501.4,440189.6,74,16.29,98304,124087.2,27911.6,77.38,33.37,11468.8,85122.8,50548
4703,75.43,22.64,129433.6,32231.4,40390.6,71.42,69.22,213811.2,211906.6,416469.4,73.52,16.31,16384,1736.2,29150.8,77.83,33.36,23756.8,79770.2,48870.8
4704,77.65,22.57,18022.4,31162.8,35796.2,71.15,69.23,673382.4,216003,440649.4,73.4,16.38,32768,120902.2,29730.2,77.68,33.49,81100.8,79970.2,49482.8
4705,78.4,22.66,104857.6,33879.2,41980.4,70.8,69.22,67174.4,221466.6,420210.8,77.87,16.32,4903.43,42036.51,29658.82,78.05,33.34,22937.6,90959,48677.8
4706,75.33,22.62,73728,30410.2,38109.6,76.25,69.26,5734.4,223756.4,439081.2,73.72,16.5,62408.98,18056.94,25673.62,78.05,33.34,13926.4,94227.2,51069
4707,75.1,22.49,109772.8,32283.4,39950,74.47,69.25,56524.8,216662.6,418203.8,73.47,16.37,16384,1505.4,29265.8,77.92,33.31,9011.2,85552,48007.2
4708,77.98,22.66,86835.2,29939.6,37569.2,71.58,69.28,342425.6,216549.8,439498,73.25,16.33,95027.2,1330.2,26664.8,77.52,33.3,2457.6,81788.4,49602.8
4709,74.95,22.55,124518.4,30936.2,39339.6,72.07,69.41,45056,212060.8,416594.2,73.6,16.34,0,1402.4,28284.8,77.8,33.38,14745.6,76053.6,49653
4710,75.67,22.64,91750.4,30343,36275.6,71.3,69.5,614400,225488.2,449811.4,73.48,16.35,11468.8,2164.2,26757.4,77.42,33.28,0,75624.8,48737.8
4711,75.93,22.66,73728,33060,41124.4,70.98,69.55,97484.8,228518.4,619302,73.18,16.35,14745.6,2498.6,29967,77.53,33.25,31948.8,74580.4,50336.2
4712,75.2,22.58,88473.6,32843.2,38384.2,76.27,69.56,39321.6,220810.2,441273,73.77,16.33,21299.2,1251.4,25467.2,78.7,33.23,40140.8,82990.2,47854
4713,75.15,22.44,16384,32348,38542.4,73.83,69.56,59801.6,214181,418191.6,73.07,16.34,4915.2,1464.4,28812.4,77.25,33.24,30310.4,110025.6,50271.8
4714,78.63,22.69,111411.2,31937.8,39526.4,71.23,69.24,93388.8,219803.8,418285.6,73.52,16.34,63897.6,1850.8,26629.6,77.18,33.24,71270.4,93501.2,48591.8
4715,75.05,22.59,85196.8,33197,39823.4,72.43,69.04,50790.4,222653.2,439154.8,73.68,16.35,14745.6,1734.2,28394.2,78.03,33.32,47513.6,76063.2,50015
4716,82.02,22.7,90112,29869.2,36207.4,70.78,69.06,593920,217690.8,418193.6,73.33,16.48,101580.8,1393.2,26399.6,77.48,33.39,8192,76814.8,47596
4717,78.6,22.26,8192,32183.4,39745.4,76.35,69.07,10649.6,216192.4,438643.6,73.63,16.37,14745.6,1723.6,29184.4,78.12,33.31,27033.6,86414.8,51257.4
4718,77.83,22.44,681574.4,29868.4,38670.4,73.78,69.11,9830.4,213874.6,421322.8,73.47,16.36,0,2435.6,26428,77.62,33.26,11468.8,77137.8,47361.6
4719,75.72,22.29,0,31325,39137.6,71.53,69.09,228556.8,223788.2,439873.2,73.23,16.36,37683.2,1495,28929,77.73,33.26,24576,78577.4,49322.2
4720,77.03,22.4,4915.2,32296.2,39810.4,70.8,69.23,309657.6,220001.8,417149.8,75.83,16.38,39321.6,1343,26214,77.78,33.33,18841.6,93043.2,50216.2
4721,75.42,22.42,145817.6,32224,36787.2,72.5,69.33,168755.2,219491.4,439033.6,75.28,16.31,0,1449.6,28319.4,78.42,33.27,17203.2,91583.2,49785.2
4722,76.55,22.46,16384,32856.8,41379.4,71,69.4,635699.2,221252.6,618722.8,73.22,16.3,221184,1318.6,26308,77.77,33.44,3276.8,114226.2,48379.8
4723,76.48,22.48,8192,31561.6,37026.8,75.7,69.15,13107.2,214133.4,437498,73.4,16.3,116326.4,1673,28838.6,77.42,33.24,18841.6,123260.6,50655.6
4724,74.8,22.49,13107.2,33162,40110.2,74.97,69.16,9830.4,219888.2,417303.6,73.03,16.26,77004.8,1341.8,26008.6,77.87,33.35,8192,142028,50968.2
4725,81.7,22.48,81920,30289.4,39457.4,71.2,69.2,296550.4,225594.6,443530.6,73.57,16.26,78643.2,1474.6,28843,78.45,33.31,9830.4,143441.2,51126.2
4726,75.03,22.45,22937.6,31653.8,38827.8,70.57,69.24,64716.8,215039.6,415831.4,73.72,16.25,44236.8,1526.4,26064.4,77.5,33.28,38502.4,137285.2,50457
4727,75.42,22.53,131072,29769.8,36532.8,71.72,69.1,185139.2,214393.8,436980.2,73.38,16.24,78643.2,1882.2,29313.6,77.72,33.3,18841.6,124646.6,49610.2
4728,77.65,22.48,49152,31285.8,40503.4,71.42,69.34,344064,210356.2,419028.4,73.32,16.22,63897.6,1267.2,25155.4,77.73,33.3,0,141671.2,50595.2
4729,75.58,22.76,6553.6,30096,37537.2,75.68,69.36,48332.8,222433.4,436487.4,73.4,16.23,4915.2,1576.4,29194,78.28,33.42,24576,140086.4,50654
4730,75.32,22.53,9830.4,32145.4,39507,74.38,69.38,13926.4,223058.2,420047.8,75.43,16.47,119603.2,6273.6,27862,78.05,33.32,26214.4,137461.6,47765
4731,77.47,22.63,32768,32567.8,39677.6,71.57,69.42,315392,222557.6,443981.8,71.45,16.65,50790.4,5946.8,31131.6,77.83,33.28,9011.2,138206.2,49819.6
4732,75.4,22.55,0,32557.4,39578.6,70.62,69.45,12288,212628,416559.4,80,16.41,173670.4,404837.2,37827.8,78.73,33.33,8192,145801.8,49382.8
4733,75.12,22.45,147456,31421.8,36855.8,72.15,69.48,164659.2,214315,438253.6,86.77,16.82,11468.8,122409.6,31986.6,77.62,33.3,58163.2,138408.4,49902.4
4734,77.38,22.57,14745.6,33369.8,39858.2,71.18,69.46,353075.2,229054.8,619796,77.43,16.08,139264,176087.6,28726,77.63,33.29,18022.4,129654,47430
4735,75.33,22.5,27852.8,30501,37820.6,76.43,69.25,9011.2,222760.8,437707.8,74.27,15.98,181862.4,1736,29105.8,77.55,33.44,18841.6,128859.4,50954.2
4736,75.67,22.6,1638.4,31803,39705.2,73.83,69.26,4096,217298,417622,74.22,15.97,93388.8,199267.8,28014.8,78.47,33.27,26214.4,120723.2,48925
4737,75.95,22.53,93388.8,30551.4,38381.4,71.82,69.15,291635.2,218232.4,444751.8,74.87,16.08,65483.61,337116.71,32223.02,77.92,33.29,8192,132998.6,50061.6
4738,78.1,22.61,0,31217.4,40196.8,70.83,69.15,63897.6,209681.4,416792.8,75.02,16.27,9830.4,255772,32070.2,77.1,33.3,3276.8,128426.4,48678.2
4739,75.53,22.49,91750.4,31047.4,35909.8,71.28,69.18,171212.8,224546.4,440596.8,74.38,16.15,0,198233.8,28739.8,77.62,33.29,0,128218.6,51960.2
4740,83.7,22.6,39321.6,34052.4,41002.4,71.43,69.19,68812.8,222195.4,438033.2,74.45,16.2,16384,198205.6,31471.6,78.43,33.34,58982.4,130864.4,48461.2
4741,75.45,22.45,31129.6,32163.6,37561.2,76.37,69.16,41779.2,219401.2,438299.4,77.13,16.16,0,1383.6,26131,77.92,33.41,46694.4,129971.6,50067.6
4742,75.3,22.58,55705.6,33060,40156.8,74.33,69.27,8192,213055.8,417454.2,74.23,16.08,4915.2,212287,30661,77.65,33.37,0,137766.2,49953
4743,77.78,22.6,0,31715.6,37084.6,71.18,69.32,641433.6,215901.8,442734,73.92,16.08,196608,195903.4,28334.6,77.82,33.29,28672,131803.2,49768.6
4744,76.08,22.64,14745.6,33355.8,41430.8,71.18,69.34,12288,220588.6,416654.6,73.63,16.1,103219.2,2882.6,28825.8,78.02,33.3,2457.6,130080.8,48171.4
4745,77.57,22.63,1638.4,31170.4,36347.8,71.42,69.36,179404.8,226036.8,467281.6,78.08,16.06,29491.2,254311.2,28879.8,78.07,33.26,45875.2,125671,50731
4746,75.37,22.62,126156.8,31457.4,40722.8,72.6,69.34,60620.8,225322.8,617485.6,79.03,16.8,24576,119565.8,35377.8,77.64,33.28,22928.43,131785.29,47492.4
4747,77.52,22.6,6553.6,30016.8,37313,76.5,69.43,165478.4,215481.8,438425.6,90.42,16.8,129433.6,1304.4,25642.4,78.17,33.31,4097.64,118442.38,49352.54
4748,76.4,22.62,8192,31326.8,40016.6,74.03,69.41,12288,209632.6,415140.6,90.55,17.32,5372313.6,291483.4,34202.4,78.27,33.39,18841.6,130492,49106.8
4749,77.05,22.68,31129.6,30175.4,36994,72.23,69.42,584089.6,226141,444945,77.42,16.82,208076.8,61899.8,28666.6,77.68,33.34,12288,130655.6,48659.2
4750,77.68,22.65,40960,32207.4,40989,71.58,68.94,8192,218585.8,415157.2,75.1,16.41,140902.4,270925,30547.6,77.78,33.3,23756.8,130094.2,50801.2
4751,75.12,22.66,16384,31940,36585,71.23,69.03,128614.4,221565,442600.4,77.12,16.29,6553.6,7034.4,27228.2,78.37,33.28,6553.6,128251.6,49966.2
4752,75.4,22.7,47513.6,33149.4,39762.8,72.12,68.83,105676.8,213208.6,418420.4,74.72,16.29,47513.6,200836.6,31451.2,77.58,33.28,23756.8,119372.8,50150.8
4753,77.62,22.66,98304,31875.8,36881.8,76.15,68.9,36864,213128.6,437710.2,74.12,16.32,65536,103528.8,26563.6,77.58,33.41,42598.4,135278.8,49225
4754,75.35,22.71,93388.8,32906.8,39513,70.85,68.94,31948.8,222517.2,439874,73.93,16.33,1431961.6,35045.8,30185.2,78.37,33.36,0,133652.4,51655.2
4755,77.32,22.68,62259.2,30281.2,36908.6,71.4,68.88,605388.8,216641.8,434442,77.37,16.33,2152857.6,78304,30695.4,78.1,33.35,18022.4,130749.8,47652.8
4756,76.28,22.71,86835.2,69579.4,41655,71.18,68.89,24576,216354.8,439503.6,73.87,16.31,4620288,51134,30099.2,77.78,33.3,17203.2,127709,50972.2
4757,75.77,22.7,93388.8,60665.4,36261.8,71.88,68.81,199884.8,267651.6,620489.2,73.65,16.29,13107.2,113775.2,27968.2,77.07,33.31,33587.2,128350.8,48168.6
4758,77.95,22.81,108134.4,62281.4,40038.6,76.97,68.82,19660.8,225524.2,454555.8,73.57,16.35,26214.4,5623.6,29985.8,78.65,33.33,35225.6,131926.2,50341.2
4759,78.1,22.78,31129.6,65054,38197.4,73.88,68.83,5734.4,221040,416911.8,75.1,16.65,103219.2,102446,29438.4,77.75,33.45,9011.2,127337,48921.4
4760,77.32,22.68,0,66111.2,39929.2,71.72,68.84,8192,238755.2,445798,81.5,17.38,1853030.4,122177.4,30034.8,77.9,33.33,15564.8,125182,50744.2
4761,78.03,22.75,39321.6,72377.2,39763.2,71.32,68.85,626688,224145.4,415166,78.37,16.38,2387148.8,47662,28118.8,77.55,33.3,6553.6,124620.2,47767.6
4762,75.97,22.78,0,75761.2,37303,71.18,68.87,35225.6,227366.4,440730.6,73.7,16.36,114688,73007,29676.8,77.4,33.3,33587.2,114137.8,51076.2
4763,75.78,22.69,121241.6,77764,40660.8,71.53,68.8,245760,240202.4,422266.2,73.2,16.36,14745.6,138021.8,31685,78.42,33.27,8192,134088.4,46541.2
4764,77.5,22.78,54067.2,67142.4,40006,76.35,68.83,22937.6,241012.6,440605.2,74.35,16.42,0,114744.8,30432.2,77.93,33.29,56524.8,125897.8,50105.2
4765,75.35,22.69,114688,66364.6,39035.8,74,68.83,13107.2,230255.8,415683.6,73.8,16.47,0,104583.4,27549.2,77.45,33.3,32768,122671.6,49377.4
4766,75.53,22.76,73728,60893.8,37952.6,72,68.87,11468.8,230691.4,442452.4,73.42,16.47,946995.2,1312.8,27953,77.67,33.45,13107.2,133111.2,50129.6
4767,77.53,22.63,109772.8,30952.8,40365,72.13,68.98,15876915.2,223604.2,417036.6,78.32,16.38,3207987.2,209502.2,28968.8,77.95,33.3,10649.6,114877.6,47526
4768,75.33,22.75,75366.4,30028,36111,72.43,69.05,37683.2,240476.6,438464.6,73.27,16.4,114688,1405.2,28987.2,77.73,33.31,5734.4,115659.6,50213.4
4769,78.13,22.83,68812.8,33783.2,41055.6,71.07,68.89,107315.2,243628,618045.4,73.57,16.4,29491.2,66288.6,27934.4,78.27,33.37,3276.8,115256.2,48177
4770,75.67,22.75,37683.2,32731.2,39038.6,75.78,68.93,31129.6,235374.4,439276.2,73.45,16.42,3276.8,50617.8,29641.4,77.72,33.31,0,114437.2,49727.4
4771,75.93,22.73,6553.6,33657.4,39223,74.37,68.96,49971.2,227865.6,418327.4,78.3,16.4,9830.4,206376.4,29663,78.62,33.34,66355.2,111037.8,49606.8
4772,75.62,22.78,22937.6,33013.8,39001.2,71.47,68.98,14745.6,213722.6,440838.6,73.92,16.42,14745.6,1307.6,28683.4,77.72,33.51,40140.8,102200.2,49864.6
4773,77.82,22.77,52428.8,32496,39919,72.03,69.03,692224,219134,415688.4,74.48,16.47,67174.4,173153.8,28319.2,77.55,33.33,1638.4,136206.2,48096.8
4774,83.47,22.72,0,30240,37061.2,72.32,69.19,18841.6,223212.8,439156.8,74.2,16.49,27852.8,171657.6,32564,77.9,33.41,4915.2,140597.6,51123
4775,74.9,22.66,119603.2,29464.4,39252.6,70.98,69.24,160563.2,217082.4,420046.6,73.52,16.51,78643.2,67921.8,28070.8,78.75,33.38,20480,142468.2,48459.6
4776,75.68,22.69,72089.6,30609.2,39062.2,75.65,69.27,9011.2,215250.4,438091.6,73.9,16.55,4915.2,88053.6,29904.2,77.72,33.3,7372.8,139973.4,50287.6
4777,75.25,22.69,14745.6,29524.2,38697.8,74.68,69.29,54067.2,212339.8,416321.4,74.03,16.59,80281.6,97375.2,30878.2,77.55,33.31,58163.2,142654.2,49549.4
4778,78.35,22.99,27852.8,31491.2,37823.6,71.25,69.31,2215116.8,224156.4,439886.2,73.52,16.63,16384,6451.4,30546.4,78,33.52,4096,140561.4,50496.2
4779,78.47,22.96,54067.2,30997.6,41411.8,71.28,69.27,863436.8,221375.6,419233.2,77.37,16.45,67174.4,56226.2,28980.8,78.18,33.48,17203.2,131737.4,48917
4780,74.98,22.85,4915.2,32180.6,36305.2,72.75,68.87,57344,220196,449581.2,74.05,16.46,91750.4,83141.8,28259.8,77.85,33.33,819.2,133951.4,50417.8
4781,75.73,22.79,109772.8,32818.6,40241.6,70.88,68.85,151552,220961.6,616930.4,73.73,16.48,0,49198.2,30203,77.73,33.3,14745.6,139616.8,48735
4782,76.88,22.75,31129.6,31885.4,38336.4,75.85,68.94,6553.6,216565.8,440729.8,73.75,16.52,67174.4,98271,27550.8,77.72,33.3,4915.2,139918.6,50569.8
4783,79.35,22.82,119603.2,32502.6,42976.2,74.32,68.9,55705.6,222510.6,418549.2,73.42,16.56,18022.4,1902.6,29568.8,78.15,33.22,56524.8,130217,49876.2
4784,75.08,22.78,0,33782.4,37072.6,72.5,68.83,617676.8,227043.8,443551,74.65,16.75,32768,133723,29099.6,77.98,33.2,2457.6,134749.4,50445.4
4785,75.38,22.85,42598.4,29738.4,39641.8,72.02,68.66,16384,216277.6,418111.6,74.05,16.64,14745.6,8040.6,32058.4,77.63,33.36,5734.4,145028.8,48784
4786,77.63,22.86,0,32926.8,37471.4,71.23,68.67,67993.6,216481.2,440668.8,74.15,16.68,19660.8,102908.8,28837.2,78.03,33.27,3276.8,139743.4,53357.6
4787,75.27,22.84,6553.6,29673.4,39776.8,70.87,68.74,182681.6,211655.8,418935,77.62,16.53,135987.2,46652.8,30325.8,77.58,33.25,9830.4,124867.4,51188.6
4788,76.7,22.8,96665.6,30780.4,36989.4,76.25,68.72,7372.8,222871.4,439855.2,73.92,16.53,0,60592,27729.2,77.82,33.27,63897.6,140457.4,48944.8
4789,76.77,22.87,65536,31052.2,40860.8,73.83,68.97,443187.2,220761.8,417953.8,73.6,16.56,13107.2,29207.6,29675.8,77.7,33.29,27852.8,141739.2,50948.2
4790,74.78,22.8,0,32234.6,38297.6,72.55,69.25,36864,223107.2,443663.8,73.83,16.59,109772.8,103816.2,28446.8,77.92,33.42,4096,135767.8,48070.4
4791,76.27,22.88,27852.8,32791.4,39966.6,71.42,69.3,5734.4,213355.6,417882.8,74.07,16.6,75366.4,51660,29039.6,78.18,33.31,9011.2,129103.2,50596.8
4792,77.18,22.92,85196.8,31951.8,37496,70.92,69.38,231014.4,229731.2,620737.8,73.97,16.77,39321.6,93738.4,28161.6,77.68,33.27,32768,125502.6,50142.2
4793,75.75,22.84,119603.2,31488.6,40367.8,76.05,69.45,93388.8,224351.6,438627.6,74.05,16.64,29491.2,65897.2,30585,77.7,33.27,819.2,138526.8,51380
4794,82.57,22.77,80281.6,33577,36611,73.7,69.45,676659.2,157591,415038.8,75.93,16.9,4915.2,12177.6,27261.6,77.77,33.29,18022.4,141626.8,47961.4
4795,76.55,22.66,77004.8,29610.8,39832.6,71.45,69.45,36864,275117.6,440885.2,75.02,16.63,113049.6,1392.6,28521.8,78.6,33.32,34406.4,139515.2,51903.8
4796,74.8,22.74,6553.6,32708.2,36828,71.35,69.43,4915.2,212367,415814.8,73.6,16.59,58982.4,6068.6,28032.4,77.8,33.28,54886.4,136250.8,48585
4797,76.33,22.74,168924.12,31343.54,38121.32,72.6,69.58,16384,223476,439313.8,74.72,16.57,80281.6,1702.4,29097.4,77.32,33.4,6553.6,133877.8,49509
4798,77.5,22.66,80281.6,30509.2,39072.8,70.8,69.6,30310.4,220708,417843.2,73.38,16.58,109772.8,1362.8,26329,77.8,33.35,5734.4,131137.4,49258
4799,74.92,22.74,39321.6,33412.8,37724,75.77,69.62,140902.4,219821.4,455771.8,73.43,16.59,16384,3038,28909.6,78.65,33.35,7372.8,123521,51074.8
4800,75.38,22.66,24576,32401.6,39871,74.27,69.61,628326.4,212917.4,416287.2,73.08,16.71,0,1379.6,26047.8,77.62,33.35,16384,141094.2,50152.4
4801,78.05,22.82,83558.4,32227.6,37769.4,71.22,69.65,13926.4,215804.6,440396.8,73.32,16.63,4915.2,1442.4,28632.8,77.6,33.3,6553.6,134555.8,50944.2
4802,75.2,22.71,85196.8,31899.4,40173,71.47,69.59,26214.4,222327.4,419552.8,72.88,16.59,16384,1424.6,27245,77.28,33.28,38502.4,114269.4,49244.2
4803,75.72,22.86,68812.8,35656.4,40359.2,71.2,69.64,15564.8,223432.2,440546.4,73.63,16.58,68812.8,1874.6,28703.4,79.45,33.47,18841.6,140775.6,50378.2
4804,78.23,22.83,114688,31371.8,40079,72.77,69.64,12288,223083,632667.2,72.9,16.6,34406.4,1422.2,26512.6,77.63,33.29,3276.8,145152.8,49819.6
4805,77.47,22.85,26214.4,33560,38001.8,75.93,69.66,172032,214260.2,438879.2,73.37,16.6,29491.2,2709,28998.8,77.25,33.3,1638.4,136431,50597.4
4806,76.4,22.76,98304,30562.4,41570.2,74.45,69.57,743014.4,211117.4,416395.4,73,16.6,80281.6,1248.2,25110.4,77.58,33.31,4915.2,131942,49145.2
4807,77.9,22.82,88473.6,30999.6,37823.4,72.07,69.09,32768,226662,443666.6,73.28,16.59,16384,1982.2,29196.8,78.55,33.29,9830.4,124809.6,52269.2
4808,75.32,22.73,77004.8,30291.4,39107.6,71.45,68.97,14745.6,219430.6,416654.8,73.18,16.6,1638.4,1268,26061.8,77.42,33.29,40960,110126.8,47797.4
4809,75.97,22.91,36044.8,31958.4,37726.8,71.27,68.96,58163.2,219391.6,440204,76.77,16.57,80281.6,1427.4,28816.8,77.98,33.46,23756.8,140438.8,50923.4
4810,77.52,22.87,98304,32331.6,39181.6,70.73,69.03,20480,213185.6,417822.8,73.93,16.56,37683.2,2166.4,27491.4,77.8,33.31,8192,138091.8,49909.6
4811,75.05,22.86,4915.2,32756.8,38110.6,76.35,68.99,53248,214767.2,441784.8,73.52,16.56,16384,1689,29108.8,77.67,33.33,9011.2,135939.4,51375
4812,75.57,22.8,47513.6,31712.6,40240,74.6,68.97,758579.2,222512.8,418369,73.23,16.55,0,1321.8,25248.8,78.38,33.3,819.2,135023,48549
4813,79.6,22.96,36044.8,33092.4,37791.2,71.43,69,46694.4,224191.8,441517.6,73.28,16.54,4915.2,1442.4,28534.2,77.83,33.4,18841.6,115580.4,52144.8
4814,77.27,22.7,4915.2,29966.6,39150.2,71.97,68.87,61440,216392.2,416018,73.03,16.55,62259.2,1240,26155,77.27,33.28,54067.2,130120.8,47009.8
4815,75.85,22.79,27852.8,37254.8,39255.8,71.37,68.9,84377.6,220252.2,472465.4,73.23,16.66,37683.2,1462.6,26213.8,77.57,33.27,15564.8,139253.4,51024.8
4816,75.2,22.66,90112,30446.8,40457.2,70.97,68.88,401408,217488.4,617188,73.4,16.68,39321.6,2123.2,29152.2,78.8,33.37,0,141195.6,48787.8
4817,77.73,22.77,18022.4,30914.6,36223,76.28,68.84,17203.2,222483,439591,73.08,16.67,0,5210.4,26652.4,77.47,33.27,4096,136134.6,51567.4
4818,78.58,22.75,18022.4,31555.4,41014.6,74.38,68.74,14745.6,219526.8,429803.8,73.92,17.14,19660.8,9616,31333.6,77.78,33.28,11468.8,122273.8,49503.6
4819,75.13,22.8,44236.8,32237,37905.4,72.42,68.72,230195.2,221415.6,442810.8,71,17.12,67174.4,6892.8,29662.4,77.15,33.3,10649.6,137084.4,52817
4820,75.48,23.02,0,33328.2,40180.2,71.95,68.68,18841.6,210593.2,414037.8,87.88,17.38,268697.6,538481.2,37053.4,78.37,33.3,13926.4,133471,49248.2
4821,77.87,22.92,47513.6,32652.6,37834.6,71.22,68.71,48332.8,213311.6,437527.2,88.48,17.02,81920,334073.2,31293.6,77.62,33.3,70451.2,130155.4,50846.6
4822,75.42,22.87,4915.2,31645.2,39568.6,71.52,68.72,42598.4,222702.2,420170,74.93,16.52,104857.6,108782,31079.6,77.68,33.4,6553.6,136919.6,49624.2
4823,78.1,22.88,224460.8,33335.2,37817.8,75.77,68.74,609484.8,223374.2,440148.6,74.6,16.41,34406.4,281345.2,28867.6,77.85,33.31,8192,140134,52124
4824,75.73,22.84,67174.4,30028.8,40074.4,74.32,68.8,8192,216655.6,417398.6,74.95,16.42,129433.6,213511.2,31783.8,78.68,33.28,2457.6,143547,50176.6
4825,80.88,22.87,27852.8,8926.2,37193.4,71.28,68.79,157286.4,217293.4,441689.6,75.98,16.61,121241.6,280770.4,30043.8,77.92,33.28,17203.2,140712.6,51659.4
4826,77.75,22.84,16384,83964,40524.8,70.8,68.91,307200,209905.2,414925.4,73.92,16.47,0,6284.4,30437.4,78.11,33.31,8170.76,129427.89,49821.26
4827,78.73,22.91,40960,63612.4,38327.8,73.53,68.92,76185.6,224426.8,439734.6,74.95,16.47,367001.6,190052.2,31473.4,78.53,33.4,50101.46,129515.14,49653.1
4828,74.87,22.86,9830.4,64503.4,40276,71.02,68.95,13107.2,230354.2,620011,74.52,16.5,40960,190725.4,30502.6,78.27,33.31,2457.6,139491,50321.8
4829,76.17,22.95,106496,68489,37214.6,75.78,68.97,643891.2,219650,439580.6,73.85,16.53,14745.6,97293,28076.8,77.7,33.34,0,140399.2,48701.6
4830,79.18,22.85,0,71860.4,41052.6,74.42,69.02,13107.2,211165,414370.6,74.73,16.57,211353.6,245780.8,31207.2,78.22,33.35,16384,141413.2,51262.4
4831,81.92,22.94,99942.4,75120,38845.4,70.38,68.98,140083.2,237149.8,416928.6,73.95,16.55,62259.2,1599.6,27029.8,77.73,33.3,47513.6,138590.4,48449.2
4832,77.78,22.86,114688,75757.8,39362.4,71.95,69.09,44236.8,240887.6,442090.4,75.15,16.61,101580.8,255960.4,30442.2,77.87,33.3,16384,137331,52260.2
4833,76.37,22.98,24576,74887.6,40420.2,72.22,69.1,63897.6,231824,419421.4,74.28,16.63,116326.4,164655.6,28375.2,77.85,33.29,36044.8,137650.8,49280.6
4834,75.67,22.88,114688,65291.4,40102,75.75,69.12,604569.6,229804.6,439007.2,75.65,16.7,0,302622,31213.4,78.18,33.48,20480,129680.8,49967
4835,77.06,22.88,6545.75,64726.93,39260.09,74.6,69.2,45056,222760.2,416245.4,72.92,16.71,67174.4,1555.4,26486.4,78.08,33.28,4096,116038.6,48732.2
4836,75.83,23.03,134348.8,63230.4,38266.2,71.25,69.25,49152,243086.2,441790.2,75.12,16.8,16384,443360.6,34038.4,78.15,33.32,17203.2,124541.2,50172
4837,77.4,22.95,135987.2,29600.8,38693,71.25,68.96,300646.4,235883.2,415768,73.85,16.77,0,228606.2,29229.8,77.8,33.37,819.2,145422.4,48620.6
4838,75.7,23.02,36044.8,32250.8,37356.2,71.33,68.98,154828.8,235015.6,439842.4,74.12,16.84,98304,146960,29657.4,78.47,33.35,7372.8,140548.2,50149.2
4839,75.23,22.97,147456,31983.2,39590.2,70.98,69.04,13926.4,233674.6,616615.8,74.07,16.87,54067.2,144378.4,28161.4,77.85,33.28,15564.8,140200,50378.8
4840,77.67,23.03,88473.6,33148.6,37521,76.43,69.2,383385.6,226770.4,438733.6,73.48,16.88,99942.4,1679,29136,77.9,33.49,53248,136976.8,51535.6
4841,76.72,22.97,4915.2,31962.8,40778.8,74.3,68.67,74547.2,239036.4,419314.2,73.77,16.93,47513.6,246914.2,29254.8,77.8,33.38,14745.6,20507.2,47022
4842,83.5,23,91750.4,33435.6,38486,72.63,68.82,20480,225305.8,440848.4,79.25,16.07,4915.2,126052.6,29315.4,77.42,33.32,19660.8,120339.6,52031.4
4843,75.25,22.9,60620.8,30070,39850.2,70.73,68.87,409600,215855.8,416679.6,74.13,16.12,152371.2,148293.6,29459,78.8,33.35,17203.2,142718.8,50524.6
4844,75.95,22.99,157286.4,31644.2,38522.4,71.18,68.86,49152,215496.8,438552,73.83,16.14,21299.2,7659.2,32051.2,77.98,33.36,7372.8,141662,50575.2
4845,77.72,22.91,11468.8,30110.4,39823,70.83,69,13926.4,210826.8,419119.6,73.95,16.17,111411.2,143769.8,29153.8,77.25,33.31,11468.8,140589,48763.2
4846,75.12,22.95,67174.4,31143,37836.4,76.42,69.13,353894.4,224732.8,439207,77.53,16.15,67174.4,1630.2,29368.8,78.4,33.29,58982.4,135447.4,50210
4847,77.65,22.95,83558.4,30275,40700,74.4,69.16,7372.8,221545.8,419232.2,74.27,16.14,42598.4,86510.8,30181.4,77.35,33.46,16384,135691.8,47134.2
4848,76.08,23,78643.2,32388,37217,71.55,69.19,37683.2,220201.6,440486.8,74.1,16.15,98304,66930.8,29925,78.15,33.32,23756.8,121904.8,50040.2
4849,75.2,22.96,86835.2,31849.8,39103.8,71.02,68.98,457113.6,212619,416534.6,73.43,16.16,52428.8,73281.2,29066.4,79.07,33.34,25395.2,112131.2,48682.4
4850,77.88,23.05,111411.2,9183.2,37361.6,71.32,68.99,43417.6,215079.6,448939,74.25,16.23,90112,126552.4,29658.2,77.63,33.31,9830.4,144145.2,49442
4851,78.12,23.15,13107.2,56142.2,40014.4,71.6,68.99,116326.4,228054,618084.6,74.3,16.44,131072,115702.4,28021.8,77.42,33.32,41779.2,138002,48428.6
4852,75.07,22.87,26214.4,34723.6,38607,76.28,69.18,319488,221807.2,436834.6,77.7,16.23,113049.6,1832.4,30446,78.13,33.3,819.2,141541,52494.2
4853,77.05,22.97,18022.4,30108,40752.2,74.03,69.21,56524.8,215893.6,417374.2,73.42,16.19,114688,84938.2,27858.2,77.88,33.41,9011.2,136137.8,51744.2
4854,75.78,23.03,116326.4,31691.2,38396,72.53,68.88,7372.8,216786.8,441280.2,74.7,16.27,4915.2,114014.8,29271.8,77.52,33.31,61440,138866,52370.2
4855,77.92,23.03,13107.2,30191.6,39625.2,70.77,68.98,15564.8,210245.8,417517.8,74.82,16.29,81920,70919.4,30438.2,78.55,33.31,31948.8,134800.8,49210.4
4856,78.18,22.88,88473.6,30739.8,36305.4,72.12,68.91,17203.2,226431,440862.2,77,16.26,113049.6,1405.6,25841.4,77.8,33.33,15564.8,138714.4,51540.8
4857,76.22,23.02,0,30655,40873.6,71.03,69.02,86835.2,218822.2,418363,74.35,16.21,4915.2,141538,31421.2,78.72,33.38,10649.6,141044.8,48438
4858,76.12,22.92,0,31825.4,36945,76.05,69.03,604569.6,160987,435846.8,74.38,16.39,62259.2,122053,30250.2,78.17,33.39,19660.8,144784.6,51537.4
4859,78.08,23.05,0,33748,39950.4,74.78,69.11,29491.2,274658.2,438184.2,73.67,16.29,16384,1532.4,28856.8,77.57,33.46,3276.8,136874.6,48298
4860,75.93,23.06,99942.4,33711.6,38598.4,71.67,69.13,161382.4,214857.2,441173.6,74.27,16.32,29491.2,196359.8,28772,77.48,33.36,13926.4,120816.8,50426.4
4861,76.83,23.07,31129.6,31967.8,39817.2,70.87,69.21,34406.4,221209,418160.2,73.98,16.33,26214.4,7389.8,31926,78.3,33.32,18022.4,137807.6,50478.2
4862,77.1,22.93,34406.4,32552,36839.4,71.92,69.15,17203.2,223444.8,439907.4,77.83,16.29,131072,153384.6,30990.6,77.8,33.34,52428.8,142625.2,50481.6
4863,76.08,23.08,135987.2,30392,40552.2,72.15,69.32,81100.8,225105.2,619409.8,73.78,16.27,14745.6,1842.8,29856.8,77.38,33.33,9007.6,141338.86,49750.1
4864,75.02,22.97,42598.4,31781.6,37296.2,76.37,69.27,45875.2,215812,437657.8,73.38,16.29,0,131909.2,27905.4,78.07,33.29,8192,144764.6,49879.8
4865,84.5,23.06,4915.2,30602.4,40430.2,74.77,68.84,805273.6,212265.6,435833.6,74.3,16.37,4915.2,76031,30187.8,77.67,33.42,10649.6,128686,50131.8
4866,75.08,22.91,0,31520.8,39471.4,70.92,68.81,12288,225149.2,441938.8,72.9,16.4,1638.4,20505.8,27445.4,77.53,33.37,16384,110634.8,50712
4867,75.63,23.03,4915.2,32330,41813.4,70.85,68.86,50790.4,219149,416382.4,78.9,16.34,114688,179816.2,30588.6,78.42,33.4,7372.8,137550,48983.6
4868,75.42,22.88,16384,31384.8,36072.8,72.18,68.75,30310.4,220282.8,438589,73.67,16.34,150732.8,96628.4,27889,79,33.38,30310.4,136135.2,49283.2
4869,76.08,23.04,16384,32949.2,40855.2,70.85,68.99,27852.8,213355,437399.4,74.1,16.36,13107.2,65269.8,31271.6,77.62,33.4,25395.2,117817.2,51763
4870,77.48,22.99,106496,33281.8,36694.2,73.93,68.58,666828.8,221194.2,418316.8,73.78,16.36,34406.4,68086.4,27924.4,77.78,33.35,28672,134491.8,48669.2
4871,75.3,23.09,29491.2,31857,40105.6,71.07,68.59,26214.4,225073,442269.8,73.5,16.43,132710.4,64690.6,30688,77.98,33.48,4096,144278,51685
4872,77.72,22.97,50790.4,32720.4,38392.8,71.6,68.72,144179.2,215840.4,416128.4,77.82,16.34,68812.8,255576.4,29971.2,78.53,33.41,26214.4,141869.4,50627.6
4873,75.63,23.11,18022.4,30373,40076.4,71.85,68.65,31948.8,216552.6,440727,73.35,16.38,18022.4,1598,29006.4,78.12,33.41,16384,143191,51362.2
4874,75.2,22.99,3276.8,29344.8,36439.8,70.85,68.69,412876.8,218681.2,634788.8,73.73,16.36,90112,74928.2,28071.2,77.48,33.35,0,143668,48608.4
4875,76.88,22.98,99942.4,29431.2,36561.2,76.88,68.67,109772.8,223629,438583.6,74.25,16.46,27852.8,73393,30339.6,78.63,33.33,0,137930.4,51351.2
4876,76.62,23.14,4915.2,31434.8,40341,73.98,68.52,71270.4,221214.2,418533.6,73.72,16.63,0,6616.8,26413.4,77.7,33.31,53248,137264.6,49224.8
4877,75.2,23.13,24576,31319,37988,71,68.53,315392,222533.4,456543.6,73.55,16.49,6553.6,1538.8,28571.8,78.07,33.45,11468.8,132110.2,49975.2
4878,78.17,23.23,4915.2,33247.6,40091.6,70.8,68.57,29491.2,211345.8,416194.8,73.35,16.46,0,6899.6,29145.6,77.45,33.36,13926.4,118432.2,48904.4
4879,74.78,23.16,103219.2,32327.4,37106,72.62,68.45,45875.2,213886.2,439667.6,74.02,16.47,152371.2,6906.4,30578.2,78.02,33.31,22118.4,126042.6,49319.2
4880,76.4,23.21,68812.8,32319.6,40514.4,71.1,68.52,16384,222084.6,421020,72.83,16.48,49152,1229.8,26075.2,77.63,33.31,8192,140734.6,47556.6
4881,77.07,23.18,6553.6,31567.4,37225.8,78.58,68.57,2856550.4,227958.6,445232,73.8,16.48,86835.2,1702.8,29378.6,77.73,33.31,8192,144003,52438
4882,76.28,23.19,0,33828.8,39961.8,74.93,68.62,280985.6,216607.6,416672.8,73.2,16.44,78643.2,1377.6,26376.6,77.48,33.35,33587.2,142429,52470.8
4883,77.25,23.19,16384,29732,38168,71.05,68.62,603750.4,216421,441427.8,78.03,16.34,142540.8,1606,27919.2,78.85,33.33,2457.6,143118.2,52360.4
4884,76.48,23.16,0,33104.6,39833.4,70.83,68.63,434995.2,209388.6,415129,73.18,16.35,49152,1314,26783.2,77.6,33.45,27033.6,134033.8,52369.4
4885,77.08,23.18,96665.6,29401.8,36231.8,72.55,68.67,77824,224801.4,449565.4,73.7,16.33,88473.6,1493.6,28078.4,78.1,33.39,39321.6,144124.6,51101.4
4886,77.57,23.23,127795.2,31948.4,42821.6,70.97,68.71,9011.2,228784.4,620506.6,72.55,16.34,32768,2241.2,28052.2,78.08,33.41,0,148798,51441.2
4887,74.92,23.16,40960,30267.4,36937.2,75.83,68.74,552140.8,220972,440579.6,74.53,16.34,16384,1776.6,29365.4,78.35,33.37,16384,141186.6,51509
4888,76.67,23.27,0,32293,40278.8,74.52,68.75,48332.8,212298.8,415829.6,72.95,16.34,18022.4,1201.8,25343.6,78.15,33.33,11468.8,140113.8,48342.2
4889,77.35,23.16,8192,32299.8,37261.6,72.48,68.79,733184,215924.4,442871.4,73.47,16.35,99942.4,1478.8,27989,77.7,33.31,28672,141213,51943.8
4890,82.17,23.16,9830.4,32213.4,40174.6,71.47,68.85,27852.8,222062.4,417713.6,73.3,16.36,108134.4,1383.8,25999,78.73,33.51,1638.4,141409.8,49457.2
4891,77.93,23.09,119603.2,31803.6,36547.6,72.25,68.92,122880,222428.2,437236.4,73.85,16.37,32768,1559.6,28975,77.75,33.42,35225.6,141945.2,53042.8
4892,76.48,23.17,60620.8,34911.6,42425.4,70.93,68.97,25395.2,217653.8,421303.6,73.43,16.33,3276.8,6206.6,28345.6,77.78,33.35,819.2,130534,48999
4893,75,23.12,31129.6,29516.6,37185,76.25,69.08,5734.4,217003.4,440677,73.92,16.38,0,2303,27212.6,77.47,33.35,8192,137839.6,50644.2
4894,78,23.18,0,32834.2,39801.2,73.8,69.1,21299.2,213245,417597.4,73.3,16.39,14745.6,1571.4,28467.8,78.27,33.33,9011.2,143427,50173.6
4895,75.47,23.14,18022.4,29786.4,37966,71.2,69.1,605388.8,225140.4,441998.2,73.4,16.38,137625.6,1879.8,27660.4,77.22,33.33,20480,138697.2,50422.2
4896,78.6,23.27,24576,66113.8,42029.4,71.53,69.16,75366.4,220417.8,416413.2,77.47,16.3,26214.4,1472.8,28441.6,77.6,33.4,11468.8,117623.4,47344
4897,75.48,23.19,117964.8,64402.2,36398.2,72.5,68.76,359628.8,219367.2,437184.6,73.08,16.28,147456,1246.6,26016,77.62,33.52,26214.4,128650.8,51017.4
4898,76.58,23.27,75366.4,70069.4,41743.2,71.2,68.8,1708851.2,224954.8,619299.6,73.47,16.3,49152,1756,29327.8,78.87,33.43,819.2,143239.4,49323.8
4899,77.48,23.18,40960,71783.8,37720.2,75.63,68.79,24576,215373,439939.8,74.85,16.48,131072,1290.6,25951,77.33,33.36,36044.8,140930.6,51058.2
4900,79.52,23.3,0,75430.2,41031.2,74.5,68.78,8192,219403.8,416942.4,72.53,16.83,111411.2,14319.6,33293.2,77.93,33.36,5734.4,137365.6,50034
4901,82.15,23.14,83558.4,77391.6,38921.4,71.18,68.79,13107.2,243611,445899.8,75.65,16.46,244121.6,504711,36475.6,78.32,33.37,8192,121159.8,51088.2
4902,76.18,23.23,16384,70988.2,39949.2,71.32,68.71,44236.8,234017.2,417348,89.63,16.99,191692.8,215990,34476.6,77.65,33.32,8192,126369.8,49244
4903,77.62,23.25,44236.8,65431.4,36223.4,71.53,68.8,75366.4,234859.8,440436.4,82.55,16.26,121241.6,235821,28624,77.52,33.38,13107.2,143107.8,50197.2
4904,76.72,23.26,134348.8,64183.4,41594,71.62,68.97,741376,229839.6,420051.6,75.02,16.17,0,78693.8,30967.4,78.38,33.35,36864,138537.2,50122
4905,77.03,23.22,122880,60842.4,37479.2,76.25,69.11,24576,238908.4,440707.6,74.13,16.14,44236.8,169286.6,27570.4,77.72,33.4,30310.4,131747,51631.6
4906,77.23,23.28,9830.4,64044.4,40433.2,74.57,69.16,27033.6,234329,416717.6,75.88,16.18,67174.4,457886.2,32648.8,77.87,33.46,18841.6,130011,50880.8
4907,75.95,23.26,88473.6,64858.8,38405.8,71.13,69.18,41779.2,237146,442573,74.3,16.36,37683.2,127688,27578.4,77.63,33.42,10649.6,140539.2,49938.8
4908,75.87,23.27,70451.2,32269.8,40460.2,71.42,69.2,95846.4,228673.6,414630.2,74.58,16.43,142540.8,246889.6,31173.8,78.58,33.5,22937.6,142401,52202.6
4909,77.15,23.25,4915.2,32078.2,36561.4,70.88,69.24,843776,245493.2,621917.2,74.45,16.3,150732.8,1234.8,25869.4,77.78,33.4,31129.6,138048.8,48721
4910,76.18,23.26,129433.6,32653.8,40951.8,76.43,69.37,38502.4,238554.8,441185.4,74.3,16.36,298188.8,233443.4,31824.6,77.62,33.37,23756.8,132678.6,52318.8
4911,77.33,23.2,18022.4,31951.6,38006.2,74.58,69.35,9011.2,232118.6,416318.6,74.05,16.39,24576,201159.6,27769.8,77.3,33.37,27033.6,124042.8,50715.2
4912,76.38,23.26,27852.8,33484,41295.8,71.67,69.24,5734.4,218419.2,444651.8,73.73,16.43,18022.4,166121,31128.4,78.75,33.4,67174.4,106348,50643.4
4913,75.95,23.26,0,30403.2,37404,71.5,69.32,65536,208596.4,414495,74.55,16.49,99942.4,134610.6,28052.2,77.28,33.36,21299.2,142767.8,50360
4914,76,23.22,16384,30189.8,36715.4,71.15,69.34,18022.4,224285.6,439940,76.23,16.55,62259.2,263218.6,35451.6,77.42,33.34,34406.4,142385.8,52462
4915,78.48,23.13,186777.6,32025.4,41262.4,71.28,69.36,672563.2,221864,420939.4,73.75,16.52,9830.4,74642.4,27005,77.8,33.54,0,142665.8,49813.2
4916,75.12,23.2,34406.4,30749.6,37435,76.13,69.42,231014.4,220252.2,438751.8,73.93,16.58,63897.6,162343,30708.8,78.28,33.35,24576,143648.2,50795.4
4917,74.97,23.11,91750.4,31831.4,38707.8,74.42,69.39,22937.6,212730.8,415697.6,75.52,16.76,98304,359579.2,28616,77.7,33.36,5734.4,146870.6,50070.2
4918,78.53,23.23,83558.4,34091.2,39749,71.93,68.99,36864,215996.2,460031.6,73.52,16.66,86835.2,1456.2,28604.6,77.25,33.37,2457.6,141549.6,52766.8
4919,75.78,23.14,96665.6,32251.2,38191.4,70.82,69.05,10649.6,221379.2,417301,74.23,16.66,63897.6,150944.8,30010,77.8,33.38,22118.4,135732.2,49506.8
4920,77.75,23.26,77004.8,31942,37583.8,71.2,69.06,18022.4,224781.4,450740.6,74.83,16.72,57344,194507.6,31337.4,78.75,33.47,49152,138719.4,53955
4921,76.22,23.22,96665.6,33131,40229.8,72.13,69.1,625049.6,221319.2,615288.8,74.2,16.73,39321.6,144818.6,27817,77.41,33.51,2456.13,140995,48575.45
4922,77.23,23.27,106496,30295.8,37883.4,76.23,69.16,267059.2,214994.4,437756,74.33,16.76,76866.44,150205.83,30942.5,78.02,33.43,31967.98,132815.69,50463.08
4923,76.12,23.19,77004.8,31707.4,38990.6,75.03,69.12,43417.6,210405,413618.2,73.94,16.84,68936.89,114564.42,26786.62,78.28,33.41,2457.6,123561.2,50604.2
4924,78.92,23.31,4915.2,32045.2,39693.6,72.65,69.01,100761.6,227815.4,461629.2,76.58,16.84,70451.2,66114.2,30497.8,78,33.42,9011.2,142901.8,52002
4925,75.42,23.2,4915.2,32874.6,40388.4,70.77,68.98,9011.2,219554.2,417783.6,75.52,16.01,99942.4,117471.4,30887.4,77.58,33.42,3276.8,144055,49210.8
4926,75.7,23.27,99942.4,9675.4,36758,71.07,68.96,30310.4,220974.4,440048.8,74.18,16,16384,98264.2,30693.2,77.92,33.39,21299.2,142862.4,52302.4
4927,78.57,23.31,139264,53969.4,41182.2,71.38,68.98,652902.4,213464.2,419227.4,73.45,16.03,121241.6,59178.2,27311.8,78.38,33.49,24576,139179.8,48403.4
4928,75.55,23.29,16384,32573.6,38368.6,76.22,68.95,6553.6,215404.8,440644.6,74.05,16.08,49152,111267.8,31930,77.7,33.49,0,124838.6,51243.8
4929,77.27,23.16,6553.6,32530,39029,74.42,68.89,33587.2,219998.8,416651,73.85,16.13,55705.6,6530.6,28799.8,77.92,33.39,25395.2,125504,50051.4
4930,76.27,23.32,16384,32003.4,39059.4,72.57,68.87,207257.6,225596.8,443475.2,77.87,16.08,81920,88393.8,30564.6,77.88,33.41,31129.6,140043.2,50897.8
4931,75.52,23.2,0,32740,39358.4,70.98,68.88,45056,217000.2,417126,74.17,16.1,50790.4,102296,27760.8,77.92,33.39,46694.4,142780.4,52087.6
4932,76.6,23.38,0,30375.8,36985.2,71.3,68.92,67174.4,218032.6,441156.6,73.92,16.12,65536,66842.6,27923.4,77.72,33.37,60620.8,141756.2,53786.4
4933,77.08,23.38,121241.6,31294.4,40539.2,71.03,68.94,593100.8,217770.8,615422,74.47,16.17,63897.6,193909.4,31292.4,77.88,33.43,939622.4,144065.8,52406.8
4934,75.92,23.34,68812.8,30495.2,38142.6,76.28,69.02,26214.4,224172.2,440844.2,73.2,16.2,47513.6,3024.6,27086.2,77.8,33.51,2666496,142780.8,53200
4935,78.27,23.32,103219.2,35981.4,39398,73.9,69.1,25395.2,219512.4,434292.4,74.13,16.21,67174.4,102339.4,30110.4,78.9,33.45,22937.6,146907.2,53042.4
4936,76.17,23.37,81920,30278.8,38400.4,71.78,69.19,4915.2,221855.2,442786,77.25,16.11,14745.6,49673.6,27370.2,77.33,33.41,13107.2,139388.8,52165.2
4937,75.53,23.33,4915.2,33053,40441.6,72.02,69.29,41779.2,211527.2,429859.4,73.95,16.11,131072,50404.2,31387.8,77.83,33.43,9011.2,132534.6,51854
4938,75.78,23.39,86835.2,32291.6,36735.2,70.97,69.26,210534.4,214847,438632.2,73.37,16.12,62259.2,73598.8,27521,78.28,33.43,0,130805,54421
4939,77.7,23.31,103219.2,32596.8,38731.8,71.35,69.3,596377.6,220820.8,417746.4,74,16.19,4915.2,71602.6,30748.8,77.22,33.37,11468.8,133691.6,50306.2
4940,85.17,23.33,21299.2,32323.4,39123.4,76.32,69.48,41779.2,223761.2,439956.6,74.4,16.23,168755.2,152991.8,29021.6,77.78,33.52,38502.4,143548.8,53361.4
4941,74.93,23.27,6553.6,32386.6,38694.2,73.85,69.5,11468.8,215548.6,414559.2,73.83,16.25,70451.2,28201.8,29443,78.07,33.45,22937.6,141507.8,52724.8
4942,75.5,23.32,18022.4,31061.2,38643.8,72.08,69.16,61440,218483.2,442590.2,73.77,16.26,29491.2,119970.4,29397.4,77.78,33.45,819.2,135606.4,52093.6
4943,78.4,23.3,22937.6,31163,39805.8,70.97,69.13,392396.8,210369.8,415802,77.72,16.15,18022.4,68458,32202,78.16,33.47,24546.54,111292.65,51628.65
4944,75.25,23.36,0,30373.4,36928.6,72.58,69.14,109772.8,224152.4,439073.4,73.6,16.16,14745.6,53537.6,28594,77.61,33.48,14763.32,122613.74,51121.15
4945,77.87,23.31,109772.8,30809.4,39735.4,71.2,69.07,14745.6,227236.2,617509.6,74.4,16.2,14745.6,112074,31562.8,77.8,33.41,4096,140252.8,50981.2
4946,75.97,23.39,111411.2,30741.6,38902.4,75.73,69.1,598016,221223.8,441413.4,73.7,16.26,0,62449.6,27463.2,78.6,33.55,39321.6,139553.8,49838.2
4947,78.53,23.34,88473.6,31841.2,39417.8,74.53,68.94,86835.2,213701.4,417320.2,74.07,16.26,96665.6,101732,29774.2,77.68,33.4,17203.2,128961.8,51206.8
4948,75.43,23.37,80281.6,32293.4,37957,70.5,68.87,56524.8,220720.4,418626,76.13,16.28,62259.2,101379.2,28158.8,77.37,33.39,31129.6,123935.6,49173
4949,78.12,23.35,0,33874,40521.4,71.17,68.89,95027.2,223418.4,439903.4,75.2,16.25,63897.6,62573.6,30545,77.92,33.44,57344,143540,53182.6
4950,75.88,23.42,81920,31957.8,37278.2,72.73,68.93,116326.4,218725,421724.8,73.48,16.26,4915.2,7155.4,26941.6,78.58,33.39,37683.2,140997.6,49921.4
4951,74.78,23.33,98304,32904,40779.8,75.9,69,663552,217413.6,440252,73.95,16.28,86835.2,155155.8,32011.2,77.9,33.32,819.2,140889.4,50858.6
4952,79.2,23.44,98304,30776.6,38052.4,74.27,68.86,61440,211496.4,416944.8,74.02,16.31,34406.4,67824.6,28866.6,77.5,33.58,3276.8,140259.6,48598.8
4953,76.97,23.39,83558.4,30263.8,37696.2,71.27,68.83,58163.2,224928.6,441838.4,73.55,16.29,14745.6,1476.4,28850.4,77.52,33.43,40140.8,144729.4,51545.8
4954,76.9,23.37,77004.8,30934.4,40573.6,71.4,68.89,22118.4,219763.4,417696.6,73.97,16.31,6553.6,161128.2,28199.4,78.52,33.39,9830.4,140832,50318
4955,75.52,23.42,60620.8,30313.6,37275.2,71.27,68.81,63078.4,221012.2,449797.2,78.15,16.25,0,96969.4,30905.2,77.67,33.43,6553.6,132910,50149.2
4956,76.22,23.37,139264,33616.2,41654.8,71.58,68.85,13107.2,220167.4,616576.6,73.02,16.26,4915.2,1473.2,26500,78.1,33.43,19660.8,125649.6,49092.6
4957,77.9,23.35,209715.2,32760.8,39233.2,75.72,68.92,629964.8,216628.6,442037.2,74.02,16.29,16384,80069.8,30221.4,77.3,33.42,13107.2,125826.8,51190.6
4958,76.08,23.36,101580.8,33100.6,39420,74.68,68.9,64716.8,220502.6,416246.6,74.47,16.36,85196.8,219031.8,29350.2,78.5,33.53,18841.6,146933.2,48600.8
4959,77.75,23.32,72089.6,32034.2,37199.2,72.58,69.05,32768,225178,443007.6,73.62,16.37,75366.4,6585.8,30742.2,77.55,33.41,10649.6,138167.6,52832.4
4960,76.13,23.37,58982.4,33082.6,40624.2,71.38,69.07,4915.2,216538.2,417837,78.07,16.38,18022.4,190038.4,29706.4,77.38,33.41,40960,146332.4,51820.6
4961,75.35,23.31,101580.8,29788.4,36493.8,71.18,69.08,23756.8,214629.4,437061.8,73.92,16.37,14745.6,55555.2,30226.8,78.22,33.45,1638.4,145831.6,52496.6
4962,77.92,23.38,85196.8,30793.8,39127.6,71.43,69.24,147456,209740.2,417205.6,73.9,16.51,0,120260.8,28682.2,77.43,33.4,6553.6,142138.2,50417.8
4963,75.7,23.27,50790.4,30468,38514.2,76.48,69.36,585728,223298.8,439115.2,74.73,16.44,37683.2,97802.8,30709.6,78,33.39,22118.4,127565.6,51393.8
4964,78.3,23.42,0,31046,39772.8,74.38,68.82,100761.6,221155.6,417749,74.37,16.48,219545.6,118702.8,28037.4,77.48,33.38,18022.4,139231.2,50290.6
4965,76.65,23.35,109772.8,30065.8,37168.6,71.08,68.73,73728,221727.8,441536,74.13,16.48,24576,101559,30062.8,78,33.56,819.2,145131,51735.6
4966,81.13,23.39,22937.6,66055.4,41384.4,70.83,68.79,29491.2,213475.4,418587.6,77.47,16.39,8192,23439.4,29458.8,77.97,33.42,43417.6,143863,49418.8
4967,77.67,23.29,95027.2,71310.8,36311.6,71.87,68.83,45875.2,214166,436982.8,73.83,16.42,170393.6,52752.6,29139.8,77.43,33.42,9830.4,136791.6,50799.2
4968,76.22,23.46,72089.6,75185.8,41910.2,71.55,68.88,123699.2,246512.2,620010.2,73.48,16.37,34406.4,27473.2,28201,77.83,33.41,49152,133532.4,50565.4
4969,79.13,23.31,103219.2,75242.6,38812.8,76.25,68.82,629964.8,222815.2,438350.6,73.9,16.39,93388.8,72523.8,30638.6,78.63,33.43,2457.6,140662.2,52243
4970,77.55,23.45,102972.07,77391.26,40911.61,74.03,68.95,13107.2,216611.6,416744.8,74.18,16.36,6553.6,140771.8,28406.2,77.17,33.39,18022.4,139809.2,51151.6
4971,77.83,23.38,98540.5,64908.78,37683.64,72.58,68.94,81920,236796.4,444681.6,74.17,16.41,78643.2,130200.4,27774.4,78.15,33.59,23756.8,135648,50848
4972,76.18,23.48,149094.4,66526.2,41292.6,70.85,68.87,124518.4,227451.2,418875.8,74.9,16.48,101580.8,131807.2,31483.2,77.62,33.44,47513.6,118982.6,50127.4
4973,78.82,23.38,108134.4,60299.8,36068.2,71.28,68.84,27852.8,237764.6,438665.4,76.73,16.37,11468.8,1324.2,26242.2,78.25,33.4,36044.8,126156.4,52999
4974,76.1,23.42,4915.2,61418.2,40987.6,71.38,68.9,172032,235780.4,422127.2,75.05,16.46,129330.14,74619.7,29898.48,78.37,33.42,13107.2,140076,51700.6
4975,76.1,23.35,29491.2,64791.2,37762.8,76.9,68.8,582451.2,235392.6,439047.2,73.55,16.57,4919.14,2316.45,27167.93,77.63,33.49,9830.4,136895,50284.8
4976,78.23,23.56,42598.4,64316.6,41064.4,74.58,68.87,942080,229338.6,416791.8,73.12,16.45,18022.4,1510.8,28318.6,78.37,33.46,17203.2,127951,50007.4
4977,80.38,23.46,0,70838.2,36731.6,71.82,68.98,2670592,233857.8,442339.2,73.63,16.41,29491.2,1487,26498.4,77.8,33.55,22937.6,143325,52994
4978,79.27,23.43,22937.6,34422.8,41049,70.88,69.01,18841.6,236840.8,435469.4,73.72,16.44,4915.2,2922.6,28448.8,77.83,33.46,0,145630.4,50256.6
4979,76.35,23.32,99942.4,31768.6,36579.8,71.25,69.03,25395.2,239168.4,440587.4,73.07,16.44,22937.6,1413.2,26476.8,78.6,33.41,44236.8,144683.4,51603.4
4980,76.02,23.41,36044.8,31530.6,40796.4,72.07,69.07,151552,240722.6,617946.8,73.5,16.44,96665.6,1620.2,29312.2,77.45,33.4,28672,146066.2,52808
4981,75.93,23.32,91750.4,33841.2,38406.2,77.03,69.24,585728,233724.4,440801.8,73.37,16.43,36044.8,1323.6,25609.4,77.73,33.41,9830.4,145546,50945.6
4982,78.62,23.35,134348.8,30026.6,40778.8,74.05,69.25,169574.4,231694.4,420723.8,73.4,16.45,99942.4,1633.8,28758.8,77.77,33.43,29491.2,145223.4,50910.2
4983,75.27,23.35,11468.8,32258.4,36437,71.05,69.25,141721.6,226957.6,443014,73.55,16.46,18022.4,2421.6,27011.6,77.82,33.53,9011.2,153177,50865.4
4984,79,23.44,88473.6,30998,40794.4,70.83,69.38,23756.8,218831.6,430134.2,73.45,16.47,63897.6,1562.4,28730.8,77.75,33.44,41779.2,136262.8,50509.6
4985,75.17,23.31,101580.8,30935.2,36352,71.97,69.43,439910.4,220581.4,441216.2,73.4,16.47,106496,1308,25907.4,77.83,33.43,2457.6,110942,49990
4986,75.7,23.46,70451.2,30805.6,40330.4,71.77,69.36,22937.6,213881.4,418588.4,73.03,16.47,0,1633.2,29447.8,78.13,33.44,8192,140403.8,50739.8
4987,77.67,23.45,34406.4,34059.2,39578,76.62,68.93,5725.24,215405.15,439919.73,73.7,16.49,96665.6,1344.4,25402.2,77.55,33.43,8192,143258.6,49637.6
4988,75.8,23.48,75366.4,32583.8,39661.2,70.98,68.92,206438.4,225492,442675.8,73.35,16.5,16384,6360,30617.2,78.02,33.45,9011.2,136970.2,51689.2
4989,78.03,23.48,147456,31866.4,37119.6,70.83,68.95,410419.2,217049.6,417046.2,73.07,16.51,98304,1422.6,27368,77.6,33.58,13107.2,129625.4,50247.4
4990,76.28,23.51,96665.6,31910.2,42310,71.37,68.97,66355.2,216939.6,450771.8,73.3,16.53,24576,1620.2,28282.8,79.1,33.49,9830.4,125675.2,50064.8
4991,75.52,23.46,65536,33359.2,36043.8,71.07,69,16384,217321.8,616027.4,76.78,16.42,26214.4,1541.6,26275,77.55,33.45,15564.8,145055.8,49801.2
4992,75.85,23.49,70352.71,29835.23,39977.63,77.75,68.94,360448,223806.8,440542.6,73.32,16.42,63897.6,1587.6,29501,77.75,33.45,34406.4,140486.6,51967.4
4993,77.07,23.56,95027.2,30152.4,41521.8,74.28,68.96,41779.2,219697.6,418115.4,73.1,16.45,57344,1386,26059.8,78.23,33.45,18841.6,132986.4,51256.2
4994,79.57,24.37,75366.4,37585,38797.4,71.85,68.9,9011.2,223160.2,461744.4,73.35,16.4,85196.8,2810.6,28431.2,77.75,33.43,17203.2,130099.6,52726.4
4995,92.57,24.5,73728,31303.4,41393.8,70.78,68.94,797900.8,212221.6,416922.2,73.18,16.42,96665.6,1328.6,26130.8,77.77,33.48,2457.6,111738,49140
4996,94.17,24.5,2868838.4,32642.8,35777.6,71.15,68.94,52428.8,217156.6,444712.6,72.87,16.43,47513.6,2063.2,29611.2,77.6,33.57,18841.6,142314.8,50391.2
4997,90.93,24.26,211353.6,32697.4,39208,71.27,68.99,20480,221561,433790,75.22,16.76,80281.6,5404,26696.4,78.03,33.39,13926.4,142008.2,50140.2
4998,81.97,24.14,0,34379.6,39698.6,77.63,68.88,63078.4,221924.4,438730.8,74.32,16.56,57344,2140.8,29294,78.07,33.48,40960,126221.6,51243.6
4999,76.78,23.41,77004.8,31572.6,40207.6,74.08,68.91,45056,217920.4,418084.4,73.02,16.99,37683.2,15202.6,30495.4,77.42,33.44,0,140410.4,49615.2
5000,75.85,23.49,0,33565.6,38046.8,71.08,68.92,18841.6,218259,442184,73.37,16.47,63897.6,558316.6,39226.8,77.88,33.46,31129.6,140422,50698.6
